date,season,neutral,playoff,team1,team2,elo1,elo2,elo_prob1,score1,score2,result1
2002-09-05,2002,0,0,NYG,SF,1485.669,1561.242,0.4847889251429989,13,16,0.0
2002-09-08,2002,0,0,CLE,KC,1446.242,1475.1,0.5518257147851052,39,40,0.0
2002-09-08,2002,0,0,CHI,MIN,1565.787,1452.964,0.735679362427755,27,23,1.0
2002-09-08,2002,0,0,CAR,BAL,1370.952,1572.94,0.3124765918694971,10,7,1.0
2002-09-08,2002,0,0,CIN,LAC,1417.743,1407.844,0.6061490326943157,6,34,0.0
2002-09-08,2002,0,0,DEN,LAR,1500.059,1653.843,0.3749399636082739,23,16,1.0
2002-09-08,2002,0,0,BUF,NYJ,1413.251,1535.438,0.4184365452671515,31,37,0.0
2002-09-08,2002,0,0,WSH,ARI,1518.146,1428.844,0.7085255383994514,31,23,1.0
2002-09-08,2002,0,0,TB,NO,1547.2,1450.99,0.7166692222086062,20,26,0.0
2002-09-08,2002,0,0,OAK,SEA,1568.113,1494.824,0.6891300772749929,31,17,1.0
2002-09-08,2002,0,0,TEN,PHI,1516.957,1613.455,0.4547945139077043,27,24,1.0
2002-09-08,2002,0,0,MIA,DET,1535.889,1402.016,0.7585607525240524,49,21,1.0
2002-09-08,2002,0,0,JAX,IND,1484.758,1492.006,0.5823547075784868,25,28,0.0
2002-09-08,2002,0,0,HOU,DAL,1300.0,1425.973,0.4131426596824684,19,10,1.0
2002-09-08,2002,0,0,GB,ATL,1594.187,1424.722,0.7940787845072818,37,34,1.0
2002-09-09,2002,0,0,NE,PIT,1609.259,1603.837,0.5999799623380547,30,14,1.0
2002-09-15,2002,0,0,LAC,HOU,1450.104,1327.796,0.7461591693344519,24,3,1.0
2002-09-15,2002,0,0,SF,DEN,1574.619,1527.148,0.6564322402832615,14,24,0.0
2002-09-15,2002,0,0,SEA,ARI,1478.982,1416.875,0.6751752999721609,13,24,0.0
2002-09-15,2002,0,0,BAL,TB,1552.612,1517.103,0.6407397501742732,0,25,0.0
2002-09-15,2002,0,0,PIT,OAK,1581.873,1583.954,0.5895706803523153,17,30,0.0
2002-09-15,2002,0,0,NYJ,NE,1551.311,1631.223,0.4785530747462087,7,44,0.0
2002-09-15,2002,0,0,NO,GB,1481.087,1599.347,0.4239474927791967,35,20,1.0
2002-09-15,2002,0,0,MIN,BUF,1445.092,1397.379,0.6567463480448912,39,45,0.0
2002-09-15,2002,0,0,KC,JAX,1482.878,1468.177,0.6127284761792714,16,23,0.0
2002-09-15,2002,0,0,DAL,TEN,1398.177,1532.293,0.4018257221923498,21,13,1.0
2002-09-15,2002,0,0,IND,MIA,1508.587,1550.801,0.5327447563845574,13,21,0.0
2002-09-15,2002,0,0,CLE,CIN,1438.464,1375.483,0.6762777253886736,20,7,1.0
2002-09-15,2002,0,0,CAR,DET,1391.28,1387.104,0.5982572930204301,31,7,1.0
2002-09-15,2002,0,0,ATL,CHI,1419.562,1573.659,0.3745177953907671,13,14,0.0
2002-09-15,2002,0,0,LAR,NYG,1626.754,1472.292,0.7795979267394042,21,26,0.0
2002-09-16,2002,0,0,WSH,PHI,1530.115,1598.119,0.4956770042119489,7,37,0.0
2002-09-22,2002,0,0,DET,GB,1362.03,1566.611,0.3092788660074929,31,37,0.0
2002-09-22,2002,0,0,DEN,BUF,1560.325,1424.319,0.7608023764855253,28,23,1.0
2002-09-22,2002,0,0,SF,WSH,1541.442,1496.119,0.6536382326318602,20,10,1.0
2002-09-22,2002,0,0,TEN,CLE,1505.154,1454.612,0.6604080646405691,28,31,0.0
2002-09-22,2002,0,0,NYG,SEA,1503.325,1443.37,0.6724525895253264,9,6,1.0
2002-09-22,2002,0,0,NE,KC,1665.804,1456.438,0.8291163605577784,41,38,1.0
2002-09-22,2002,0,0,MIN,CAR,1418.153,1416.355,0.594962855368545,14,21,0.0
2002-09-22,2002,0,0,ARI,LAC,1452.488,1464.566,0.5755772697541367,15,23,0.0
2002-09-22,2002,0,0,MIA,NYJ,1574.457,1516.729,0.6696227162561836,30,3,1.0
2002-09-22,2002,0,0,PHI,DAL,1632.116,1425.316,0.8270133724610325,44,13,1.0
2002-09-22,2002,0,0,ATL,CIN,1414.573,1359.336,0.6664427688733254,30,3,1.0
2002-09-22,2002,0,0,CHI,NO,1578.649,1513.823,0.678598501999392,23,29,0.0
2002-09-22,2002,0,0,HOU,IND,1313.335,1484.931,0.3512348038181341,3,23,0.0
2002-09-23,2002,0,0,TB,LAR,1560.854,1595.721,0.5432564681414461,26,14,1.0
2002-09-29,2002,0,0,OAK,TEN,1615.989,1485.829,0.7546246263997465,52,25,1.0
2002-09-29,2002,0,0,LAC,NE,1490.483,1670.016,0.3408957630358374,21,14,1.0
2002-09-29,2002,0,0,PIT,CLE,1549.839,1473.937,0.6923432429168166,16,13,1.0
2002-09-29,2002,0,0,SEA,MIN,1434.776,1392.634,0.6494810594071884,48,23,1.0
2002-09-29,2002,0,0,PHI,HOU,1642.788,1292.936,0.9159138219649098,35,17,1.0
2002-09-29,2002,0,0,KC,MIA,1452.225,1595.311,0.3894798544771794,48,30,1.0
2002-09-29,2002,0,0,JAX,NYJ,1494.617,1495.875,0.5907165750859004,28,3,1.0
2002-09-29,2002,0,0,GB,CAR,1577.93,1441.873,0.7608557986328104,17,14,1.0
2002-09-29,2002,0,0,DET,NO,1350.711,1541.889,0.3259986321945535,26,21,1.0
2002-09-29,2002,0,0,ARI,NYG,1426.571,1511.918,0.4707517428304342,21,7,1.0
2002-09-29,2002,0,0,CIN,TB,1338.258,1583.968,0.2611016857403435,7,35,0.0
2002-09-29,2002,0,0,BUF,CHI,1416.465,1550.583,0.4018229549278607,33,27,1.0
2002-09-29,2002,0,0,LAR,DAL,1572.607,1414.644,0.7830412613709778,10,13,0.0
2002-09-30,2002,0,0,BAL,DEN,1508.861,1568.179,0.5081763263860959,34,23,1.0
2002-10-06,2002,0,0,NO,PIT,1516.266,1557.855,0.533640239606631,32,29,1.0
2002-10-06,2002,0,0,MIA,NE,1558.035,1641.099,0.474027213353744,26,13,1.0
2002-10-06,2002,0,0,JAX,PHI,1520.536,1646.954,0.4125217171122773,28,25,1.0
2002-10-06,2002,0,0,SF,LAR,1557.259,1548.448,0.6046528544810236,37,13,1.0
2002-10-06,2002,0,0,TEN,WSH,1470.808,1480.301,0.5792082372910164,14,31,0.0
2002-10-06,2002,0,0,DAL,NYG,1438.803,1482.986,0.5299222733124913,17,21,0.0
2002-10-06,2002,0,0,NYJ,KC,1469.956,1489.501,0.565044316018003,25,29,0.0
2002-10-06,2002,0,0,IND,CIN,1505.329,1322.009,0.8068147984464672,28,21,1.0
2002-10-06,2002,0,0,CLE,BAL,1465.92,1533.241,0.4966598621865613,21,26,0.0
2002-10-06,2002,0,0,CAR,ARI,1435.798,1455.503,0.564817940639773,13,16,0.0
2002-10-06,2002,0,0,BUF,OAK,1440.5,1631.009,0.3268453699959157,31,49,0.0
2002-10-06,2002,0,0,ATL,TB,1435.65,1600.217,0.3605094382149126,6,20,0.0
2002-10-06,2002,0,0,DEN,LAC,1543.799,1519.399,0.6258907032256271,26,9,1.0
2002-10-07,2002,0,0,CHI,GB,1526.548,1584.005,0.5108535443939332,21,34,0.0
2002-10-13,2002,0,0,CIN,PIT,1314.789,1545.061,0.2786069537103693,7,34,0.0
2002-10-13,2002,0,0,LAC,KC,1498.618,1508.073,0.5792615503653056,35,34,1.0
2002-10-13,2002,0,0,WSH,NO,1514.65,1529.06,0.5722946481474187,27,43,0.0
2002-10-13,2002,0,0,LAR,OAK,1523.823,1649.218,0.4139495996827017,28,13,1.0
2002-10-13,2002,0,0,TB,CLE,1618.897,1448.141,0.7952913257733651,17,3,1.0
2002-10-13,2002,0,0,TEN,JAX,1436.459,1537.292,0.4486142348567579,23,14,1.0
2002-10-13,2002,0,0,NYG,ATL,1500.207,1416.97,0.7012632846468202,10,17,0.0
2002-10-13,2002,0,0,NE,GB,1613.108,1611.061,0.5953082221515692,10,28,0.0
2002-10-13,2002,0,0,MIN,DET,1370.854,1376.334,0.5848279434580064,31,24,1.0
2002-10-13,2002,0,0,HOU,BUF,1288.77,1422.291,0.402649260423109,24,31,0.0
2002-10-13,2002,0,0,DEN,MIA,1564.581,1586.027,0.5623529656971975,22,24,0.0
2002-10-13,2002,0,0,DAL,CAR,1421.582,1419.809,0.5949281747890229,14,13,1.0
2002-10-13,2002,0,0,IND,BAL,1512.549,1551.02,0.5381042752212074,22,20,1.0
2002-10-14,2002,0,0,SEA,SF,1456.556,1581.884,0.414043167681762,21,28,0.0
2002-10-20,2002,0,0,KC,DEN,1502.384,1551.976,0.5221593692112424,34,37,0.0
2002-10-20,2002,0,0,LAR,SEA,1557.238,1439.796,0.7408172531642032,37,20,1.0
2002-10-20,2002,0,0,OAK,LAC,1615.803,1504.307,0.7341912809125063,21,27,0.0
2002-10-20,2002,0,0,BAL,JAX,1540.992,1511.479,0.6327565014002235,17,10,1.0
2002-10-20,2002,0,0,PHI,TB,1630.198,1628.911,0.5942537964535182,20,10,1.0
2002-10-20,2002,0,0,NYJ,MIN,1451.384,1387.666,0.6772058270082526,20,7,1.0
2002-10-20,2002,0,0,NO,SF,1562.252,1598.644,0.5410774291112432,35,27,1.0
2002-10-20,2002,0,0,MIA,BUF,1598.632,1438.531,0.785124838124269,10,23,0.0
2002-10-20,2002,0,0,GB,WSH,1647.22,1481.459,0.7905704051443736,30,9,1.0
2002-10-20,2002,0,0,DET,CHI,1359.522,1499.492,0.3937533995013165,23,20,1.0
2002-10-20,2002,0,0,ARI,DAL,1471.492,1427.032,0.6525126831448969,9,6,1.0
2002-10-20,2002,0,0,CLE,HOU,1438.127,1272.53,0.79041405536652,34,17,1.0
2002-10-20,2002,0,0,ATL,CAR,1448.242,1414.359,0.6385823218154134,30,0,1.0
2002-10-21,2002,0,0,PIT,IND,1562.331,1522.577,0.6463452152749902,28,10,1.0
2002-10-27,2002,0,0,BUF,DET,1484.694,1376.924,0.7299845256257373,24,17,1.0
2002-10-27,2002,0,0,DAL,SEA,1417.855,1425.961,0.5811529580238745,14,17,0.0
2002-10-27,2002,0,0,WSH,IND,1469.741,1502.697,0.5459847090080374,26,21,1.0
2002-10-27,2002,0,0,SF,ARI,1578.736,1480.67,0.718833623936615,38,28,1.0
2002-10-27,2002,0,0,BAL,PIT,1555.636,1582.211,0.5550736588170945,18,31,0.0
2002-10-27,2002,0,0,NYJ,CLE,1467.48,1449.093,0.6177512179393913,21,24,0.0
2002-10-27,2002,0,0,NE,DEN,1576.949,1566.555,0.6068290823042779,16,24,0.0
2002-10-27,2002,0,0,NO,ATL,1582.161,1471.996,0.7326933560088733,35,37,0.0
2002-10-27,2002,0,0,MIN,CHI,1371.57,1482.09,0.4348637267266266,25,7,1.0
2002-10-27,2002,0,0,KC,OAK,1487.804,1584.737,0.4541736863252778,20,10,1.0
2002-10-27,2002,0,0,JAX,HOU,1496.835,1261.564,0.8492203022892948,19,21,0.0
2002-10-27,2002,0,0,CIN,TEN,1297.519,1462.272,0.3602626328930842,24,30,0.0
2002-10-27,2002,0,0,CAR,TB,1390.604,1610.022,0.2913365790781254,9,12,0.0
2002-10-28,2002,0,0,PHI,NYG,1649.087,1468.935,0.8039564624789073,17,3,1.0
2002-11-03,2002,0,0,DET,DAL,1366.512,1401.314,0.5433493090392326,9,7,1.0
2002-11-03,2002,0,0,IND,TEN,1486.661,1475.684,0.6076294986362696,15,23,0.0
2002-11-03,2002,0,0,TB,MIN,1617.57,1405.554,0.8312668346799994,38,24,1.0
2002-11-03,2002,0,0,SEA,WSH,1442.502,1485.777,0.5312241039460003,3,14,0.0
2002-11-03,2002,0,0,LAC,NYJ,1535.372,1449.678,0.7042178175737012,13,44,0.0
2002-11-03,2002,0,0,CLE,PIT,1466.896,1612.029,0.3866815929549554,20,23,0.0
2002-11-03,2002,0,0,HOU,CIN,1283.173,1284.106,0.5911688146405578,3,38,0.0
2002-11-03,2002,0,0,ARI,LAR,1468.116,1571.073,0.4455917743831665,14,27,0.0
2002-11-03,2002,0,0,CHI,PHI,1448.107,1658.641,0.3020065427429011,13,19,0.0
2002-11-03,2002,0,0,BUF,NE,1495.106,1549.336,0.5154943133437926,7,38,0.0
2002-11-03,2002,0,0,ATL,BAL,1489.488,1525.818,0.5411660507651851,20,17,1.0
2002-11-03,2002,0,0,OAK,SF,1558.175,1591.29,0.5457578155205676,20,23,0.0
2002-11-03,2002,0,0,NYG,JAX,1459.381,1475.227,0.5702700835076429,24,17,1.0
2002-11-04,2002,0,0,GB,MIA,1658.938,1552.469,0.728505819275068,24,10,1.0
2002-11-10,2002,0,0,SF,KC,1606.644,1514.366,0.7120507516420237,17,13,1.0
2002-11-10,2002,0,0,LAR,LAC,1594.193,1482.97,0.7338844800577738,28,24,1.0
2002-11-10,2002,0,0,PHI,IND,1669.665,1459.004,0.8301699592434078,13,35,0.0
2002-11-10,2002,0,0,BAL,CIN,1513.26,1327.746,0.8087756948674172,38,27,1.0
2002-11-10,2002,0,0,PIT,ATL,1622.373,1502.046,0.7439932153218911,34,34,0.5
2002-11-10,2002,0,0,TEN,HOU,1503.342,1239.533,0.8690718102850075,17,10,1.0
2002-11-10,2002,0,0,NYJ,MIA,1502.08,1538.828,0.5405685191643246,13,10,1.0
2002-11-10,2002,0,0,MIN,NYG,1397.437,1476.863,0.4792512395707183,20,27,0.0
2002-11-10,2002,0,0,JAX,WSH,1457.745,1512.441,0.5148243019897157,26,7,1.0
2002-11-10,2002,0,0,GB,DET,1672.579,1376.41,0.8888507939858185,40,14,1.0
2002-11-10,2002,0,0,ARI,SEA,1444.996,1415.837,0.6322828410337201,6,27,0.0
2002-11-10,2002,0,0,CHI,NE,1437.082,1585.243,0.382556030956156,30,33,0.0
2002-11-10,2002,0,0,CAR,NO,1383.056,1564.669,0.3382106473249737,24,34,0.0
2002-11-11,2002,0,0,DEN,OAK,1594.168,1542.821,0.6614465439209527,10,34,0.0
2002-11-17,2002,0,0,DET,NYJ,1370.116,1514.656,0.3874914670243901,14,31,0.0
2002-11-17,2002,0,0,IND,DAL,1518.521,1391.416,0.7513537308238863,20,3,1.0
2002-11-17,2002,0,0,CIN,CLE,1319.215,1456.551,0.3973786411848034,20,27,0.0
2002-11-17,2002,0,0,ATL,NO,1509.487,1580.072,0.4919632311399007,24,17,1.0
2002-11-17,2002,0,0,KC,BUF,1505.716,1459.199,0.6551926489334536,17,16,1.0
2002-11-17,2002,0,0,MIA,BAL,1526.251,1521.792,0.5986487720729198,26,7,1.0
2002-11-17,2002,0,0,MIN,GB,1377.635,1678.873,0.2042573285693767,31,21,1.0
2002-11-17,2002,0,0,NYG,WSH,1496.664,1483.507,0.6106173260881806,19,17,1.0
2002-11-17,2002,0,0,TEN,PIT,1508.079,1614.932,0.4400583537879751,31,23,1.0
2002-11-17,2002,0,0,PHI,ARI,1610.147,1404.16,0.8263428154976116,38,14,1.0
2002-11-17,2002,0,0,OAK,NE,1587.781,1595.464,0.5817455502429721,27,20,1.0
2002-11-17,2002,0,0,SEA,DEN,1456.674,1549.208,0.4604581342373103,9,31,0.0
2002-11-17,2002,0,0,TB,CAR,1625.686,1367.653,0.8652418561761763,23,10,1.0
2002-11-17,2002,0,0,LAC,SF,1475.04,1615.294,0.3933632130861306,20,17,1.0
2002-11-17,2002,0,0,HOU,JAX,1234.795,1486.679,0.2543033983678651,21,24,0.0
2002-11-18,2002,0,0,LAR,CHI,1602.124,1426.862,0.7994818796646688,21,16,1.0
2002-11-24,2002,0,0,DAL,JAX,1378.197,1493.178,0.4285636674345753,21,19,1.0
2002-11-24,2002,0,0,WSH,LAR,1475.245,1608.602,0.4028763492361135,20,17,1.0
2002-11-24,2002,0,0,MIA,LAC,1549.562,1492.455,0.6688313990475191,30,3,1.0
2002-11-24,2002,0,0,TB,GB,1631.888,1636.12,0.5865711950242203,21,7,1.0
2002-11-24,2002,0,0,SEA,KC,1428.155,1510.266,0.4753951813675552,39,32,1.0
2002-11-24,2002,0,0,BAL,TEN,1498.481,1533.162,0.5435221279149166,13,12,1.0
2002-11-24,2002,0,0,PIT,CIN,1589.848,1303.214,0.8833113036072029,29,21,1.0
2002-11-24,2002,0,0,NYJ,BUF,1536.275,1454.649,0.6993168977693414,31,13,1.0
2002-11-24,2002,0,0,NE,MIN,1578.511,1420.388,0.7831976928826456,24,17,1.0
2002-11-24,2002,0,0,NO,CLE,1558.89,1472.552,0.7049894161533926,15,24,0.0
2002-11-24,2002,0,0,HOU,NYG,1228.297,1504.927,0.228246289527123,16,14,1.0
2002-11-24,2002,0,0,DEN,IND,1577.726,1531.741,0.6545004690432946,20,23,0.0
2002-11-24,2002,0,0,ARI,OAK,1394.207,1604.734,0.3020150369902964,20,41,0.0
2002-11-24,2002,0,0,CHI,DET,1420.384,1348.498,0.6873972519138942,20,17,1.0
2002-11-24,2002,0,0,CAR,ATL,1361.451,1530.67,0.3543590706240668,0,41,0.0
2002-11-25,2002,0,0,SF,PHI,1597.879,1620.101,0.5612532747306663,17,38,0.0
2002-11-28,2002,0,0,DAL,WSH,1391.044,1492.332,0.4479664407417055,27,20,1.0
2002-11-28,2002,0,0,DET,NE,1340.338,1586.697,0.2603815625425606,12,20,0.0
2002-12-01,2002,0,0,PHI,LAR,1655.486,1591.515,0.6775241078121039,10,3,1.0
2002-12-01,2002,0,0,JAX,PIT,1480.33,1594.27,0.4300318304491408,23,25,0.0
2002-12-01,2002,0,0,GB,CHI,1614.33,1428.543,0.8090186235246828,30,20,1.0
2002-12-01,2002,0,0,IND,HOU,1550.851,1247.059,0.8931126652203613,19,3,1.0
2002-12-01,2002,0,0,KC,ARI,1488.277,1376.694,0.7342890051864651,49,0,1.0
2002-12-01,2002,0,0,CIN,BAL,1298.793,1504.723,0.307622425946738,23,27,0.0
2002-12-01,2002,0,0,SF,SEA,1562.494,1450.144,0.7351495587163002,31,24,1.0
2002-12-01,2002,0,0,MIN,ATL,1412.202,1555.961,0.3885590460051371,24,30,0.0
2002-12-01,2002,0,0,NO,TB,1524.026,1653.678,0.4080175433356283,23,20,1.0
2002-12-01,2002,0,0,BUF,MIA,1438.049,1570.472,0.4041704390410924,38,21,1.0
2002-12-01,2002,0,0,CLE,CAR,1507.416,1336.16,0.795759512326434,6,13,0.0
2002-12-01,2002,0,0,NYG,TEN,1486.165,1526.92,0.534834833858673,29,32,0.0
2002-12-01,2002,0,0,LAC,DEN,1471.545,1558.616,0.4682799348680043,30,27,1.0
2002-12-02,2002,0,0,OAK,NYJ,1622.246,1552.875,0.6842778845417731,26,20,1.0
2002-12-08,2002,0,0,DAL,SF,1414.388,1572.687,0.3688689217847694,27,31,0.0
2002-12-08,2002,0,0,SEA,PHI,1439.951,1668.155,0.281005847974058,20,27,0.0
2002-12-08,2002,0,0,BAL,NO,1514.029,1540.936,0.5546016195809508,25,37,0.0
2002-12-08,2002,0,0,PIT,HOU,1603.513,1241.871,0.9209953861795022,6,24,0.0
2002-12-08,2002,0,0,TEN,IND,1541.914,1556.038,0.5726975825174583,27,17,1.0
2002-12-08,2002,0,0,NYJ,DEN,1541.295,1543.724,0.5890858531432541,19,13,1.0
2002-12-08,2002,0,0,NE,BUF,1597.268,1473.581,0.7476597620790906,27,17,1.0
2002-12-08,2002,0,0,GB,MIN,1622.552,1397.603,0.8414532044803483,26,22,1.0
2002-12-08,2002,0,0,ARI,DET,1357.45,1329.767,0.6303051742035541,23,20,1.0
2002-12-08,2002,0,0,CAR,CIN,1373.236,1289.487,0.7018803590142034,52,31,1.0
2002-12-08,2002,0,0,LAC,OAK,1486.437,1633.826,0.3836062783548958,7,27,0.0
2002-12-08,2002,0,0,KC,LAR,1507.522,1578.847,0.4908985987297107,49,10,1.0
2002-12-08,2002,0,0,WSH,NYG,1468.988,1471.171,0.5894285938075836,21,27,0.0
2002-12-08,2002,0,0,JAX,CLE,1471.087,1470.34,0.5935040700626896,20,21,0.0
2002-12-08,2002,0,0,TB,ATL,1636.768,1570.56,0.6803311311883082,34,10,1.0
2002-12-09,2002,0,0,MIA,CHI,1534.94,1420.322,0.7376837403784322,27,9,1.0
2002-12-15,2002,0,0,DET,TB,1319.932,1656.189,0.1734342628981919,20,23,0.0
2002-12-15,2002,0,0,PHI,WSH,1679.035,1445.375,0.8480290050949251,34,21,1.0
2002-12-15,2002,0,0,LAR,ARI,1541.178,1367.285,0.7982155542284436,30,28,1.0
2002-12-15,2002,0,0,NO,MIN,1569.888,1393.093,0.8008928277700891,31,32,0.0
2002-12-15,2002,0,0,PIT,CAR,1536.228,1390.499,0.7708388085870046,30,14,1.0
2002-12-15,2002,0,0,SF,GB,1584.077,1627.061,0.5316412315349185,14,20,0.0
2002-12-15,2002,0,0,NYG,DAL,1494.784,1402.997,0.7114708902831336,37,7,1.0
2002-12-15,2002,0,0,MIA,OAK,1549.221,1656.341,0.4396796672176963,23,17,1.0
2002-12-15,2002,0,0,HOU,BAL,1309.156,1485.077,0.3455828449232337,19,23,0.0
2002-12-15,2002,0,0,BUF,LAC,1462.435,1463.922,0.5903978278926846,20,13,1.0
2002-12-15,2002,0,0,DEN,KC,1528.174,1545.19,0.5686187998480681,31,24,1.0
2002-12-15,2002,0,0,ATL,SEA,1551.139,1429.071,0.7458974067613103,24,30,0.0
2002-12-15,2002,0,0,CHI,NYJ,1406.04,1556.845,0.3789674249983468,20,13,1.0
2002-12-15,2002,0,0,CIN,JAX,1272.224,1462.606,0.3270062386963995,15,29,0.0
2002-12-15,2002,0,0,CLE,IND,1478.821,1536.009,0.5112404775212974,23,28,0.0
2002-12-16,2002,0,0,TEN,NE,1561.943,1608.414,0.5266401229447529,24,7,1.0
2002-12-21,2002,0,0,MIN,MIA,1405.567,1571.453,0.3587608422968256,20,17,1.0
2002-12-21,2002,0,0,DAL,PHI,1384.5,1686.097,0.2039216412479645,3,27,0.0
2002-12-21,2002,0,0,ARI,SF,1363.286,1563.178,0.3150745396029012,14,17,0.0
2002-12-22,2002,0,0,BAL,CLE,1495.667,1460.435,0.6403726169547995,13,14,0.0
2002-12-22,2002,0,0,NE,NYJ,1581.279,1529.969,0.6613988465592944,17,30,0.0
2002-12-22,2002,0,0,JAX,TEN,1479.362,1589.079,0.4360000649532037,10,28,0.0
2002-12-22,2002,0,0,GB,BUF,1647.961,1478.992,0.7936115159311926,10,0,1.0
2002-12-22,2002,0,0,IND,NYG,1554.395,1513.282,0.6481313741862712,27,44,0.0
2002-12-22,2002,0,0,CIN,NO,1255.468,1557.414,0.2035956980948625,20,13,1.0
2002-12-22,2002,0,0,CAR,CHI,1378.649,1432.916,0.51544111702126,24,14,1.0
2002-12-22,2002,0,0,ATL,DET,1519.412,1315.651,0.8244963218976074,36,15,1.0
2002-12-22,2002,0,0,SEA,LAR,1460.798,1545.177,0.4721402626730561,30,10,1.0
2002-12-22,2002,0,0,KC,LAC,1527.632,1447.365,0.6976693664163852,24,22,1.0
2002-12-22,2002,0,0,WSH,HOU,1438.312,1298.566,0.764698275204678,26,10,1.0
2002-12-22,2002,0,0,OAK,DEN,1634.109,1545.732,0.7074246712720742,28,16,1.0
2002-12-23,2002,0,0,TB,PIT,1660.47,1548.078,0.7351966300710058,7,17,0.0
2002-12-28,2002,0,0,NYG,PHI,1552.648,1697.95,0.3864509001809094,10,7,1.0
2002-12-28,2002,0,0,OAK,KC,1648.139,1533.864,0.7373014890881249,24,0,1.0
2002-12-29,2002,0,0,WSH,DAL,1450.51,1372.646,0.6947437090854592,20,14,1.0
2002-12-29,2002,0,0,LAC,SEA,1441.134,1493.225,0.51856900030093,28,31,0.0
2002-12-29,2002,0,0,CLE,ATL,1469.736,1529.081,0.5081374806038517,24,16,1.0
2002-12-29,2002,0,0,PIT,BAL,1586.429,1486.366,0.721151176555182,34,31,1.0
2002-12-29,2002,0,0,NYJ,GB,1566.827,1656.907,0.4639695397423232,42,17,1.0
2002-12-29,2002,0,0,NE,MIA,1544.421,1552.82,0.580742348925154,27,24,1.0
2002-12-29,2002,0,0,NO,CAR,1520.295,1401.774,0.7420080668168734,6,10,0.0
2002-12-29,2002,0,0,HOU,TEN,1286.368,1614.243,0.1804605797273804,3,13,0.0
2002-12-29,2002,0,0,DET,MIN,1305.982,1424.2,0.4240065383212144,36,38,0.0
2002-12-29,2002,0,0,DEN,ARI,1531.701,1355.055,0.8007560185569381,37,7,1.0
2002-12-29,2002,0,0,IND,JAX,1515.029,1454.198,0.6735623192466388,20,13,1.0
2002-12-29,2002,0,0,CHI,TB,1409.791,1622.119,0.2998340672118278,0,15,0.0
2002-12-29,2002,0,0,BUF,CIN,1470.046,1292.588,0.8015007269596564,27,9,1.0
2002-12-30,2002,0,0,LAR,SF,1512.75,1571.409,0.5091244194724752,31,20,1.0
2003-01-04,2002,0,1,NYJ,IND,1602.158,1527.871,0.6903594776254376,41,0,1.0
2003-01-04,2002,0,1,GB,ATL,1621.576,1507.522,0.7370550090438149,7,27,0.0
2003-01-05,2002,0,1,SF,NYG,1547.083,1570.303,0.5598380980176805,39,38,1.0
2003-01-05,2002,0,1,PIT,CLE,1593.621,1491.296,0.7237620661024141,36,33,1.0
2003-01-11,2002,0,1,PHI,ATL,1680.295,1556.378,0.7479094695898468,20,6,1.0
2003-01-11,2002,0,1,TEN,PIT,1621.973,1600.738,0.621614959896609,34,31,1.0
2003-01-12,2002,0,1,OAK,NYJ,1663.777,1623.927,0.6464715247337869,30,10,1.0
2003-01-12,2002,0,1,TB,SF,1637.702,1553.071,0.7029416442228519,31,6,1.0
2003-01-19,2002,0,1,PHI,TB,1692.868,1655.826,0.6427685856118421,10,27,0.0
2003-01-19,2002,0,1,OAK,TEN,1684.324,1632.069,0.6626160331654299,41,24,1.0
2003-01-26,2002,1,1,TB,OAK,1694.79,1702.841,0.4884157530302697,48,21,1.0
2003-09-04,2003,0,0,WSH,NYJ,1476.111,1570.586,0.4576835355217683,16,13,1.0
2003-09-07,2003,0,0,KC,LAC,1513.818,1452.781,0.673823001555435,27,14,1.0
2003-09-07,2003,0,0,NYG,LAR,1544.543,1526.384,0.6174412496075703,23,13,1.0
2003-09-07,2003,0,0,SF,CHI,1524.965,1431.139,0.7138743568412362,49,7,1.0
2003-09-07,2003,0,0,SEA,NO,1506.792,1497.824,0.6048688769676082,27,10,1.0
2003-09-07,2003,0,0,PIT,BAL,1562.095,1487.783,0.6903902397899869,34,15,1.0
2003-09-07,2003,0,0,TEN,OAK,1577.368,1614.081,0.5406185562136031,25,20,1.0
2003-09-07,2003,0,0,MIA,HOU,1529.325,1354.092,0.7994551164882454,20,21,0.0
2003-09-07,2003,0,0,GB,MIN,1550.146,1457.198,0.7128408875897634,25,30,0.0
2003-09-07,2003,0,0,DET,ARI,1366.257,1396.817,0.5494014434811658,42,24,1.0
2003-09-07,2003,0,0,DAL,ATL,1409.327,1530.869,0.4193403469996137,13,27,0.0
2003-09-07,2003,0,0,CLE,IND,1491.119,1505.735,0.5720043632313626,6,9,0.0
2003-09-07,2003,0,0,CIN,DEN,1356.372,1531.021,0.3472406712861084,10,30,0.0
2003-09-07,2003,0,0,CAR,JAX,1453.555,1462.571,0.5798773223273685,24,23,1.0
2003-09-07,2003,0,0,BUF,NE,1488.717,1538.836,0.5214023945792171,31,0,1.0
2003-09-08,2003,0,0,PHI,TB,1604.269,1654.34,0.5214713451564708,0,17,0.0
2003-09-14,2003,0,0,LAR,SF,1508.705,1545.039,0.5411603333176472,27,24,1.0
2003-09-14,2003,0,0,LAC,DEN,1436.498,1551.16,0.4290134332382133,13,37,0.0
2003-09-14,2003,0,0,NYJ,MIA,1555.346,1516.884,0.6446433184196558,10,21,0.0
2003-09-14,2003,0,0,NO,HOU,1475.726,1366.533,0.7315960730162531,31,10,1.0
2003-09-14,2003,0,0,MIN,CHI,1484.719,1411.064,0.6895812507022405,24,13,1.0
2003-09-14,2003,0,0,KC,PIT,1530.101,1579.541,0.522377680899027,41,20,1.0
2003-09-14,2003,0,0,JAX,BUF,1456.891,1521.668,0.5003209227532666,17,38,0.0
2003-09-14,2003,0,0,GB,DET,1522.626,1392.383,0.7547130855774177,31,6,1.0
2003-09-14,2003,0,0,ARI,SEA,1370.691,1528.89,0.3690029450214267,0,38,0.0
2003-09-14,2003,0,0,IND,TEN,1521.966,1593.621,0.4904238562620522,33,7,1.0
2003-09-14,2003,0,0,ATL,WSH,1553.012,1491.351,0.6746119850264963,31,33,0.0
2003-09-14,2003,0,0,PHI,NE,1573.919,1505.885,0.6826127901731311,10,31,0.0
2003-09-14,2003,0,0,OAK,CIN,1597.828,1336.232,0.86761545699376,23,20,1.0
2003-09-14,2003,0,0,BAL,CLE,1470.337,1474.888,0.5861258088118958,33,13,1.0
2003-09-14,2003,0,0,TB,CAR,1684.691,1459.234,0.8418429428002194,9,12,0.0
2003-09-15,2003,0,0,NYG,DAL,1562.222,1387.184,0.7992750877056432,32,35,0.0
2003-09-21,2003,0,0,CIN,PIT,1333.036,1550.221,0.2939975485114217,10,17,0.0
2003-09-21,2003,0,0,NE,NYJ,1550.8,1521.727,0.6321677324067676,23,16,1.0
2003-09-21,2003,0,0,ATL,TB,1537.284,1657.799,0.4207805387503001,10,31,0.0
2003-09-21,2003,0,0,IND,JAX,1555.658,1425.958,0.7541339805383703,23,13,1.0
2003-09-21,2003,0,0,MIA,BUF,1550.502,1552.601,0.5895456073414889,17,7,1.0
2003-09-21,2003,0,0,HOU,KC,1351.157,1559.42,0.3047694092333215,14,42,0.0
2003-09-21,2003,0,0,WSH,NYG,1507.079,1537.347,0.5498175284022951,21,24,0.0
2003-09-21,2003,0,0,DET,MIN,1377.703,1499.231,0.4193599704267175,13,23,0.0
2003-09-21,2003,0,0,LAC,BAL,1409.489,1494.864,0.4707115856646544,10,24,0.0
2003-09-21,2003,0,0,SEA,LAR,1554.829,1521.263,0.6381610610984212,24,23,1.0
2003-09-21,2003,0,0,ARI,GB,1344.752,1537.306,0.3242606302143874,20,13,1.0
2003-09-21,2003,0,0,TEN,NO,1559.93,1491.101,0.6836034467342428,27,12,1.0
2003-09-21,2003,0,0,SF,CLE,1532.481,1450.361,0.6999145097725569,12,13,0.0
2003-09-22,2003,0,0,DEN,OAK,1578.17,1601.024,0.5603572048836153,31,10,1.0
2003-09-28,2003,0,0,CLE,CIN,1460.759,1321.6,0.76408972386221,14,21,0.0
2003-09-28,2003,0,0,HOU,JAX,1331.887,1415.125,0.4737774894238425,24,20,1.0
2003-09-28,2003,0,0,MIN,SF,1518.839,1522.083,0.5879497343438609,35,7,1.0
2003-09-28,2003,0,0,NO,IND,1474.563,1566.49,0.461326333183334,21,55,0.0
2003-09-28,2003,0,0,NYJ,DAL,1507.057,1412.059,0.7152504062489954,6,17,0.0
2003-09-28,2003,0,0,PIT,TEN,1561.657,1576.468,0.5717295332870544,13,30,0.0
2003-09-28,2003,0,0,BAL,KC,1520.125,1578.69,0.5092596506257921,10,17,0.0
2003-09-28,2003,0,0,WSH,NE,1491.591,1565.471,0.4872234346964796,20,17,1.0
2003-09-28,2003,0,0,LAR,ARI,1516.462,1374.585,0.766898368230958,37,13,1.0
2003-09-28,2003,0,0,OAK,LAC,1574.356,1384.228,0.8128497973214566,34,31,1.0
2003-09-28,2003,0,0,DEN,DET,1604.838,1358.095,0.8574826210001182,20,16,1.0
2003-09-28,2003,0,0,CAR,ATL,1486.126,1511.911,0.5561964836782008,23,3,1.0
2003-09-28,2003,0,0,BUF,PHI,1533.464,1529.003,0.5986515382621864,13,23,0.0
2003-09-29,2003,0,0,CHI,GB,1396.552,1507.473,0.434296520552265,23,38,0.0
2003-10-05,2003,0,0,GB,SEA,1531.064,1559.63,0.5522413855536745,35,13,1.0
2003-10-05,2003,0,0,CAR,NO,1512.676,1442.156,0.6857050773119081,19,13,1.0
2003-10-05,2003,0,0,BUF,CIN,1503.818,1356.629,0.7723200410014989,22,16,1.0
2003-10-05,2003,0,0,KC,DEN,1599.932,1608.856,0.5800063364914476,24,23,1.0
2003-10-05,2003,0,0,ATL,MIN,1485.361,1545.831,0.5065188246496101,26,39,0.0
2003-10-05,2003,0,0,NE,TEN,1551.196,1610.29,0.508498598654205,38,30,1.0
2003-10-05,2003,0,0,NYG,MIA,1552.836,1569.639,0.5689195328830372,10,23,0.0
2003-10-05,2003,0,0,JAX,LAC,1398.045,1379.579,0.617858596912546,27,21,1.0
2003-10-05,2003,0,0,PHI,WSH,1558.649,1505.865,0.6632964615275251,27,25,1.0
2003-10-05,2003,0,0,SF,DET,1495.091,1354.077,0.7660091160449908,24,17,1.0
2003-10-05,2003,0,0,DAL,ARI,1450.394,1360.869,0.708790571599842,24,7,1.0
2003-10-05,2003,0,0,CHI,OAK,1372.962,1579.005,0.3074838969248687,24,21,1.0
2003-10-05,2003,0,0,PIT,CLE,1527.835,1425.731,0.7235076464278495,13,33,0.0
2003-10-06,2003,0,0,TB,IND,1683.172,1598.897,0.7025135422347359,35,38,0.0
2003-10-12,2003,0,0,GB,KC,1558.685,1605.61,0.5259885741773023,34,40,0.0
2003-10-12,2003,0,0,NO,CHI,1430.634,1393.478,0.6429192546903624,20,13,1.0
2003-10-12,2003,0,0,WSH,TB,1498.843,1662.276,0.3620157456594198,13,35,0.0
2003-10-12,2003,0,0,SEA,SF,1532.008,1503.989,0.6307557622242485,20,19,1.0
2003-10-12,2003,0,0,TEN,HOU,1588.749,1348.967,0.8525152383792307,38,17,1.0
2003-10-12,2003,0,0,NYJ,BUF,1468.722,1511.899,0.5313645848059135,30,3,1.0
2003-10-12,2003,0,0,NE,NYG,1572.737,1522.135,0.6604855202042766,17,6,1.0
2003-10-12,2003,0,0,CLE,OAK,1473.407,1558.489,0.4711318203976327,13,7,1.0
2003-10-12,2003,0,0,IND,CAR,1619.793,1524.198,0.7159498127829291,20,23,0.0
2003-10-12,2003,0,0,ARI,BAL,1345.139,1498.883,0.3749939285433317,18,26,0.0
2003-10-12,2003,0,0,DAL,PHI,1466.123,1565.671,0.4504446540123235,23,21,1.0
2003-10-12,2003,0,0,DEN,PIT,1603.178,1480.159,0.74693359604795,17,14,1.0
2003-10-12,2003,0,0,JAX,MIA,1412.374,1600.34,0.3300742632307666,10,24,0.0
2003-10-13,2003,0,0,LAR,ATL,1530.179,1458.571,0.6870532734566366,36,0,1.0
2003-10-19,2003,0,0,CAR,TEN,1545.611,1596.757,0.5199269483976862,17,37,0.0
2003-10-19,2003,0,0,CIN,BAL,1348.547,1514.723,0.3583768908768631,34,26,1.0
2003-10-19,2003,0,0,SEA,CHI,1536.92,1379.286,0.782719342731329,24,17,1.0
2003-10-19,2003,0,0,CLE,LAC,1494.179,1365.25,0.7533101336577319,20,26,0.0
2003-10-19,2003,0,0,BUF,WSH,1480.974,1477.113,0.5978214003967807,24,7,1.0
2003-10-19,2003,0,0,MIN,DEN,1572.621,1609.642,0.5401782021846274,28,20,1.0
2003-10-19,2003,0,0,DET,DAL,1345.179,1478.39,0.4030785487118086,7,38,0.0
2003-10-19,2003,0,0,SF,TB,1499.078,1684.006,0.3339527578928447,24,7,1.0
2003-10-19,2003,0,0,HOU,NYJ,1340.959,1499.647,0.368347763983008,14,19,0.0
2003-10-19,2003,0,0,LAR,GB,1551.458,1538.045,0.6109676506125264,34,24,1.0
2003-10-19,2003,0,0,MIA,NE,1617.271,1588.768,0.6314044228637161,13,19,0.0
2003-10-19,2003,0,0,NYG,PHI,1506.104,1553.403,0.5254517691773251,10,14,0.0
2003-10-19,2003,0,0,ATL,NO,1437.292,1444.825,0.5819556327619129,17,45,0.0
2003-10-20,2003,0,0,OAK,KC,1537.717,1626.25,0.4661849871720245,10,17,0.0
2003-10-26,2003,0,0,JAX,TEN,1395.443,1628.617,0.2752618953212192,17,30,0.0
2003-10-26,2003,0,0,PHI,NYJ,1570.454,1512.308,0.6701548182748875,24,17,1.0
2003-10-26,2003,0,0,NE,CLE,1614.432,1462.027,0.7775566049722721,9,3,1.0
2003-10-26,2003,0,0,ARI,SF,1329.299,1539.8,0.3020465882386233,16,13,1.0
2003-10-26,2003,0,0,IND,HOU,1598.379,1328.298,0.8731255437679826,30,21,1.0
2003-10-26,2003,0,0,CIN,SEA,1378.102,1545.126,0.3572552068243301,27,24,1.0
2003-10-26,2003,0,0,PIT,LAR,1473.695,1569.473,0.4558223985658398,21,33,0.0
2003-10-26,2003,0,0,KC,BUF,1645.433,1503.517,0.7669384989931427,38,5,1.0
2003-10-26,2003,0,0,CHI,DET,1371.08,1318.08,0.6635740980412955,24,16,1.0
2003-10-26,2003,0,0,TB,DAL,1643.284,1505.489,0.7626714485910021,16,0,1.0
2003-10-26,2003,0,0,NO,CAR,1485.069,1513.752,0.5520748412728108,20,23,0.0
2003-10-26,2003,0,0,MIN,NYG,1592.574,1489.053,0.7251364110955921,17,29,0.0
2003-10-26,2003,0,0,BAL,DEN,1485.168,1589.689,0.4433687528970328,26,6,1.0
2003-10-27,2003,1,0,MIA,LAC,1591.607,1397.402,0.7536052648135398,26,10,1.0
2003-11-02,2003,0,0,BAL,JAX,1519.682,1381.946,0.7626099685812879,24,17,1.0
2003-11-02,2003,0,0,SF,LAR,1519.078,1592.534,0.4878332400317874,30,10,1.0
2003-11-02,2003,0,0,MIN,GB,1552.289,1520.03,0.6364219532597897,27,30,0.0
2003-11-02,2003,0,0,MIA,IND,1604.436,1603.45,0.5938359473776911,17,23,0.0
2003-11-02,2003,0,0,HOU,CAR,1323.228,1529.316,0.3074287401576132,14,10,1.0
2003-11-02,2003,0,0,DET,OAK,1304.048,1518.534,0.297232680222769,23,13,1.0
2003-11-02,2003,0,0,DAL,WSH,1493.176,1454.57,0.6448331856728237,21,14,1.0
2003-11-02,2003,0,0,ARI,CIN,1350.021,1396.789,0.526213899623816,17,14,1.0
2003-11-02,2003,0,0,ATL,PHI,1397.048,1583.445,0.3320744983812904,16,23,0.0
2003-11-02,2003,0,0,NYJ,NYG,1499.317,1529.338,0.5501694362716739,28,31,0.0
2003-11-02,2003,0,0,CHI,LAC,1385.111,1384.572,0.5932151700849433,20,7,1.0
2003-11-02,2003,0,0,SEA,PIT,1526.438,1450.635,0.6922218407596451,23,16,1.0
2003-11-02,2003,0,0,TB,NO,1655.597,1469.505,0.8092897484220957,14,17,0.0
2003-11-03,2003,0,0,DEN,NE,1555.176,1622.31,0.4969289657513546,26,30,0.0
2003-11-09,2003,0,0,PIT,ARI,1438.604,1363.049,0.6919176054660382,28,15,1.0
2003-11-09,2003,0,0,LAR,BAL,1561.227,1528.721,0.6367508890647301,33,22,1.0
2003-11-09,2003,0,0,DET,CHI,1340.209,1405.961,0.4989177866962612,12,10,1.0
2003-11-09,2003,0,0,DAL,BUF,1507.283,1488.493,0.6182988661226196,10,6,1.0
2003-11-09,2003,0,0,LAC,MIN,1363.723,1533.828,0.3531930650901224,42,28,1.0
2003-11-09,2003,0,0,CIN,HOU,1383.761,1347.049,0.6423322792024619,34,27,1.0
2003-11-09,2003,0,0,NYG,ATL,1544.838,1383.96,0.7858784494638753,7,27,0.0
2003-11-09,2003,0,0,TEN,MIA,1642.114,1580.611,0.674412303753536,31,7,1.0
2003-11-09,2003,0,0,OAK,NYJ,1482.374,1483.817,0.5904590777991656,24,27,0.0
2003-11-09,2003,0,0,WSH,SEA,1440.463,1538.469,0.4526429247058982,27,20,1.0
2003-11-09,2003,0,0,KC,CLE,1660.457,1454.149,0.8266078191174062,41,20,1.0
2003-11-09,2003,0,0,JAX,IND,1372.906,1627.275,0.2516002783763401,28,23,1.0
2003-11-09,2003,0,0,CAR,TB,1505.495,1630.268,0.4148184838443466,27,24,1.0
2003-11-10,2003,0,0,GB,PHI,1538.491,1596.533,0.5100120284506333,14,17,0.0
2003-11-16,2003,0,0,TEN,JAX,1661.934,1402.251,0.8663454897739716,10,3,1.0
2003-11-16,2003,0,0,CLE,ARI,1444.606,1347.765,0.7174062017396591,44,6,1.0
2003-11-16,2003,0,0,DEN,LAC,1539.196,1400.512,0.7635964887629867,37,8,1.0
2003-11-16,2003,0,0,TB,GB,1613.59,1524.306,0.7085041393933109,13,20,0.0
2003-11-16,2003,0,0,SEA,DET,1515.358,1351.222,0.789017422715814,35,14,1.0
2003-11-16,2003,0,0,OAK,MIN,1465.516,1497.038,0.5480301573671416,28,18,1.0
2003-11-16,2003,0,0,PHI,NYG,1610.719,1491.511,0.7427643965474875,28,10,1.0
2003-11-16,2003,0,0,NE,DAL,1638.29,1519.119,0.7427236995815637,12,0,1.0
2003-11-16,2003,0,0,NO,ATL,1494.834,1437.288,0.669390899626599,23,20,1.0
2003-11-16,2003,0,0,MIA,BAL,1560.79,1511.435,0.6588739750154738,9,6,1.0
2003-11-16,2003,0,0,IND,NYJ,1597.93,1500.675,0.7178891033229001,38,31,1.0
2003-11-16,2003,0,0,CIN,KC,1397.979,1669.999,0.2329545091552421,24,19,1.0
2003-11-16,2003,0,0,CAR,WSH,1522.173,1463.574,0.6707309824945022,20,17,1.0
2003-11-16,2003,0,0,CHI,LAR,1394.947,1578.514,0.3356976437017008,21,23,0.0
2003-11-16,2003,0,0,BUF,HOU,1476.657,1332.831,0.7688979888342106,10,12,0.0
2003-11-17,2003,0,0,SF,PIT,1550.385,1453.889,0.7170034012810401,30,14,1.0
2003-11-23,2003,0,0,ARI,LAR,1328.478,1585.513,0.248721556890887,27,30,0.0
2003-11-23,2003,0,0,BUF,IND,1457.991,1608.857,0.3788847863257782,14,17,0.0
2003-11-23,2003,0,0,BAL,SEA,1502.444,1527.171,0.5576993155143598,44,41,1.0
2003-11-23,2003,0,0,MIA,WSH,1569.781,1454.93,0.7379431992630406,24,23,1.0
2003-11-23,2003,0,0,PHI,NO,1624.697,1503.517,0.7449273388331656,33,20,1.0
2003-11-23,2003,0,0,NYJ,JAX,1489.748,1397.408,0.7121239230503691,13,10,1.0
2003-11-23,2003,0,0,MIN,DET,1475.688,1339.409,0.7610882467707294,24,14,1.0
2003-11-23,2003,0,0,KC,OAK,1639.657,1486.867,0.7779396948816876,27,24,1.0
2003-11-23,2003,0,0,HOU,NE,1351.497,1650.469,0.2063856554907221,20,23,0.0
2003-11-23,2003,0,0,GB,SF,1555.994,1565.324,0.5794369092714272,20,10,1.0
2003-11-23,2003,0,0,DEN,CHI,1553.914,1387.948,0.7907657217739466,10,19,0.0
2003-11-23,2003,0,0,DAL,CAR,1506.94,1530.817,0.5589059309759002,24,20,1.0
2003-11-23,2003,0,0,ATL,TEN,1428.605,1666.778,0.2695584585802455,31,38,0.0
2003-11-23,2003,0,0,CLE,PIT,1463.894,1438.95,0.6266236628741183,6,13,0.0
2003-11-23,2003,0,0,LAC,CIN,1385.794,1428.321,0.5322962187291801,27,34,0.0
2003-11-24,2003,0,0,TB,NYG,1581.902,1477.533,0.7261082864893463,19,13,1.0
2003-11-27,2003,0,0,DET,GB,1328.912,1575.666,0.2599439054157259,22,14,1.0
2003-11-27,2003,0,0,DAL,MIA,1520.878,1573.139,0.5183246836430979,21,40,0.0
2003-11-30,2003,0,0,SEA,CLE,1515.128,1436.722,0.6954049810034809,34,7,1.0
2003-11-30,2003,0,0,BAL,SF,1514.487,1545.652,0.548539130445585,44,6,1.0
2003-11-30,2003,0,0,OAK,DEN,1481.264,1513.227,0.5474012872972661,8,22,0.0
2003-11-30,2003,0,0,PIT,CIN,1466.121,1450.687,0.6137292504488405,20,24,0.0
2003-11-30,2003,0,0,NYG,BUF,1467.635,1447.881,0.6196076517314548,7,24,0.0
2003-11-30,2003,0,0,JAX,TB,1389.959,1591.799,0.3126596511512666,17,10,1.0
2003-11-30,2003,0,0,HOU,ATL,1346.325,1418.213,0.4900886696598411,17,13,1.0
2003-11-30,2003,0,0,LAR,MIN,1591.855,1486.185,0.7275951683330898,48,17,1.0
2003-11-30,2003,0,0,LAC,KC,1363.428,1645.259,0.2230154229131457,24,28,0.0
2003-11-30,2003,0,0,IND,NE,1618.967,1655.641,0.5406743108180447,34,38,0.0
2003-11-30,2003,0,0,WSH,NO,1451.572,1491.105,0.5365844612767522,20,24,0.0
2003-11-30,2003,0,0,CHI,ARI,1428.636,1322.135,0.7285422511015552,28,3,1.0
2003-11-30,2003,0,0,CAR,PHI,1516.879,1637.109,0.4211804427042781,16,25,0.0
2003-12-01,2003,0,0,NYJ,TEN,1497.197,1677.171,0.3403256061370084,24,17,1.0
2003-12-07,2003,0,0,DEN,KC,1543.326,1651.794,0.4377688772865065,45,27,1.0
2003-12-07,2003,0,0,SF,ARI,1513.074,1305.726,0.8274642028499208,50,14,1.0
2003-12-07,2003,0,0,BAL,CIN,1547.065,1471.192,0.6923076834242229,31,13,1.0
2003-12-07,2003,0,0,PIT,OAK,1445.616,1451.165,0.584731499362133,27,7,1.0
2003-12-07,2003,0,0,PHI,DAL,1656.03,1489.642,0.7911673663955635,36,10,1.0
2003-12-07,2003,0,0,TEN,IND,1648.223,1601.337,0.6556723650297231,27,29,0.0
2003-12-07,2003,0,0,NYG,WSH,1430.382,1434.098,0.5872913316201751,7,20,0.0
2003-12-07,2003,0,0,NE,MIA,1673.272,1604.375,0.6836881050025334,12,0,1.0
2003-12-07,2003,0,0,MIN,SEA,1468.663,1534.185,0.499248782178656,34,7,1.0
2003-12-07,2003,0,0,JAX,HOU,1420.44,1362.79,0.6695233763542565,27,0,1.0
2003-12-07,2003,0,0,GB,CHI,1540.216,1445.046,0.7154520165821541,34,21,1.0
2003-12-07,2003,0,0,DET,LAC,1364.362,1356.893,0.602804684044818,7,14,0.0
2003-12-07,2003,0,0,BUF,NYJ,1485.134,1526.145,0.5344681897177163,17,6,1.0
2003-12-07,2003,0,0,ATL,CAR,1401.748,1497.958,0.4552056220414074,20,14,1.0
2003-12-07,2003,0,0,NO,TB,1508.579,1561.318,0.5176376761069528,7,14,0.0
2003-12-08,2003,0,0,CLE,LAR,1417.665,1609.378,0.3253223109532295,20,26,0.0
2003-12-14,2003,0,0,WSH,DAL,1465.984,1477.186,0.5768086598904715,0,27,0.0
2003-12-14,2003,0,0,IND,ATL,1616.515,1423.255,0.8155770389988792,38,7,1.0
2003-12-14,2003,0,0,LAC,GB,1382.817,1554.215,0.3514945681827236,21,38,0.0
2003-12-14,2003,0,0,ARI,CAR,1294.638,1476.45,0.3379542961603277,17,20,0.0
2003-12-14,2003,0,0,OAK,BAL,1426.544,1564.094,0.3970836808907066,20,12,1.0
2003-12-14,2003,0,0,CHI,MIN,1431.046,1502.043,0.4913704802392962,13,10,1.0
2003-12-14,2003,0,0,TB,HOU,1582.966,1341.929,0.8534212676524551,16,3,1.0
2003-12-14,2003,0,0,TEN,BUF,1633.044,1508.021,0.7491079473916833,28,26,1.0
2003-12-14,2003,0,0,NYJ,PIT,1503.258,1470.237,0.6374363152589926,6,0,1.0
2003-12-14,2003,0,0,NE,JAX,1688.567,1441.302,0.8578494407944389,27,13,1.0
2003-12-14,2003,0,0,DEN,CLE,1577.103,1405.693,0.7959035533553098,23,20,1.0
2003-12-14,2003,0,0,CIN,SF,1454.163,1524.162,0.4928063571086838,41,38,1.0
2003-12-14,2003,0,0,LAR,SEA,1621.349,1500.805,0.7442310654988346,27,22,1.0
2003-12-14,2003,0,0,NO,NYG,1486.93,1398.496,0.7074925789523857,45,7,1.0
2003-12-14,2003,0,0,KC,DET,1618.017,1338.438,0.8790597418706273,45,17,1.0
2003-12-15,2003,0,0,MIA,PHI,1589.079,1668.486,0.4792785357444185,27,34,0.0
2003-12-20,2003,0,0,MIN,KC,1487.902,1625.059,0.3976254176028586,45,20,1.0
2003-12-20,2003,0,0,NYJ,NE,1516.767,1695.309,0.3421786790894637,16,21,0.0
2003-12-20,2003,0,0,TB,ATL,1589.758,1411.815,0.801944534400642,28,30,0.0
2003-12-21,2003,0,0,CLE,BAL,1400.584,1536.696,0.3990671311848083,0,35,0.0
2003-12-21,2003,0,0,BUF,MIA,1502.946,1569.276,0.4980859854907299,3,20,0.0
2003-12-21,2003,0,0,DAL,NYG,1516.591,1378.461,0.76302032203707,19,3,1.0
2003-12-21,2003,0,0,HOU,TEN,1335.137,1638.119,0.2026304268852944,24,27,0.0
2003-12-21,2003,0,0,CAR,DET,1485.348,1331.396,0.7790930695490642,20,14,1.0
2003-12-21,2003,0,0,CHI,WSH,1445.187,1426.58,0.6180502193811435,27,24,1.0
2003-12-21,2003,0,0,LAR,CIN,1629.802,1468.257,0.7865238366176861,27,10,1.0
2003-12-21,2003,0,0,PIT,LAC,1456.728,1363.436,0.7132460659085317,40,24,1.0
2003-12-21,2003,0,0,IND,DEN,1627.956,1582.213,0.6541853882718041,17,31,0.0
2003-12-21,2003,0,0,SEA,ARI,1492.353,1285.741,0.8268584935481279,28,10,1.0
2003-12-21,2003,0,0,JAX,NO,1434.56,1506.965,0.4893449616925066,20,19,1.0
2003-12-21,2003,0,0,PHI,SF,1688.289,1510.067,0.8021994993116628,28,31,0.0
2003-12-22,2003,0,0,OAK,GB,1453.942,1573.597,0.421987580820413,7,41,0.0
2003-12-27,2003,0,0,WSH,PHI,1416.377,1663.283,0.2597756177351059,7,31,0.0
2003-12-27,2003,0,0,SF,SEA,1535.074,1501.428,0.6382673930164198,17,24,0.0
2003-12-27,2003,0,0,NE,BUF,1706.969,1474.171,0.8473884092244085,31,0,1.0
2003-12-28,2003,0,0,DET,LAR,1323.577,1640.99,0.1895393664895414,30,20,1.0
2003-12-28,2003,0,0,LAC,OAK,1348.278,1424.663,0.4836215298484684,21,14,1.0
2003-12-28,2003,0,0,BAL,PIT,1564.401,1471.886,0.7123303954790939,13,10,1.0
2003-12-28,2003,0,0,TEN,TB,1643.188,1569.95,0.6890671802801797,33,13,1.0
2003-12-28,2003,0,0,NYG,CAR,1366.168,1493.167,0.411711422380916,24,37,0.0
2003-12-28,2003,0,0,NO,DAL,1499.862,1528.884,0.5515922240614154,13,7,1.0
2003-12-28,2003,0,0,MIA,NYJ,1598.052,1505.107,0.7128373525544793,23,21,1.0
2003-12-28,2003,0,0,KC,CHI,1584.476,1455.389,0.7534791146390192,31,3,1.0
2003-12-28,2003,0,0,HOU,IND,1330.067,1590.646,0.2449290346165755,17,20,0.0
2003-12-28,2003,0,0,GB,DEN,1602.876,1619.522,0.5691411674317165,31,3,1.0
2003-12-28,2003,0,0,ARI,MIN,1276.665,1528.485,0.2543732681368699,18,17,1.0
2003-12-28,2003,0,0,CIN,CLE,1457.069,1372.878,0.7024124775545911,14,22,0.0
2003-12-28,2003,0,0,ATL,JAX,1431.623,1441.663,0.578440605495934,21,14,1.0
2004-01-03,2003,0,1,BAL,TEN,1571.844,1661.002,0.4652897636583748,17,20,0.0
2004-01-03,2003,0,1,CAR,DAL,1514.302,1511.714,0.5960582717590506,29,10,1.0
2004-01-04,2003,0,1,GB,SEA,1631.268,1529.219,0.7234443068204246,33,27,1.0
2004-01-04,2003,0,1,IND,DEN,1596.883,1591.129,0.600438557180615,41,10,1.0
2004-01-10,2003,0,1,LAR,CAR,1597.085,1537.783,0.6716241022781576,23,29,0.0
2004-01-10,2003,0,1,NE,TEN,1716.286,1673.762,0.6499815018498415,17,14,1.0
2004-01-11,2003,0,1,KC,IND,1599.732,1623.715,0.5587554965974308,31,38,0.0
2004-01-11,2003,0,1,PHI,GB,1678.729,1641.272,0.6433169380472417,20,17,1.0
2004-01-18,2003,0,1,NE,IND,1725.539,1647.395,0.6950854260826357,24,14,1.0
2004-01-18,2003,0,1,PHI,CAR,1688.178,1565.486,0.7465776192234719,3,14,0.0
2004-02-01,2003,1,1,NE,CAR,1739.268,1606.051,0.682840975152279,32,29,1.0
2004-09-09,2004,0,0,NE,IND,1666.707,1590.777,0.692377574053262,27,24,1.0
2004-09-11,2004,0,0,MIA,TEN,1570.959,1611.34,0.5353704102600303,7,17,0.0
2004-09-12,2004,0,0,WSH,TB,1435.621,1536.424,0.4486569527085709,16,10,1.0
2004-09-12,2004,0,0,LAR,ARI,1547.921,1360.307,0.8106383088186127,17,10,1.0
2004-09-12,2004,0,0,CLE,BAL,1438.994,1541.056,0.4468648856382625,20,3,1.0
2004-09-12,2004,0,0,CHI,DET,1461.755,1413.322,0.657680071683323,16,20,0.0
2004-09-12,2004,0,0,BUF,JAX,1478.236,1451.372,0.6292059154804728,10,13,0.0
2004-09-12,2004,0,0,HOU,LAC,1384.221,1414.91,0.5492176030998062,20,27,0.0
2004-09-12,2004,0,0,DEN,KC,1544.531,1552.369,0.5815284338154467,34,24,1.0
2004-09-12,2004,0,0,MIN,DAL,1513.126,1493.822,0.6189969191458127,35,17,1.0
2004-09-12,2004,0,0,NYJ,CIN,1501.146,1450.971,0.6599341080840531,31,24,1.0
2004-09-12,2004,0,0,NO,SEA,1513.022,1514.477,0.5904423735574855,7,21,0.0
2004-09-12,2004,0,0,PHI,NYG,1600.076,1398.355,0.8227905777397869,31,17,1.0
2004-09-12,2004,0,0,PIT,OAK,1477.962,1437.051,0.6478661424914076,24,21,1.0
2004-09-12,2004,0,0,SF,ATL,1506.522,1467.485,0.6454011963178942,19,21,0.0
2004-09-13,2004,0,0,CAR,GB,1566.839,1589.548,0.5605628255281235,14,24,0.0
2004-09-19,2004,0,0,ATL,LAR,1482.37,1554.985,0.4890428885680287,34,17,1.0
2004-09-19,2004,0,0,TB,SEA,1514.612,1547.407,0.5462144370408509,6,10,0.0
2004-09-19,2004,0,0,OAK,BUF,1427.736,1460.03,0.546929178693817,13,10,1.0
2004-09-19,2004,0,0,TEN,IND,1637.306,1582.761,0.6655566693991973,17,31,0.0
2004-09-19,2004,0,0,NYG,WSH,1389.795,1457.433,0.4962036857804319,20,14,1.0
2004-09-19,2004,0,0,NO,SF,1480.092,1491.637,0.5763266187683411,30,27,1.0
2004-09-19,2004,0,0,KC,CAR,1532.808,1539.429,0.5832322919411449,17,28,0.0
2004-09-19,2004,0,0,JAX,DEN,1469.577,1564.092,0.457626383771603,7,6,1.0
2004-09-19,2004,0,0,GB,CHI,1616.959,1439.434,0.8015620809533618,10,21,0.0
2004-09-19,2004,0,0,DET,HOU,1435.643,1361.017,0.6907764689705245,28,16,1.0
2004-09-19,2004,0,0,DAL,CLE,1472.213,1471.517,0.5934332399887118,19,12,1.0
2004-09-19,2004,0,0,ARI,NE,1353.243,1674.722,0.1859700067840652,12,23,0.0
2004-09-19,2004,0,0,LAC,NYJ,1438.113,1514.586,0.48349502460988,28,34,0.0
2004-09-19,2004,0,0,BAL,PIT,1508.533,1487.277,0.6216433929841582,30,13,1.0
2004-09-19,2004,0,0,CIN,MIA,1437.532,1544.994,0.4391947106368998,16,13,1.0
2004-09-20,2004,0,0,PHI,MIN,1608.636,1534.735,0.6898842959965321,27,16,1.0
2004-09-26,2004,0,0,DET,PHI,1450.559,1623.133,0.3499530196164553,13,30,0.0
2004-09-26,2004,0,0,DEN,LAC,1556.471,1419.394,0.7619225228618586,23,13,1.0
2004-09-26,2004,0,0,SEA,SF,1565.25,1480.169,0.7034822749989731,34,0,1.0
2004-09-26,2004,0,0,OAK,TB,1440.114,1496.769,0.512007111478054,30,20,1.0
2004-09-26,2004,0,0,TEN,JAX,1599.187,1477.198,0.7458112043244389,12,15,0.0
2004-09-26,2004,0,0,NYG,CLE,1409.425,1455.099,0.527783700352158,27,10,1.0
2004-09-26,2004,0,0,MIN,CHI,1520.238,1484.206,0.6414324800454274,27,22,1.0
2004-09-26,2004,0,0,MIA,PIT,1529.139,1466.23,0.6761869814584193,3,13,0.0
2004-09-26,2004,0,0,KC,HOU,1503.032,1346.101,0.7820303181348999,21,24,0.0
2004-09-26,2004,0,0,IND,GB,1620.88,1572.187,0.6580169502257877,45,31,1.0
2004-09-26,2004,0,0,CIN,BAL,1453.386,1529.579,0.4838975485424709,9,23,0.0
2004-09-26,2004,0,0,ATL,ARI,1512.01,1344.966,0.791790596610014,6,3,1.0
2004-09-26,2004,0,0,LAR,NO,1525.345,1491.56,0.6384521125170467,25,28,0.0
2004-09-27,2004,0,0,WSH,DAL,1437.802,1488.632,0.5203809700597608,18,21,0.0
2004-10-03,2004,0,0,CLE,WSH,1428.039,1423.281,0.5990622475308547,17,13,1.0
2004-10-03,2004,0,0,CHI,PHI,1471.921,1642.42,0.3526751077551401,9,19,0.0
2004-10-03,2004,0,0,CAR,ATL,1569.205,1517.232,0.6622530338967141,10,27,0.0
2004-10-03,2004,0,0,BUF,NE,1447.652,1683.0,0.272772367180992,17,31,0.0
2004-10-03,2004,0,0,PIT,CIN,1500.661,1427.311,0.6892052978410004,28,17,1.0
2004-10-03,2004,0,0,JAX,IND,1499.798,1638.492,0.3955081570092235,17,24,0.0
2004-10-03,2004,0,0,SF,LAR,1460.431,1506.811,0.5267707088807004,14,24,0.0
2004-10-03,2004,0,0,MIA,NYJ,1494.708,1533.305,0.5379239947803207,9,17,0.0
2004-10-03,2004,0,0,GB,NYG,1554.575,1436.485,0.7415328319019842,7,14,0.0
2004-10-03,2004,0,0,ARI,NO,1339.744,1510.094,0.3528709443894091,34,10,1.0
2004-10-03,2004,0,0,TB,DEN,1473.454,1566.928,0.4591141168816441,13,16,0.0
2004-10-03,2004,0,0,HOU,OAK,1370.216,1463.428,0.4594886670363899,30,17,1.0
2004-10-03,2004,0,0,LAC,TEN,1408.937,1576.588,0.3564268523804988,38,17,1.0
2004-10-04,2004,0,0,BAL,KC,1555.655,1478.917,0.6933673544143313,24,27,0.0
2004-10-10,2004,0,0,SEA,LAR,1584.988,1532.29,0.6631858896686275,27,33,0.0
2004-10-10,2004,0,0,WSH,BAL,1410.772,1535.107,0.4154306531655321,10,17,0.0
2004-10-10,2004,0,0,SF,ARI,1434.953,1383.499,0.6615844610727482,31,28,1.0
2004-10-10,2004,0,0,PIT,CLE,1515.193,1440.548,0.6907998309859448,34,23,1.0
2004-10-10,2004,0,0,NYJ,BUF,1557.231,1433.94,0.7472294471000301,16,14,1.0
2004-10-10,2004,0,0,NE,MIA,1696.712,1470.782,0.8422051292345878,24,10,1.0
2004-10-10,2004,0,0,NO,TB,1466.338,1460.887,0.6000200273188193,17,20,0.0
2004-10-10,2004,0,0,HOU,MIN,1399.116,1532.523,0.4028071104246335,28,34,0.0
2004-10-10,2004,0,0,DEN,CAR,1579.495,1528.772,0.6606416961368922,20,17,1.0
2004-10-10,2004,0,0,DAL,NYG,1503.153,1470.124,0.6374469582584368,10,26,0.0
2004-10-10,2004,0,0,IND,OAK,1654.407,1434.529,0.8375199133938734,35,14,1.0
2004-10-10,2004,0,0,ATL,DET,1557.665,1431.272,0.7505872361928863,10,17,0.0
2004-10-10,2004,0,0,LAC,JAX,1450.67,1483.882,0.5456193868830946,34,21,1.0
2004-10-11,2004,0,0,GB,TEN,1520.936,1534.855,0.5729863398038421,27,48,0.0
2004-10-17,2004,0,0,JAX,KC,1460.241,1499.465,0.5370267384097304,22,16,1.0
2004-10-17,2004,0,0,DET,GB,1465.463,1484.671,0.5655210303258434,10,38,0.0
2004-10-17,2004,0,0,CLE,CIN,1426.098,1412.779,0.6108390291183556,34,17,1.0
2004-10-17,2004,0,0,NYJ,SF,1562.347,1443.864,0.741966189674624,22,14,1.0
2004-10-17,2004,0,0,TEN,HOU,1571.119,1383.912,0.8102784059198866,10,20,0.0
2004-10-17,2004,0,0,DAL,PIT,1465.348,1529.642,0.5010160142738583,20,24,0.0
2004-10-17,2004,0,0,NE,SEA,1704.26,1557.719,0.7716634518680168,30,20,1.0
2004-10-17,2004,0,0,CHI,WSH,1455.781,1393.948,0.6748292874836623,10,13,0.0
2004-10-17,2004,0,0,BUF,MIA,1428.824,1463.234,0.5439091469934398,20,13,1.0
2004-10-17,2004,0,0,PHI,CAR,1658.559,1519.833,0.7636401298092891,30,8,1.0
2004-10-17,2004,0,0,OAK,DEN,1425.636,1588.433,0.3628617433913554,3,31,0.0
2004-10-17,2004,0,0,ATL,LAC,1523.474,1474.311,0.6586255185199107,21,20,1.0
2004-10-17,2004,0,0,NO,MIN,1449.151,1547.727,0.451830114482583,31,38,0.0
2004-10-18,2004,0,0,LAR,TB,1559.559,1478.074,0.6991461999017792,28,21,1.0
2004-10-24,2004,0,0,MIA,LAR,1444.526,1571.29,0.4120391089929506,31,14,1.0
2004-10-24,2004,0,0,BAL,BUF,1551.931,1447.533,0.7261414849225568,20,6,1.0
2004-10-24,2004,0,0,ARI,SEA,1374.588,1547.729,0.3492108892167679,25,17,1.0
2004-10-24,2004,0,0,OAK,NO,1402.239,1430.643,0.5524719659722443,26,31,0.0
2004-10-24,2004,0,0,NYG,DET,1507.929,1426.568,0.6989960370156902,13,28,0.0
2004-10-24,2004,0,0,MIN,TEN,1566.236,1527.228,0.6453629903445687,20,3,1.0
2004-10-24,2004,0,0,KC,ATL,1481.656,1527.973,0.5268611123842447,56,10,1.0
2004-10-24,2004,0,0,NE,NYJ,1714.25,1572.813,0.7664452777309217,13,7,1.0
2004-10-24,2004,0,0,CLE,PHI,1447.821,1672.125,0.2855639406297534,31,34,0.0
2004-10-24,2004,0,0,TB,CHI,1466.343,1435.926,0.6339649104097648,19,7,1.0
2004-10-24,2004,0,0,IND,JAX,1663.3,1478.05,0.8085405505091501,24,27,0.0
2004-10-24,2004,0,0,GB,DAL,1523.566,1449.216,0.6904369950516254,41,20,1.0
2004-10-24,2004,0,0,CAR,LAC,1506.267,1469.812,0.6419923255637519,6,17,0.0
2004-10-25,2004,0,0,CIN,DEN,1391.056,1611.831,0.2897264486452948,23,10,1.0
2004-10-31,2004,0,0,WSH,GB,1413.803,1541.564,0.4106494208382095,14,28,0.0
2004-10-31,2004,0,0,SEA,CAR,1517.652,1472.819,0.6529993705225625,23,17,1.0
2004-10-31,2004,0,0,CHI,SF,1417.93,1433.397,0.5708046532057641,23,13,1.0
2004-10-31,2004,0,0,LAC,OAK,1503.261,1382.106,0.7448999931460819,42,14,1.0
2004-10-31,2004,0,0,BUF,ARI,1433.761,1404.665,0.6321985187482403,38,14,1.0
2004-10-31,2004,0,0,DAL,DET,1431.218,1468.091,0.5403898087465505,31,21,1.0
2004-10-31,2004,0,0,DEN,ATL,1571.485,1491.847,0.6969050932306744,28,41,0.0
2004-10-31,2004,0,0,HOU,JAX,1427.803,1503.345,0.4848334965607735,20,6,1.0
2004-10-31,2004,0,0,KC,IND,1517.782,1638.005,0.4211902662101742,45,35,1.0
2004-10-31,2004,0,0,MIN,NYG,1585.811,1466.406,0.7429810095331426,13,34,0.0
2004-10-31,2004,0,0,TEN,CIN,1507.653,1431.401,0.6927722290391899,27,20,1.0
2004-10-31,2004,0,0,PHI,BAL,1679.508,1565.703,0.7367771225968597,15,10,1.0
2004-10-31,2004,0,0,PIT,NE,1545.774,1722.56,0.344457608036453,34,20,1.0
2004-11-01,2004,0,0,NYJ,MIA,1564.503,1479.496,0.7033934103816231,41,14,1.0
2004-11-07,2004,0,0,SF,SEA,1413.267,1530.515,0.4253708095904788,27,42,0.0
2004-11-07,2004,0,0,PIT,PHI,1583.18,1688.232,0.4426145166958811,27,3,1.0
2004-11-07,2004,0,0,LAC,NO,1519.1,1450.776,0.6829743540739264,43,17,1.0
2004-11-07,2004,0,0,LAR,NE,1536.319,1685.154,0.3816400007236893,22,40,0.0
2004-11-07,2004,0,0,NYG,CHI,1516.54,1438.06,0.6954952028801229,21,28,0.0
2004-11-07,2004,0,0,BAL,CLE,1556.979,1440.438,0.7398201514338005,27,13,1.0
2004-11-07,2004,0,0,TB,KC,1484.34,1546.255,0.504439555207468,34,31,1.0
2004-11-07,2004,0,0,BUF,NYJ,1456.468,1583.009,0.4123501347962839,22,17,1.0
2004-11-07,2004,0,0,CAR,OAK,1459.956,1366.266,0.7137144209735854,24,27,0.0
2004-11-07,2004,0,0,CIN,DAL,1419.395,1452.982,0.545084158478791,26,3,1.0
2004-11-07,2004,0,0,DEN,HOU,1532.113,1455.839,0.6927991827593504,31,13,1.0
2004-11-07,2004,0,0,DET,WSH,1446.327,1392.179,0.6650477864017658,10,17,0.0
2004-11-07,2004,0,0,MIA,ARI,1460.991,1381.958,0.6961689525288425,23,24,0.0
2004-11-08,2004,0,0,IND,MIN,1609.532,1535.677,0.6898276413698752,31,28,1.0
2004-11-14,2004,0,0,CLE,PIT,1427.421,1619.728,0.3245722568384994,10,24,0.0
2004-11-14,2004,0,0,LAR,SEA,1514.67,1553.555,0.5375118880324808,23,12,1.0
2004-11-14,2004,0,0,ATL,TB,1531.219,1498.06,0.6376198881095961,24,14,1.0
2004-11-14,2004,0,0,IND,HOU,1617.621,1438.84,0.8027095986796607,49,14,1.0
2004-11-14,2004,0,0,ARI,NYG,1392.285,1485.597,0.4593457035382628,17,14,1.0
2004-11-14,2004,0,0,GB,MIN,1563.188,1527.588,0.6408603247931324,34,31,1.0
2004-11-14,2004,0,0,JAX,DET,1475.309,1417.085,0.6702540618504468,23,17,1.0
2004-11-14,2004,0,0,NO,KC,1431.072,1532.535,0.4477173360509229,27,20,1.0
2004-11-14,2004,0,0,NE,BUF,1706.803,1478.132,0.8442907141777973,29,6,1.0
2004-11-14,2004,0,0,NYJ,BAL,1561.344,1569.996,0.5803877056672029,17,20,0.0
2004-11-14,2004,0,0,TEN,CHI,1519.659,1469.003,0.6605552228704975,17,19,0.0
2004-11-14,2004,0,0,SF,CAR,1390.227,1438.63,0.5238668512469032,27,37,0.0
2004-11-14,2004,0,0,WSH,CIN,1421.421,1447.903,0.5552058688969711,10,17,0.0
2004-11-15,2004,0,0,DAL,PHI,1424.474,1651.683,0.2821645276662662,21,49,0.0
2004-11-21,2004,0,0,SEA,MIA,1530.84,1450.664,0.6975588634694095,24,17,1.0
2004-11-21,2004,0,0,BAL,DAL,1586.511,1406.776,0.8035778511585747,30,10,1.0
2004-11-21,2004,0,0,PHI,WSH,1669.381,1397.919,0.8740035784571824,28,6,1.0
2004-11-21,2004,0,0,NYG,ATL,1470.412,1547.855,0.4821007356155239,10,14,0.0
2004-11-21,2004,0,0,NO,DEN,1454.428,1549.112,0.4573849299545028,13,34,0.0
2004-11-21,2004,0,0,MIN,DET,1518.066,1404.932,0.7360273409302474,22,19,1.0
2004-11-21,2004,0,0,HOU,GB,1426.111,1572.71,0.3846821386777985,13,16,0.0
2004-11-21,2004,0,0,CLE,NYJ,1410.803,1544.829,0.4019502555663691,7,10,0.0
2004-11-21,2004,0,0,CIN,PIT,1471.405,1636.346,0.3600132487877784,14,19,0.0
2004-11-21,2004,0,0,CHI,IND,1484.322,1630.351,0.3854590940359382,10,41,0.0
2004-11-21,2004,0,0,CAR,ARI,1463.944,1407.471,0.668022530478661,35,10,1.0
2004-11-21,2004,0,0,JAX,TEN,1487.461,1504.34,0.568812234897794,15,18,0.0
2004-11-21,2004,0,0,BUF,LAR,1469.401,1537.385,0.4957057843883344,37,17,1.0
2004-11-21,2004,0,0,TB,SF,1481.423,1364.912,0.7397869088516213,35,3,1.0
2004-11-21,2004,0,0,OAK,LAC,1387.593,1538.804,0.3784175360842914,17,23,0.0
2004-11-22,2004,0,0,KC,NE,1509.179,1715.535,0.3071003649711638,19,27,0.0
2004-11-25,2004,0,0,DAL,CHI,1396.014,1458.553,0.5035416044647636,21,7,1.0
2004-11-25,2004,0,0,DET,IND,1398.162,1656.12,0.2477300601411473,9,41,0.0
2004-11-28,2004,0,0,CAR,TB,1484.445,1498.233,0.5731708367180521,21,14,1.0
2004-11-28,2004,0,0,PIT,WSH,1648.686,1391.066,0.86496441216099,16,7,1.0
2004-11-28,2004,0,0,KC,LAC,1496.498,1552.976,0.5122616849228242,31,34,0.0
2004-11-28,2004,0,0,ATL,NO,1563.286,1426.529,0.7615882167897311,24,21,1.0
2004-11-28,2004,0,0,SF,MIA,1348.103,1438.864,0.4629947300142672,17,24,0.0
2004-11-28,2004,0,0,SEA,BUF,1542.64,1500.149,0.6499382829205321,9,38,0.0
2004-11-28,2004,0,0,NYG,PHI,1454.981,1676.234,0.2891605405559655,6,27,0.0
2004-11-28,2004,0,0,NE,BAL,1728.216,1597.274,0.7554572067550607,24,3,1.0
2004-11-28,2004,0,0,MIN,JAX,1524.836,1471.338,0.664213773945488,27,16,1.0
2004-11-28,2004,0,0,HOU,TEN,1415.827,1520.464,0.4432039632542692,31,21,1.0
2004-11-28,2004,0,0,DEN,OAK,1577.011,1373.421,0.8243538381064397,24,25,0.0
2004-11-28,2004,0,0,ARI,NYJ,1386.971,1555.635,0.3550903528918357,3,13,0.0
2004-11-28,2004,0,0,CIN,CLE,1459.064,1399.998,0.6713244162818764,58,48,1.0
2004-11-29,2004,0,0,GB,LAR,1582.994,1506.637,0.6929008599436312,45,17,1.0
2004-12-05,2004,0,0,LAR,SF,1487.204,1329.07,0.783208444551836,16,6,1.0
2004-12-05,2004,0,0,DET,ARI,1382.235,1370.707,0.6083854500730046,26,12,1.0
2004-12-05,2004,0,0,WSH,NYG,1385.643,1438.29,0.5177699087612344,31,7,1.0
2004-12-05,2004,0,0,CHI,MIN,1431.694,1540.671,0.4370478465932366,24,14,1.0
2004-12-05,2004,0,0,CLE,NE,1385.077,1742.097,0.1569628004504381,15,42,0.0
2004-12-05,2004,0,0,IND,TEN,1672.047,1493.271,0.80270504047419,51,24,1.0
2004-12-05,2004,0,0,JAX,PIT,1455.503,1654.11,0.3166730223106034,16,17,0.0
2004-12-05,2004,0,0,MIA,BUF,1457.897,1546.632,0.4658956268302064,32,42,0.0
2004-12-05,2004,0,0,NO,CAR,1420.474,1501.792,0.4765337624481219,21,32,0.0
2004-12-05,2004,0,0,NYJ,HOU,1571.898,1443.019,0.7532566424402184,29,7,1.0
2004-12-05,2004,0,0,PHI,GB,1692.925,1602.428,0.7099441234747511,47,17,1.0
2004-12-05,2004,0,0,OAK,KC,1386.438,1482.24,0.4557881296305133,27,34,0.0
2004-12-05,2004,0,0,BAL,CIN,1583.393,1473.985,0.7318390302689932,26,27,0.0
2004-12-05,2004,0,0,TB,ATL,1480.886,1569.341,0.4662967264739604,27,0,1.0
2004-12-05,2004,0,0,LAC,DEN,1567.234,1563.994,0.5969616168216975,20,17,1.0
2004-12-06,2004,0,0,SEA,DAL,1496.157,1422.872,0.689125144429752,39,43,0.0
2004-12-12,2004,0,0,CAR,LAR,1525.301,1496.643,0.6316120548171701,20,7,1.0
2004-12-12,2004,0,0,ATL,OAK,1533.39,1367.744,0.790460778612756,35,10,1.0
2004-12-12,2004,0,0,BUF,CLE,1568.736,1375.842,0.815259932274044,37,7,1.0
2004-12-12,2004,0,0,ARI,SF,1350.21,1319.631,0.6341812840587703,28,31,0.0
2004-12-12,2004,0,0,DAL,NO,1446.542,1396.965,0.6591611440802679,13,27,0.0
2004-12-12,2004,0,0,DEN,MIA,1553.156,1435.792,0.7407310318911035,20,17,1.0
2004-12-12,2004,0,0,GB,DET,1583.822,1402.732,0.8048060934788,16,13,1.0
2004-12-12,2004,0,0,HOU,IND,1428.799,1683.883,0.250826062498697,14,23,0.0
2004-12-12,2004,0,0,JAX,CHI,1451.364,1459.243,0.5814709977320245,22,3,1.0
2004-12-12,2004,0,0,MIN,SEA,1513.123,1472.487,0.6475049131336689,23,27,0.0
2004-12-12,2004,0,0,NE,CIN,1751.332,1485.004,0.8707129557971381,35,28,1.0
2004-12-12,2004,0,0,PIT,NYJ,1658.248,1586.118,0.6876989911164217,17,6,1.0
2004-12-12,2004,0,0,BAL,NYG,1572.374,1407.419,0.7898011782525084,37,14,1.0
2004-12-12,2004,0,0,WSH,PHI,1416.514,1711.531,0.2101395769089837,14,17,0.0
2004-12-12,2004,0,0,LAC,TB,1578.072,1516.837,0.674073459014703,31,24,1.0
2004-12-13,2004,0,0,TEN,KC,1481.434,1500.934,0.5651079792103767,38,49,0.0
2004-12-18,2004,0,0,SF,WSH,1338.012,1411.239,0.4881626076204718,16,26,0.0
2004-12-18,2004,0,0,ATL,CAR,1545.748,1543.951,0.5949614681635614,34,31,1.0
2004-12-18,2004,0,0,NYG,PIT,1395.323,1672.858,0.227329918520072,30,33,0.0
2004-12-19,2004,0,0,CIN,BUF,1480.331,1580.093,0.450139727084338,17,33,0.0
2004-12-19,2004,0,0,TB,NO,1504.018,1434.628,0.6843015131451787,17,21,0.0
2004-12-19,2004,0,0,CHI,HOU,1434.802,1418.167,0.6153669124911804,5,24,0.0
2004-12-19,2004,0,0,PHI,DAL,1716.806,1408.88,0.895363245079272,12,7,1.0
2004-12-19,2004,0,0,NYJ,SEA,1571.508,1494.381,0.6938432359872387,37,14,1.0
2004-12-19,2004,0,0,KC,DEN,1529.612,1559.794,0.5499400607039849,45,17,1.0
2004-12-19,2004,0,0,GB,JAX,1588.689,1475.805,0.7357476386109066,25,28,0.0
2004-12-19,2004,0,0,CLE,LAC,1364.486,1590.891,0.2831029025417717,0,21,0.0
2004-12-19,2004,0,0,OAK,TEN,1355.386,1452.756,0.4535501478159822,40,35,1.0
2004-12-19,2004,0,0,DET,MIN,1397.865,1491.229,0.4592713651621496,27,28,0.0
2004-12-19,2004,0,0,ARI,LAR,1331.828,1477.993,0.3852736620139174,31,7,1.0
2004-12-19,2004,0,0,IND,BAL,1694.516,1584.47,0.7325591710367159,20,10,1.0
2004-12-20,2004,0,0,MIA,NE,1429.154,1756.005,0.1813340042532563,29,28,1.0
2004-12-24,2004,0,0,MIN,GB,1497.515,1566.495,0.4942725701068725,31,34,0.0
2004-12-25,2004,0,0,TEN,DEN,1432.881,1529.957,0.4539696291995299,16,37,0.0
2004-12-25,2004,0,0,KC,OAK,1559.449,1375.26,0.8075932941788087,31,30,1.0
2004-12-26,2004,0,0,IND,LAC,1706.396,1607.197,0.7201499286375452,34,31,1.0
2004-12-26,2004,0,0,SF,BUF,1314.688,1605.203,0.2144733842362893,7,41,0.0
2004-12-26,2004,0,0,TB,CAR,1480.558,1533.051,0.5179912491468731,20,37,0.0
2004-12-26,2004,0,0,JAX,HOU,1497.999,1456.457,0.6486943600847668,0,21,0.0
2004-12-26,2004,0,0,SEA,ARI,1476.102,1372.919,0.724748439913447,24,21,1.0
2004-12-26,2004,0,0,PIT,BAL,1678.606,1572.589,0.7279908922022756,20,7,1.0
2004-12-26,2004,0,0,NYJ,NE,1589.787,1743.123,0.3755445481325518,7,23,0.0
2004-12-26,2004,0,0,NO,ATL,1458.088,1556.647,0.4518543524954783,26,13,1.0
2004-12-26,2004,0,0,MIA,CLE,1442.036,1348.18,0.7139096296037653,10,7,1.0
2004-12-26,2004,0,0,DET,CHI,1391.579,1396.511,0.5855936739258787,19,13,1.0
2004-12-26,2004,0,0,DAL,WSH,1405.674,1434.564,0.5517801574103859,13,10,1.0
2004-12-26,2004,0,0,CIN,NYG,1455.221,1389.575,0.6796271423692731,23,22,1.0
2004-12-27,2004,0,0,LAR,PHI,1436.903,1720.012,0.2217432450692286,20,7,1.0
2005-01-02,2004,0,0,SEA,ATL,1483.192,1527.267,0.5300771382878045,28,26,1.0
2005-01-02,2004,0,0,LAC,KC,1599.977,1561.845,0.6442080342981331,24,17,1.0
2005-01-02,2004,0,0,WSH,MIN,1422.337,1483.835,0.5050396124525097,21,18,1.0
2005-01-02,2004,0,0,BAL,MIA,1559.268,1449.434,0.7323200128798802,30,23,1.0
2005-01-02,2004,0,0,OAK,JAX,1372.864,1455.855,0.4741319864650176,6,13,0.0
2005-01-02,2004,0,0,TEN,DET,1405.22,1407.278,0.5896027174110824,24,19,1.0
2005-01-02,2004,0,0,NYG,DAL,1385.383,1417.9,0.546611063910595,28,24,1.0
2005-01-02,2004,0,0,NE,SF,1763.581,1300.856,0.9542541644991464,21,7,1.0
2005-01-02,2004,0,0,HOU,CLE,1498.601,1340.782,0.7829004032580311,14,22,0.0
2005-01-02,2004,0,0,DEN,IND,1557.618,1713.617,0.3719565391148075,33,14,1.0
2005-01-02,2004,0,0,ARI,TB,1365.829,1450.443,0.4718031332162975,12,7,1.0
2005-01-02,2004,0,0,CHI,GB,1380.812,1580.175,0.315732064628831,14,31,0.0
2005-01-02,2004,0,0,LAR,NYJ,1482.501,1569.328,0.4686296813868809,32,29,1.0
2005-01-02,2004,0,0,BUF,PIT,1619.036,1691.927,0.4886458903807895,24,29,0.0
2005-01-02,2004,0,0,CAR,NO,1563.166,1487.468,0.6920930518281186,18,21,0.0
2005-01-02,2004,0,0,PHI,CIN,1674.414,1459.413,0.8336632674268887,10,38,0.0
2005-01-08,2004,0,1,LAC,NYJ,1614.111,1554.448,0.6720822498889232,17,20,0.0
2005-01-08,2004,0,1,SEA,LAR,1493.42,1497.381,0.5869494526709752,20,27,0.0
2005-01-09,2004,0,1,IND,DEN,1674.364,1596.871,0.694290603568572,49,24,1.0
2005-01-09,2004,0,1,GB,MIN,1597.376,1470.134,0.7515010355077439,17,31,0.0
2005-01-15,2004,0,1,ATL,LAR,1517.039,1522.488,0.5848712712987697,47,17,1.0
2005-01-15,2004,0,1,PIT,NYJ,1709.376,1574.201,0.7599307573258884,20,17,1.0
2005-01-16,2004,0,1,PHI,MIN,1610.082,1514.733,0.7156617406680268,27,14,1.0
2005-01-16,2004,0,1,NE,IND,1765.579,1693.073,0.6881636548161533,20,3,1.0
2005-01-23,2004,0,1,PIT,NE,1715.477,1782.545,0.4970239439129328,27,41,0.0
2005-01-23,2004,0,1,PHI,ATL,1624.071,1544.799,0.6964598789312233,27,10,1.0
2005-02-06,2004,1,1,PHI,NE,1640.538,1809.439,0.2744278139967319,21,24,0.0
2005-09-08,2005,0,0,NE,OAK,1712.67,1403.871,0.895833128941385,30,20,1.0
2005-09-11,2005,0,0,CAR,NO,1530.111,1506.978,0.6241813715965913,20,23,0.0
2005-09-11,2005,0,0,KC,NYJ,1533.474,1547.067,0.5734454318059342,27,7,1.0
2005-09-11,2005,0,0,JAX,SEA,1485.276,1480.542,0.5990290640618535,26,14,1.0
2005-09-11,2005,0,0,WSH,CHI,1459.026,1410.741,0.6574882390020185,9,7,1.0
2005-09-11,2005,0,0,SF,LAR,1367.572,1498.152,0.4067278781753868,28,25,1.0
2005-09-11,2005,0,0,CLE,CIN,1421.042,1517.497,0.4548558907363852,13,27,0.0
2005-09-11,2005,0,0,BUF,HOU,1569.392,1475.213,0.7142892345625173,22,7,1.0
2005-09-11,2005,0,0,LAC,DAL,1564.572,1437.346,0.7514838350538842,24,28,0.0
2005-09-11,2005,0,0,MIN,TB,1502.163,1455.897,0.6548661571397643,13,24,0.0
2005-09-11,2005,0,0,MIA,DEN,1461.081,1553.775,0.4602293241685067,34,10,1.0
2005-09-11,2005,0,0,DET,GB,1430.32,1536.851,0.4405151397408398,17,3,1.0
2005-09-11,2005,0,0,PIT,TEN,1627.388,1448.012,0.8032514580701933,34,7,1.0
2005-09-11,2005,0,0,BAL,IND,1548.054,1619.071,0.4913417065277684,7,24,0.0
2005-09-11,2005,0,0,NYG,ARI,1434.843,1424.952,0.6061380386080554,42,19,1.0
2005-09-12,2005,0,0,ATL,PHI,1520.554,1590.648,0.4926696699593022,14,10,1.0
2005-09-18,2005,0,0,CIN,MIN,1541.785,1467.884,0.6898842959965321,37,8,1.0
2005-09-18,2005,0,0,TB,BUF,1490.176,1584.166,0.4583765886766225,19,3,1.0
2005-09-18,2005,0,0,CAR,NE,1512.083,1716.94,0.308939564257881,27,17,1.0
2005-09-18,2005,0,0,TEN,BAL,1436.21,1519.728,0.4733756624156504,25,10,1.0
2005-09-18,2005,0,0,OAK,KC,1399.6,1558.854,0.3675900216124896,17,23,0.0
2005-09-18,2005,0,0,CHI,DET,1403.583,1461.206,0.5106147612981305,38,6,1.0
2005-09-18,2005,0,0,NYJ,MIA,1521.687,1496.273,0.6272564506995884,17,7,1.0
2005-09-18,2005,0,0,DEN,LAC,1518.582,1538.067,0.5651291997974008,20,17,1.0
2005-09-18,2005,0,0,HOU,PIT,1460.439,1639.19,0.3419079216687774,7,27,0.0
2005-09-18,2005,0,0,GB,CLE,1505.966,1396.754,0.731617549270094,24,26,0.0
2005-09-18,2005,0,0,IND,JAX,1647.397,1505.213,0.7672141392663012,10,3,1.0
2005-09-18,2005,0,0,ARI,LAR,1400.742,1481.198,0.4777716893372399,12,17,0.0
2005-09-18,2005,0,0,SEA,ATL,1460.604,1536.923,0.4837164101558945,21,18,1.0
2005-09-18,2005,0,0,PHI,SF,1574.279,1384.526,0.8125211873061278,42,3,1.0
2005-09-19,2005,0,0,NYG,NO,1459.053,1525.007,0.4986270870887041,27,10,1.0
2005-09-19,2005,0,0,DAL,WSH,1463.851,1466.183,0.5892210091974132,13,14,0.0
2005-09-25,2005,0,0,LAR,TEN,1498.199,1465.661,0.6367934948775028,31,27,1.0
2005-09-25,2005,0,0,NYJ,JAX,1538.857,1496.365,0.6499395926212328,20,26,0.0
2005-09-25,2005,0,0,IND,CLE,1656.245,1414.212,0.8541370304848412,13,6,1.0
2005-09-25,2005,0,0,PHI,OAK,1586.676,1385.882,0.8220111798408128,23,20,1.0
2005-09-25,2005,0,0,CHI,CIN,1437.692,1561.627,0.4159899400708659,7,24,0.0
2005-09-25,2005,0,0,BUF,ATL,1553.065,1522.534,0.6341171789891734,16,24,0.0
2005-09-25,2005,0,0,SF,DAL,1372.13,1455.443,0.4736698538372852,31,34,0.0
2005-09-25,2005,0,0,MIA,CAR,1479.103,1547.475,0.4951474542769452,27,24,1.0
2005-09-25,2005,0,0,LAC,NYG,1526.254,1488.049,0.6443043449910955,45,23,1.0
2005-09-25,2005,0,0,MIN,NO,1448.042,1496.011,0.524489966874114,33,16,1.0
2005-09-25,2005,0,0,GB,TB,1488.508,1521.276,0.5462529609358833,16,17,0.0
2005-09-25,2005,0,0,PIT,NE,1658.985,1681.549,0.560768425385022,20,23,0.0
2005-09-25,2005,0,0,SEA,ARI,1474.993,1383.74,0.7108394594440345,37,12,1.0
2005-09-26,2005,0,0,DEN,KC,1530.395,1572.572,0.532797774923869,30,10,1.0
2005-10-02,2005,1,0,SF,ARI,1359.105,1366.147,0.4898671348900213,14,31,0.0
2005-10-02,2005,0,0,CIN,HOU,1585.047,1440.643,0.7694886891479235,16,10,1.0
2005-10-02,2005,0,0,ATL,MIN,1551.665,1475.318,0.6928886106732665,30,10,1.0
2005-10-02,2005,0,0,WSH,SEA,1474.591,1492.585,0.56723732291185,20,17,1.0
2005-10-02,2005,0,0,NE,LAC,1697.402,1547.56,0.7749943047259696,17,41,0.0
2005-10-02,2005,0,0,TEN,IND,1454.466,1661.568,0.3061873352516288,10,31,0.0
2005-10-02,2005,0,0,TB,DET,1528.962,1427.097,0.7232323419046426,17,13,1.0
2005-10-02,2005,0,0,JAX,DEN,1522.959,1558.551,0.5422207328022988,7,20,0.0
2005-10-02,2005,1,0,BUF,NO,1523.935,1468.734,0.578778859507999,7,19,0.0
2005-10-02,2005,0,0,OAK,DAL,1381.479,1468.468,0.468397469172814,19,13,1.0
2005-10-02,2005,0,0,BAL,NYJ,1490.278,1512.263,0.5615891982881872,13,3,1.0
2005-10-02,2005,0,0,NYG,LAR,1466.742,1509.394,0.5321170756451579,44,24,1.0
2005-10-02,2005,0,0,KC,PHI,1544.416,1591.079,0.5263645890340626,31,37,0.0
2005-10-03,2005,0,0,CAR,GB,1533.456,1480.823,0.6631023060590848,32,29,1.0
2005-10-09,2005,0,0,GB,NO,1471.956,1499.189,0.5541380152979135,52,3,1.0
2005-10-09,2005,0,0,SF,IND,1330.878,1679.349,0.1635852628727309,3,28,0.0
2005-10-09,2005,0,0,NYJ,TB,1491.641,1537.242,0.5278884301892497,14,12,1.0
2005-10-09,2005,0,0,JAX,CIN,1493.952,1593.239,0.4508166012459898,23,20,1.0
2005-10-09,2005,0,0,HOU,TEN,1432.452,1436.686,0.5865684030745181,20,34,0.0
2005-10-09,2005,0,0,DET,BAL,1418.817,1510.9,0.4611031820098336,35,17,1.0
2005-10-09,2005,0,0,DEN,WSH,1587.558,1486.338,0.7224885213046162,21,19,1.0
2005-10-09,2005,0,0,DAL,PHI,1447.57,1611.736,0.3610417799516735,33,10,1.0
2005-10-09,2005,0,0,ARI,CAR,1394.375,1542.322,0.3828470523113692,20,24,0.0
2005-10-09,2005,0,0,LAR,SEA,1481.191,1480.838,0.5929567722060014,31,37,0.0
2005-10-09,2005,0,0,CLE,CHI,1408.888,1414.272,0.5849621157355122,20,10,1.0
2005-10-09,2005,0,0,BUF,MIA,1493.48,1493.122,0.5929637190589657,20,14,1.0
2005-10-09,2005,0,0,ATL,NE,1569.236,1642.111,0.4886689043821854,28,31,0.0
2005-10-10,2005,0,0,LAC,PIT,1602.852,1643.131,0.5355164624474272,22,24,0.0
2005-10-16,2005,0,0,BUF,NYJ,1508.864,1501.924,0.6020753478769865,27,17,1.0
2005-10-16,2005,0,0,CHI,MIN,1394.893,1457.747,0.5030883029816848,28,3,1.0
2005-10-16,2005,0,0,DAL,NYG,1490.1,1494.946,0.585713805865853,16,13,1.0
2005-10-16,2005,0,0,DEN,NE,1593.227,1655.611,0.5037646554845284,28,20,1.0
2005-10-16,2005,0,0,DET,CAR,1450.947,1554.198,0.445173722902209,20,21,0.0
2005-10-16,2005,0,0,KC,WSH,1523.759,1480.669,0.6507223881539985,28,21,1.0
2005-10-16,2005,0,0,OAK,LAC,1402.377,1590.951,0.3293008012903076,14,27,0.0
2005-10-16,2005,0,0,TEN,CIN,1469.357,1577.771,0.437845387184022,23,31,0.0
2005-10-16,2005,0,0,PIT,JAX,1655.032,1509.42,0.7707198144912127,17,23,0.0
2005-10-16,2005,0,0,BAL,CLE,1478.769,1428.268,0.6603551317354169,16,3,1.0
2005-10-16,2005,0,0,SEA,HOU,1504.621,1399.78,0.726648307912728,42,10,1.0
2005-10-16,2005,0,0,TB,MIA,1526.96,1477.737,0.6587031705398242,27,13,1.0
2005-10-16,2005,1,0,ATL,NO,1555.736,1464.893,0.627833657687745,34,31,1.0
2005-10-17,2005,0,0,IND,LAR,1688.791,1457.408,0.8463320529984467,45,28,1.0
2005-10-21,2005,0,0,MIA,KC,1460.165,1537.605,0.482105047431076,20,30,0.0
2005-10-23,2005,0,0,LAR,NO,1449.579,1454.984,0.5849327666257046,28,17,1.0
2005-10-23,2005,0,0,PHI,LAC,1569.206,1607.408,0.5384891262494672,20,17,1.0
2005-10-23,2005,0,0,CHI,BAL,1427.241,1495.802,0.4948754884941682,10,6,1.0
2005-10-23,2005,0,0,CIN,PIT,1596.64,1621.861,0.5569977449792822,13,27,0.0
2005-10-23,2005,0,0,CLE,DET,1411.235,1444.881,0.5449999396929861,10,13,0.0
2005-10-23,2005,0,0,ARI,TEN,1382.499,1450.489,0.4956971503324219,20,10,1.0
2005-10-23,2005,0,0,HOU,IND,1382.035,1696.62,0.1920527417407058,20,38,0.0
2005-10-23,2005,0,0,MIN,GB,1425.399,1506.252,0.4772015187925689,23,20,1.0
2005-10-23,2005,0,0,NYG,DEN,1483.765,1615.008,0.4058072759721314,24,23,1.0
2005-10-23,2005,0,0,OAK,BUF,1385.921,1527.343,0.3917599377087586,38,17,1.0
2005-10-23,2005,0,0,SEA,DAL,1522.367,1501.28,0.6214145506285865,13,10,1.0
2005-10-23,2005,0,0,WSH,SF,1466.823,1321.435,0.770491875651126,52,17,1.0
2005-10-24,2005,0,0,ATL,NYJ,1565.645,1483.445,0.7000112251852586,27,14,1.0
2005-10-30,2005,0,0,SF,TB,1306.422,1544.532,0.2696298705424857,15,10,1.0
2005-10-30,2005,0,0,TEN,OAK,1426.27,1424.876,0.5944023013177463,25,34,0.0
2005-10-30,2005,0,0,NYG,WSH,1492.258,1481.837,0.6068661640372446,36,0,1.0
2005-10-30,2005,0,0,NE,BUF,1633.83,1488.388,0.770546839744188,21,16,1.0
2005-10-30,2005,0,0,NO,MIA,1434.9,1437.174,0.5893018177256879,6,21,0.0
2005-10-30,2005,0,0,HOU,CLE,1371.877,1395.906,0.5586902103960554,19,16,1.0
2005-10-30,2005,0,0,LAR,JAX,1469.663,1542.591,0.4885926706870805,24,21,1.0
2005-10-30,2005,0,0,DEN,PHI,1606.515,1581.848,0.6262505187115591,49,21,1.0
2005-10-30,2005,0,0,CIN,GB,1565.917,1491.652,0.6903324055263824,21,14,1.0
2005-10-30,2005,0,0,CAR,MIN,1560.264,1439.999,0.7439252314879259,38,13,1.0
2005-10-30,2005,0,0,LAC,KC,1594.766,1560.595,0.6389648598313545,28,20,1.0
2005-10-30,2005,0,0,DAL,ARI,1491.179,1406.717,0.7027384603823992,34,13,1.0
2005-10-30,2005,0,0,DET,CHI,1460.21,1443.527,0.6154323104013368,13,19,0.0
2005-10-31,2005,0,0,PIT,BAL,1652.584,1479.516,0.7974495481662621,20,19,1.0
2005-11-06,2005,0,0,TB,CAR,1516.124,1575.654,0.5078713124402199,14,34,0.0
2005-11-06,2005,0,0,BAL,CIN,1476.983,1578.029,0.4483109599455567,9,21,0.0
2005-11-06,2005,0,0,NO,CHI,1401.263,1468.402,0.4969217704450285,17,20,0.0
2005-11-06,2005,0,0,NYJ,LAC,1468.604,1609.947,0.3918683052458294,26,31,0.0
2005-11-06,2005,0,0,CLE,TEN,1383.894,1398.045,0.5726595473732237,20,14,1.0
2005-11-06,2005,0,0,ARI,SEA,1389.509,1532.468,0.389653706396114,19,33,0.0
2005-11-06,2005,0,0,GB,PIT,1479.54,1655.118,0.3460295171608398,10,20,0.0
2005-11-06,2005,0,0,MIN,DET,1424.609,1435.335,0.5774773725265764,27,14,1.0
2005-11-06,2005,0,0,JAX,HOU,1528.36,1383.889,0.769557092886503,21,14,1.0
2005-11-06,2005,0,0,KC,OAK,1545.414,1453.101,0.7120920594438317,27,23,1.0
2005-11-06,2005,0,0,MIA,ATL,1470.811,1580.486,0.4360595184377631,10,17,0.0
2005-11-06,2005,0,0,SF,NYG,1334.83,1519.708,0.3340167809670422,6,24,0.0
2005-11-06,2005,0,0,WSH,PHI,1454.386,1557.663,0.445136756088084,17,10,1.0
2005-11-07,2005,0,0,NE,IND,1641.335,1706.777,0.499363911211217,21,40,0.0
2005-11-13,2005,0,0,DET,ARI,1413.571,1369.128,0.6524904940792244,29,21,1.0
2005-11-13,2005,0,0,NYG,MIN,1538.362,1446.373,0.7117095323543091,21,24,0.0
2005-11-13,2005,0,0,SEA,LAR,1552.85,1483.894,0.683761548636871,31,16,1.0
2005-11-13,2005,0,0,TB,WSH,1485.123,1477.871,0.6025055596131462,36,35,1.0
2005-11-13,2005,0,0,OAK,DEN,1444.452,1630.7,0.3322647673860361,17,31,0.0
2005-11-13,2005,0,0,PIT,CLE,1670.919,1400.15,0.8735636234935865,34,21,1.0
2005-11-13,2005,0,0,MIA,NE,1453.037,1611.422,0.3687536779821332,16,23,0.0
2005-11-13,2005,0,0,JAX,BAL,1537.111,1454.355,0.7006829048504043,30,3,1.0
2005-11-13,2005,0,0,IND,HOU,1736.69,1375.139,0.920957261800712,31,17,1.0
2005-11-13,2005,0,0,CHI,SF,1482.166,1316.177,0.7907876269871452,17,9,1.0
2005-11-13,2005,0,0,CAR,NYJ,1606.656,1455.032,0.7767780311523151,30,3,1.0
2005-11-13,2005,0,0,BUF,KC,1480.883,1554.063,0.4882302083626327,14,3,1.0
2005-11-13,2005,0,0,ATL,GB,1598.26,1463.739,0.7592432637062744,25,33,0.0
2005-11-14,2005,0,0,PHI,DAL,1534.178,1508.387,0.627763712579787,20,21,0.0
2005-11-20,2005,0,0,CHI,CAR,1490.486,1620.199,0.4079327309705516,13,3,1.0
2005-11-20,2005,0,0,ATL,TB,1561.568,1490.458,0.6864365669754167,27,30,0.0
2005-11-20,2005,0,0,CIN,IND,1600.656,1740.276,0.3942344494837967,37,45,0.0
2005-11-20,2005,0,0,DEN,NYJ,1647.756,1441.489,0.8265739891134303,27,0,1.0
2005-11-20,2005,0,0,DAL,DET,1517.464,1428.118,0.708577843188137,20,7,1.0
2005-11-20,2005,0,0,CLE,MIA,1394.36,1438.325,0.5302348651794752,22,0,1.0
2005-11-20,2005,0,0,LAC,BUF,1623.519,1506.412,0.7404468119683436,48,10,1.0
2005-11-20,2005,0,0,LAR,ARI,1467.364,1354.58,0.7356357045190518,28,38,0.0
2005-11-20,2005,0,0,SF,SEA,1307.856,1569.379,0.2439254520344106,25,27,0.0
2005-11-20,2005,0,0,WSH,OAK,1472.536,1427.396,0.6533997018475457,13,16,0.0
2005-11-20,2005,0,0,BAL,PIT,1435.663,1676.708,0.2663156801115358,16,13,1.0
2005-11-20,2005,0,0,TEN,JAX,1381.79,1555.803,0.3480709787791318,28,31,0.0
2005-11-20,2005,0,0,NYG,PHI,1517.113,1525.101,0.5813182910648687,27,17,1.0
2005-11-20,2005,0,0,NE,NO,1626.133,1387.499,0.8516824048496534,24,17,1.0
2005-11-20,2005,0,0,HOU,KC,1371.553,1528.534,0.3706369652882564,17,45,0.0
2005-11-21,2005,0,0,GB,MIN,1500.431,1467.622,0.637154226710822,17,20,0.0
2005-11-24,2005,0,0,DET,ATL,1413.745,1541.281,0.4109629178075029,7,27,0.0
2005-11-24,2005,0,0,DAL,DEN,1531.837,1658.045,0.4128147116348047,21,24,0.0
2005-11-27,2005,0,0,KC,NE,1552.493,1631.553,0.4797770716740623,26,16,1.0
2005-11-27,2005,0,0,CIN,BAL,1583.9,1457.774,0.750299394286571,42,29,1.0
2005-11-27,2005,0,0,BUF,CAR,1488.848,1590.944,0.4468165087917151,9,13,0.0
2005-11-27,2005,0,0,HOU,LAR,1347.594,1428.983,0.4764318112752159,27,33,0.0
2005-11-27,2005,0,0,WSH,LAC,1453.465,1641.083,0.330517382852798,17,23,0.0
2005-11-27,2005,0,0,ARI,JAX,1392.961,1564.998,0.3506565544616299,17,24,0.0
2005-11-27,2005,0,0,TB,CHI,1510.745,1519.741,0.5799053698139127,10,13,0.0
2005-11-27,2005,0,0,SEA,NYG,1574.299,1536.684,0.6435256097790127,24,21,1.0
2005-11-27,2005,0,0,OAK,MIA,1446.467,1409.145,0.6431385994737062,21,33,0.0
2005-11-27,2005,0,0,PHI,GB,1505.529,1481.944,0.6247915301326309,19,14,1.0
2005-11-27,2005,0,0,TEN,SF,1372.595,1302.936,0.6846359421728566,33,22,1.0
2005-11-27,2005,0,0,NYJ,NO,1431.2,1382.078,0.6585724514121597,19,21,0.0
2005-11-27,2005,0,0,MIN,CLE,1486.11,1423.54,0.6757595507583203,24,12,1.0
2005-11-28,2005,0,0,IND,PIT,1757.032,1654.597,0.7238886463590836,26,7,1.0
2005-12-04,2005,0,0,NE,NYJ,1606.444,1415.938,0.813180587332869,16,3,1.0
2005-12-04,2005,0,0,MIA,BUF,1443.747,1474.704,0.5488356282408334,24,23,1.0
2005-12-04,2005,0,0,KC,DEN,1577.603,1669.181,0.461825618406983,31,27,1.0
2005-12-04,2005,0,0,IND,TEN,1772.405,1387.364,0.9302570265857716,35,3,1.0
2005-12-04,2005,0,0,CLE,JAX,1407.818,1578.905,0.3519027594269468,14,20,0.0
2005-12-04,2005,0,0,CHI,GB,1536.239,1469.018,0.6815979898153557,19,7,1.0
2005-12-04,2005,0,0,CAR,ATL,1605.088,1565.613,0.6459780124857275,24,6,1.0
2005-12-04,2005,0,0,SF,ARI,1288.167,1379.055,0.4628129683688919,10,17,0.0
2005-12-04,2005,0,0,BAL,HOU,1445.648,1329.189,0.739729281853797,16,15,1.0
2005-12-04,2005,0,0,PIT,CIN,1639.224,1596.026,0.6508636761429574,31,38,0.0
2005-12-04,2005,0,0,LAR,WSH,1447.388,1441.281,0.6009259664349336,9,24,0.0
2005-12-04,2005,0,0,NO,TB,1397.34,1494.247,0.4542107892769468,3,10,0.0
2005-12-04,2005,0,0,DET,MIN,1389.413,1501.831,0.4321805764728682,16,21,0.0
2005-12-04,2005,0,0,LAC,OAK,1653.267,1411.865,0.8536839073973603,34,10,1.0
2005-12-04,2005,0,0,NYG,DAL,1527.241,1520.702,0.601522183874633,17,10,1.0
2005-12-05,2005,0,0,PHI,SEA,1518.454,1583.743,0.4995840956635002,0,42,0.0
2005-12-11,2005,0,0,PIT,CHI,1610.755,1551.647,0.6713777604421216,21,9,1.0
2005-12-11,2005,0,0,BUF,NE,1468.545,1615.279,0.3844982088900227,7,35,0.0
2005-12-11,2005,0,0,CAR,TB,1624.991,1512.867,0.7348961781182737,10,20,0.0
2005-12-11,2005,0,0,CIN,CLE,1624.495,1394.753,0.8450994924205752,23,20,1.0
2005-12-11,2005,0,0,ARI,WSH,1398.079,1475.716,0.4818219105650964,13,17,0.0
2005-12-11,2005,0,0,DAL,KC,1504.651,1595.138,0.4633869106218171,31,28,1.0
2005-12-11,2005,0,0,DEN,BAL,1651.646,1448.982,0.8235806778675901,12,10,1.0
2005-12-11,2005,0,0,GB,DET,1453.611,1374.252,0.6965657419853207,16,13,1.0
2005-12-11,2005,0,0,JAX,IND,1591.97,1776.454,0.3345214966849028,18,26,0.0
2005-12-11,2005,0,0,NYJ,OAK,1407.104,1403.597,0.5973313555746402,26,10,1.0
2005-12-11,2005,0,0,PHI,NYG,1480.878,1543.292,0.5037214844336019,23,26,0.0
2005-12-11,2005,0,0,SEA,SF,1621.318,1269.143,0.9169379847006702,41,3,1.0
2005-12-11,2005,0,0,MIN,LAR,1516.992,1412.952,0.7257314805276545,27,13,1.0
2005-12-11,2005,0,0,TEN,HOU,1383.315,1325.856,0.6692800571061504,13,10,1.0
2005-12-11,2005,0,0,LAC,MIA,1661.535,1449.906,0.8309541345880483,21,23,0.0
2005-12-12,2005,0,0,ATL,NO,1545.71,1378.72,0.7917393459424502,36,17,1.0
2005-12-17,2005,0,0,NE,TB,1640.246,1551.197,0.7082246786623172,28,0,1.0
2005-12-17,2005,0,0,NYG,KC,1557.274,1580.085,0.5604181842044458,27,17,1.0
2005-12-17,2005,0,0,BUF,DEN,1443.578,1655.102,0.3008065802714869,17,28,0.0
2005-12-18,2005,0,0,MIN,PIT,1530.787,1626.713,0.455611080140786,3,18,0.0
2005-12-18,2005,0,0,NO,CAR,1367.433,1586.661,0.2915624412053852,10,27,0.0
2005-12-18,2005,0,0,LAR,PHI,1399.158,1466.896,0.4960597828267845,16,17,0.0
2005-12-18,2005,0,0,WSH,DAL,1491.137,1519.704,0.5522399621478848,35,7,1.0
2005-12-18,2005,0,0,OAK,CLE,1381.469,1390.965,0.5792040282853991,7,9,0.0
2005-12-18,2005,0,0,TEN,SEA,1392.001,1626.434,0.2738184513409015,24,28,0.0
2005-12-18,2005,0,0,IND,LAC,1790.397,1640.651,0.7748979251647117,17,26,0.0
2005-12-18,2005,0,0,CHI,ATL,1535.689,1556.998,0.5625470488624263,16,3,1.0
2005-12-18,2005,0,0,HOU,ARI,1317.17,1382.658,0.49929771200847,30,19,1.0
2005-12-18,2005,0,0,JAX,SF,1578.027,1264.027,0.8985940288909822,10,9,1.0
2005-12-18,2005,0,0,MIA,NYJ,1470.79,1429.231,0.648716661043964,24,20,1.0
2005-12-18,2005,0,0,DET,CIN,1366.357,1628.282,0.2434989255382737,17,41,0.0
2005-12-19,2005,0,0,BAL,GB,1445.526,1461.506,0.5700810406849602,48,3,1.0
2005-12-24,2005,0,0,MIA,TEN,1481.575,1383.817,0.7184751425578022,24,10,1.0
2005-12-24,2005,1,0,DET,NO,1351.969,1351.682,0.5004130261071114,13,12,1.0
2005-12-24,2005,0,0,KC,LAC,1559.4,1680.197,0.4203849466095359,20,7,1.0
2005-12-24,2005,0,0,SEA,IND,1634.618,1750.852,0.4267981810626611,28,13,1.0
2005-12-24,2005,0,0,TB,ATL,1532.833,1534.358,0.5903449279888942,27,24,1.0
2005-12-24,2005,0,0,WSH,NYG,1520.8,1577.959,0.5112821907054731,35,20,1.0
2005-12-24,2005,0,0,CAR,DAL,1602.411,1490.04,0.7351730950627505,20,24,0.0
2005-12-24,2005,0,0,CIN,BUF,1642.67,1429.562,0.8321466963482653,27,37,0.0
2005-12-24,2005,0,0,CLE,PIT,1404.021,1651.627,0.2590015218953166,0,41,0.0
2005-12-24,2005,0,0,ARI,PHI,1357.768,1473.764,0.4271333828020085,27,21,1.0
2005-12-24,2005,0,0,DEN,OAK,1669.118,1368.414,0.8914038328894147,22,3,1.0
2005-12-24,2005,0,0,HOU,JAX,1342.059,1579.226,0.2707002081032814,20,38,0.0
2005-12-24,2005,0,0,LAR,SF,1392.289,1262.828,0.7538787971371627,20,24,0.0
2005-12-25,2005,0,0,BAL,MIN,1477.728,1505.872,0.5528419861010181,30,23,1.0
2005-12-25,2005,0,0,GB,CHI,1429.303,1558.329,0.4088882286315015,17,24,0.0
2005-12-26,2005,0,0,NYJ,NE,1418.446,1658.61,0.2673077714177495,21,31,0.0
2005-12-31,2005,0,0,LAC,DEN,1648.808,1674.697,0.556048701313064,7,23,0.0
2005-12-31,2005,0,0,OAK,NYG,1362.834,1550.955,0.3298769937731036,21,30,0.0
2006-01-01,2005,0,0,PHI,WSH,1450.94,1547.804,0.454272152966694,20,31,0.0
2006-01-01,2005,0,0,NE,MIA,1670.484,1495.772,0.7989738462751301,26,28,0.0
2006-01-01,2005,0,0,MIN,CHI,1487.582,1574.853,0.4679932806188142,34,10,1.0
2006-01-01,2005,0,0,IND,ARI,1718.309,1380.592,0.910375252823388,17,13,1.0
2006-01-01,2005,0,0,CLE,BAL,1386.144,1496.019,0.4357764230996332,20,16,1.0
2006-01-01,2005,0,0,TB,NO,1543.872,1344.758,0.8205918393599579,27,13,1.0
2006-01-01,2005,0,0,SF,HOU,1289.448,1327.275,0.5390255519664796,20,17,1.0
2006-01-01,2005,0,0,PIT,DET,1669.504,1358.894,0.8968019387383066,35,21,1.0
2006-01-01,2005,0,0,JAX,TEN,1594.011,1369.62,0.8410242081784072,40,13,1.0
2006-01-01,2005,0,0,ATL,CAR,1523.319,1576.671,0.5167565420057484,11,44,0.0
2006-01-01,2005,0,0,DAL,LAR,1515.78,1365.67,0.7752632093189255,10,20,0.0
2006-01-01,2005,0,0,NYJ,BUF,1406.572,1475.245,0.4947143250065543,30,26,1.0
2006-01-01,2005,0,0,KC,CIN,1590.789,1596.987,0.5838240490232954,37,3,1.0
2006-01-01,2005,0,0,GB,SEA,1412.779,1667.161,0.25158618757438,23,17,1.0
2006-01-07,2005,0,1,NE,JAX,1650.782,1603.374,0.6563504459556049,28,3,1.0
2006-01-07,2005,0,1,TB,WSH,1552.548,1570.059,0.5679197181133998,10,17,0.0
2006-01-08,2005,0,1,NYG,CAR,1565.341,1613.311,0.5244885312107158,0,23,0.0
2006-01-08,2005,0,1,CIN,PIT,1568.164,1674.279,0.4411054221851597,17,31,0.0
2006-01-14,2005,0,1,SEA,WSH,1635.29,1594.199,0.6481024919966633,20,10,1.0
2006-01-14,2005,0,1,DEN,NE,1706.775,1672.086,0.6396524531728437,27,13,1.0
2006-01-15,2005,0,1,IND,PIT,1720.747,1697.731,0.6240233679996758,18,21,0.0
2006-01-15,2005,0,1,CHI,CAR,1540.254,1646.908,0.4403406412491676,21,29,0.0
2006-01-22,2005,0,1,DEN,PIT,1725.446,1715.754,0.6058645261504695,17,34,0.0
2006-01-22,2005,0,1,SEA,CAR,1651.39,1665.899,0.5721551484894805,34,14,1.0
2006-02-05,2005,1,1,SEA,PIT,1676.857,1752.008,0.393504708659918,10,21,0.0
2006-09-07,2006,0,0,PIT,MIA,1682.279,1511.983,0.7948598906640362,28,17,1.0
2006-09-10,2006,0,0,DET,SEA,1404.413,1606.965,0.3117795239903335,6,9,0.0
2006-09-10,2006,0,0,ARI,SF,1420.436,1369.715,0.6606391150004808,34,27,1.0
2006-09-10,2006,0,0,TB,BAL,1520.605,1486.653,0.638673987579055,0,27,0.0
2006-09-10,2006,0,0,TEN,NYJ,1408.505,1450.243,0.5334267758680611,16,23,0.0
2006-09-10,2006,0,0,NYG,IND,1522.829,1636.817,0.4299641068950796,21,26,0.0
2006-09-10,2006,0,0,NE,BUF,1603.944,1474.302,0.7540720695755452,19,17,1.0
2006-09-10,2006,0,0,KC,CIN,1581.408,1531.475,0.659621405540306,10,23,0.0
2006-09-10,2006,0,0,JAX,DAL,1556.38,1484.714,0.6871250557602272,24,17,1.0
2006-09-10,2006,0,0,HOU,PHI,1378.1,1454.124,0.4841405106325662,10,24,0.0
2006-09-10,2006,0,0,GB,CHI,1464.766,1515.842,0.5200275256808928,0,26,0.0
2006-09-10,2006,0,0,CLE,NO,1438.122,1392.388,0.6541736677794717,14,19,0.0
2006-09-10,2006,0,0,CAR,ATL,1595.288,1492.786,0.7239657276581274,6,20,0.0
2006-09-10,2006,0,0,LAR,DEN,1439.586,1627.794,0.3297662945693778,18,10,1.0
2006-09-11,2006,0,0,WSH,MIN,1553.733,1516.454,0.6430817870013111,16,19,0.0
2006-09-11,2006,0,0,OAK,LAC,1400.632,1579.486,0.3417745240649039,0,27,0.0
2006-09-17,2006,0,0,CIN,CLE,1568.209,1413.438,0.7799034079321373,34,17,1.0
2006-09-17,2006,0,0,CHI,DET,1550.339,1396.278,0.7792010399755948,34,7,1.0
2006-09-17,2006,0,0,ATL,TB,1535.228,1476.036,0.6714844355005007,14,3,1.0
2006-09-17,2006,0,0,DAL,WSH,1472.463,1535.033,0.5034969940888078,27,10,1.0
2006-09-17,2006,0,0,DEN,KC,1596.594,1544.673,0.6621860769649572,9,6,1.0
2006-09-17,2006,0,0,SF,LAR,1356.307,1470.787,0.429270092019482,20,13,1.0
2006-09-17,2006,0,0,LAC,TEN,1601.143,1386.083,0.8337103583630969,40,7,1.0
2006-09-17,2006,0,0,GB,NO,1430.269,1417.073,0.6106707032237075,27,34,0.0
2006-09-17,2006,0,0,SEA,ARI,1615.1,1433.844,0.8049561637917211,21,10,1.0
2006-09-17,2006,0,0,BAL,OAK,1531.221,1378.976,0.7773972600547109,28,6,1.0
2006-09-17,2006,0,0,PHI,NYG,1480.215,1507.757,0.5536984997167874,24,30,0.0
2006-09-17,2006,0,0,NYJ,NE,1472.664,1608.908,0.3988849228584293,17,24,0.0
2006-09-17,2006,0,0,MIA,BUF,1502.773,1469.338,0.6379869133655997,6,16,0.0
2006-09-17,2006,0,0,MIN,CAR,1535.154,1552.846,0.5676640265710194,16,13,1.0
2006-09-17,2006,0,0,IND,HOU,1651.889,1352.009,0.8909438113903526,43,24,1.0
2006-09-18,2006,0,0,JAX,PIT,1568.631,1691.489,0.4174968920778197,9,0,1.0
2006-09-24,2006,0,0,TB,CAR,1460.582,1541.111,0.4776668425039252,24,26,0.0
2006-09-24,2006,0,0,BUF,NYJ,1501.367,1456.596,0.6529184955543351,20,28,0.0
2006-09-24,2006,0,0,IND,JAX,1657.493,1596.181,0.6741708323088988,21,14,1.0
2006-09-24,2006,0,0,DET,GB,1382.895,1403.936,0.5629266597869774,24,31,0.0
2006-09-24,2006,0,0,HOU,WSH,1346.405,1506.363,0.3666484416432762,15,31,0.0
2006-09-24,2006,0,0,MIA,TEN,1470.743,1375.679,0.7153277785190758,13,10,1.0
2006-09-24,2006,0,0,MIN,CHI,1546.888,1563.721,0.5688771791875731,16,19,0.0
2006-09-24,2006,0,0,NE,DEN,1624.977,1605.487,0.6192494010430583,7,17,0.0
2006-09-24,2006,0,0,PIT,CIN,1663.939,1579.777,0.7023775815821834,20,28,0.0
2006-09-24,2006,0,0,SEA,NYG,1623.818,1529.679,0.7142422410588564,42,30,1.0
2006-09-24,2006,0,0,ARI,LAR,1425.127,1446.505,0.5624493013366187,14,16,0.0
2006-09-24,2006,0,0,SF,PHI,1380.589,1458.293,0.4817256179368502,24,38,0.0
2006-09-24,2006,0,0,CLE,BAL,1401.87,1543.926,0.3908906410894018,14,15,0.0
2006-09-25,2006,0,0,NO,ATL,1443.406,1550.683,0.4394570265940672,23,3,1.0
2006-10-01,2006,0,0,LAR,DET,1459.113,1359.006,0.7212021072004339,41,34,1.0
2006-10-01,2006,0,0,NYJ,IND,1486.795,1670.308,0.3357669680380766,28,31,0.0
2006-10-01,2006,0,0,BUF,MIN,1471.168,1530.763,0.507777792829138,17,12,1.0
2006-10-01,2006,0,0,ATL,ARI,1515.882,1412.518,0.7249562418662726,32,10,1.0
2006-10-01,2006,0,0,WSH,JAX,1526.279,1583.365,0.5113871921618645,36,30,1.0
2006-10-01,2006,0,0,OAK,CLE,1366.271,1396.634,0.5496821659274298,21,24,0.0
2006-10-01,2006,0,0,TEN,DAL,1368.322,1501.133,0.4036326884580112,14,45,0.0
2006-10-01,2006,0,0,KC,SF,1535.78,1354.648,0.8048440713392242,41,0,1.0
2006-10-01,2006,0,0,HOU,MIA,1326.489,1478.101,0.3778747258652324,17,15,1.0
2006-10-01,2006,0,0,CIN,NE,1612.887,1594.093,0.6183043003324756,13,38,0.0
2006-10-01,2006,0,0,CHI,SEA,1579.847,1637.488,0.510588868862158,37,6,1.0
2006-10-01,2006,0,0,CAR,NO,1551.533,1478.207,0.6891757040566224,21,18,1.0
2006-10-01,2006,0,0,BAL,LAC,1549.161,1611.546,0.5037632164503983,16,13,1.0
2006-10-02,2006,0,0,PHI,GB,1484.234,1427.825,0.6679408229130541,31,9,1.0
2006-10-08,2006,0,0,CAR,CLE,1559.641,1412.119,0.7726569365400558,20,12,1.0
2006-10-08,2006,0,0,LAC,PIT,1597.804,1630.829,0.5458862481367286,23,13,1.0
2006-10-08,2006,0,0,PHI,DAL,1503.968,1528.274,0.5582970310985771,38,24,1.0
2006-10-08,2006,0,0,SF,OAK,1341.527,1350.787,0.5795351015055855,34,20,1.0
2006-10-08,2006,0,0,NYG,WSH,1516.009,1545.227,0.5513131443443909,19,3,1.0
2006-10-08,2006,0,0,NE,MIA,1635.978,1463.871,0.7965545345975327,20,10,1.0
2006-10-08,2006,0,0,NO,TB,1470.098,1450.16,0.6198572646214149,24,21,1.0
2006-10-08,2006,0,0,GB,LAR,1408.091,1469.898,0.5045949670138437,20,23,0.0
2006-10-08,2006,0,0,MIN,DET,1513.167,1348.221,0.7897925771765734,26,17,1.0
2006-10-08,2006,0,0,JAX,NYJ,1564.418,1477.961,0.7051318659573413,41,0,1.0
2006-10-08,2006,0,0,ARI,KC,1396.497,1548.9,0.3768048936151347,20,23,0.0
2006-10-08,2006,0,0,IND,TEN,1679.142,1341.181,0.9104897892376428,14,13,1.0
2006-10-08,2006,0,0,CHI,BUF,1613.657,1488.764,0.7489672742113078,40,7,1.0
2006-10-09,2006,0,0,DEN,BAL,1636.371,1562.904,0.6893495453818551,13,3,1.0
2006-10-15,2006,0,0,LAR,SEA,1483.909,1603.678,0.421827523648232,28,30,0.0
2006-10-15,2006,0,0,DEN,OAK,1650.387,1328.577,0.9026179392278167,13,3,1.0
2006-10-15,2006,0,0,DET,BUF,1339.457,1472.466,0.4033583584585452,20,17,1.0
2006-10-15,2006,0,0,SF,LAC,1363.737,1619.27,0.2503406873794779,19,48,0.0
2006-10-15,2006,0,0,DAL,HOU,1504.785,1340.718,0.7889512943444019,34,6,1.0
2006-10-15,2006,0,0,WSH,TEN,1520.21,1340.132,0.8038893151552627,22,25,0.0
2006-10-15,2006,0,0,ATL,NYG,1531.904,1541.027,0.57972725951595,14,27,0.0
2006-10-15,2006,0,0,NO,PHI,1480.246,1527.457,0.5255780815747386,27,24,1.0
2006-10-15,2006,0,0,NYJ,MIA,1457.338,1455.063,0.5956243788746471,20,17,1.0
2006-10-15,2006,0,0,PIT,KC,1609.362,1558.948,0.6602427974223538,45,7,1.0
2006-10-15,2006,0,0,BAL,CAR,1548.888,1568.751,0.5645943684274908,21,23,0.0
2006-10-15,2006,0,0,TB,CIN,1440.012,1571.002,0.4061584989184539,14,13,1.0
2006-10-16,2006,0,0,ARI,CHI,1386.449,1629.955,0.2635568136562897,23,24,0.0
2006-10-22,2006,0,0,KC,LAC,1535.295,1634.942,0.4503035850442777,30,27,1.0
2006-10-22,2006,0,0,MIA,GB,1444.184,1394.08,0.659842379206476,24,34,0.0
2006-10-22,2006,0,0,HOU,JAX,1327.845,1585.04,0.2485494930929953,27,7,1.0
2006-10-22,2006,0,0,IND,WSH,1680.191,1495.127,0.8083747481495709,36,22,1.0
2006-10-22,2006,0,0,CLE,DEN,1403.008,1654.359,0.2548856683579992,7,17,0.0
2006-10-22,2006,0,0,CIN,CAR,1562.515,1581.417,0.5659537876339465,17,14,1.0
2006-10-22,2006,0,0,BUF,NE,1455.396,1644.786,0.3282641861530558,6,28,0.0
2006-10-22,2006,0,0,TB,PHI,1448.499,1514.408,0.4986918468288503,23,21,1.0
2006-10-22,2006,0,0,ATL,PIT,1500.508,1633.016,0.4040526131200414,41,38,1.0
2006-10-22,2006,0,0,SEA,MIN,1612.721,1521.931,0.7102913199402318,13,31,0.0
2006-10-22,2006,0,0,OAK,ARI,1324.605,1383.069,0.5094049506733319,22,9,1.0
2006-10-22,2006,0,0,NYJ,DET,1468.217,1356.527,0.7344091633672204,31,24,1.0
2006-10-23,2006,0,0,DAL,NYG,1517.658,1572.423,0.514725089712457,22,36,0.0
2006-10-29,2006,0,0,NO,BAL,1493.295,1536.222,0.5317229317784411,22,35,0.0
2006-10-29,2006,0,0,CIN,ATL,1574.303,1517.554,0.6683747784401681,27,29,0.0
2006-10-29,2006,0,0,CLE,NYJ,1391.739,1478.442,0.4688074332545751,20,13,1.0
2006-10-29,2006,0,0,CAR,DAL,1569.629,1489.65,0.6973195644558078,14,35,0.0
2006-10-29,2006,0,0,OAK,PIT,1350.422,1615.97,0.2396777419321318,20,13,1.0
2006-10-29,2006,0,0,GB,ARI,1427.472,1357.252,0.6853327791640118,31,14,1.0
2006-10-29,2006,0,0,DEN,IND,1665.628,1689.51,0.5588988352574551,31,34,0.0
2006-10-29,2006,0,0,LAC,LAR,1619.458,1474.866,0.7696805919622739,38,24,1.0
2006-10-29,2006,0,0,PHI,JAX,1503.389,1534.904,0.5480401382006784,6,13,0.0
2006-10-29,2006,0,0,TEN,HOU,1365.215,1377.981,0.5746094915214539,28,22,1.0
2006-10-29,2006,0,0,NYG,TB,1600.431,1459.519,0.7659038576919462,17,3,1.0
2006-10-29,2006,0,0,KC,SEA,1550.779,1567.705,0.568745876331126,35,28,1.0
2006-10-29,2006,0,0,CHI,SF,1633.334,1348.065,0.8824989619823492,41,10,1.0
2006-10-30,2006,0,0,MIN,NE,1566.947,1664.27,0.4536172033516503,7,31,0.0
2006-11-05,2006,0,0,CHI,MIA,1640.36,1410.793,0.8449675740135639,13,31,0.0
2006-11-05,2006,0,0,BUF,GB,1435.912,1444.609,0.5803246181173594,24,10,1.0
2006-11-05,2006,0,0,LAR,KC,1463.476,1568.331,0.4428943062186741,17,31,0.0
2006-11-05,2006,0,0,PIT,DEN,1581.177,1649.837,0.4947330314270857,20,31,0.0
2006-11-05,2006,0,0,DET,ATL,1346.302,1533.1,0.3315627044697175,30,14,1.0
2006-11-05,2006,0,0,BAL,CIN,1564.572,1558.757,0.6005227979562128,26,20,1.0
2006-11-05,2006,0,0,SF,MIN,1341.039,1538.167,0.3185182045213161,9,3,1.0
2006-11-05,2006,0,0,TB,NO,1447.925,1464.945,0.5686131517945451,14,31,0.0
2006-11-05,2006,0,0,WSH,DAL,1485.808,1535.8,0.5215848245323291,22,19,1.0
2006-11-05,2006,0,0,NYG,HOU,1612.025,1361.81,0.859907679930792,14,10,1.0
2006-11-05,2006,0,0,JAX,TEN,1558.049,1381.386,0.8007716312297887,37,7,1.0
2006-11-05,2006,0,0,LAC,CLE,1630.847,1414.051,0.8350911759741166,32,25,1.0
2006-11-05,2006,0,0,NE,IND,1693.049,1705.301,0.5753325663244828,20,27,0.0
2006-11-06,2006,0,0,SEA,OAK,1550.153,1385.215,0.7897849315589225,16,0,1.0
2006-11-12,2006,0,0,ARI,DAL,1340.115,1522.625,0.337055887764806,10,27,0.0
2006-11-12,2006,0,0,OAK,DEN,1374.43,1674.384,0.2054613089441139,13,17,0.0
2006-11-12,2006,0,0,PIT,NO,1556.631,1498.548,0.6700746489306649,38,31,1.0
2006-11-12,2006,0,0,PHI,WSH,1480.244,1498.982,0.5661856815819419,27,3,1.0
2006-11-12,2006,0,0,TEN,BAL,1369.057,1579.634,0.3019543667682583,26,27,0.0
2006-11-12,2006,0,0,NYG,CHI,1615.969,1582.909,0.6374881986086136,20,38,0.0
2006-11-12,2006,0,0,MIN,GB,1509.951,1422.446,0.7063846515041282,17,23,0.0
2006-11-12,2006,0,0,MIA,KC,1468.244,1591.892,0.4163913618514842,13,10,1.0
2006-11-12,2006,0,0,JAX,HOU,1570.378,1357.866,0.8316669336282019,10,13,0.0
2006-11-12,2006,0,0,DET,SF,1386.399,1369.256,0.6160588285193969,13,19,0.0
2006-11-12,2006,0,0,IND,BUF,1729.816,1458.075,0.8741803329410667,17,16,1.0
2006-11-12,2006,0,0,ATL,CLE,1493.004,1407.971,0.7034246348400827,13,17,0.0
2006-11-12,2006,0,0,CIN,LAC,1543.694,1636.926,0.4594600738025794,41,49,0.0
2006-11-12,2006,0,0,SEA,LAR,1560.938,1439.916,0.7447544816873225,24,22,1.0
2006-11-12,2006,0,0,NE,NYJ,1668.534,1456.13,0.8315798798013141,14,17,0.0
2006-11-13,2006,0,0,CAR,TB,1523.479,1414.322,0.7315553781831188,24,10,1.0
2006-11-19,2006,0,0,NYJ,CHI,1482.513,1622.201,0.394140972268095,0,10,0.0
2006-11-19,2006,0,0,MIA,MIN,1484.868,1480.412,0.5986446227772384,24,20,1.0
2006-11-19,2006,0,0,GB,NE,1451.985,1642.151,0.3272799356073648,0,35,0.0
2006-11-19,2006,0,0,HOU,BUF,1384.253,1456.562,0.4894830548687821,21,24,0.0
2006-11-19,2006,0,0,KC,OAK,1575.268,1368.455,0.8270240781219954,17,13,1.0
2006-11-19,2006,0,0,NO,CIN,1485.554,1523.76,0.538483403892455,16,31,0.0
2006-11-19,2006,0,0,PHI,TEN,1507.597,1365.131,0.7675039333809489,13,31,0.0
2006-11-19,2006,0,0,BAL,ATL,1583.56,1468.704,0.737948765236061,24,10,1.0
2006-11-19,2006,0,0,TB,WSH,1400.849,1471.629,0.4916826786446616,20,17,1.0
2006-11-19,2006,0,0,DEN,LAC,1680.359,1656.861,0.6246741188450107,27,35,0.0
2006-11-19,2006,0,0,SF,SEA,1394.162,1566.109,0.3507745289826939,20,14,1.0
2006-11-19,2006,0,0,CLE,PIT,1432.271,1569.625,0.3973538285647774,20,24,0.0
2006-11-19,2006,0,0,ARI,DET,1321.618,1361.493,0.5360948835765117,17,10,1.0
2006-11-19,2006,0,0,CAR,LAR,1536.952,1434.744,0.7236273913666279,15,0,1.0
2006-11-19,2006,0,0,DAL,IND,1541.122,1731.329,0.3272279748334754,21,14,1.0
2006-11-20,2006,0,0,JAX,NYG,1543.99,1576.677,0.5463685292958853,26,10,1.0
2006-11-23,2006,0,0,DAL,TB,1570.79,1414.98,0.7809283460556417,38,10,1.0
2006-11-23,2006,0,0,KC,DEN,1580.223,1651.758,0.4905964879332521,19,10,1.0
2006-11-23,2006,0,0,DET,MIA,1342.417,1497.392,0.3733345866760913,10,27,0.0
2006-11-26,2006,0,0,NYJ,HOU,1464.231,1370.726,0.7134967752276795,26,11,1.0
2006-11-26,2006,0,0,LAR,SF,1420.502,1420.72,0.5921631977179012,20,17,1.0
2006-11-26,2006,0,0,LAC,OAK,1685.463,1363.499,0.9026958332860626,21,14,1.0
2006-11-26,2006,0,0,WSH,CAR,1457.499,1551.195,0.4587967860900857,17,13,1.0
2006-11-26,2006,0,0,BAL,PIT,1596.68,1582.008,0.6126888624712804,27,0,1.0
2006-11-26,2006,0,0,TEN,NYG,1415.035,1551.344,0.3987952093460334,24,21,1.0
2006-11-26,2006,0,0,NE,CHI,1664.345,1640.483,0.6251652590750083,17,13,1.0
2006-11-26,2006,0,0,MIN,ARI,1467.888,1340.694,0.751449431755692,31,26,1.0
2006-11-26,2006,0,0,IND,PHI,1701.661,1457.694,0.8555185957781573,45,21,1.0
2006-11-26,2006,0,0,CLE,CIN,1419.888,1553.988,0.4018478605334466,0,30,0.0
2006-11-26,2006,0,0,BUF,JAX,1470.089,1569.323,0.4508921374892017,27,24,1.0
2006-11-26,2006,0,0,ATL,NO,1455.584,1455.326,0.5928247749397718,13,31,0.0
2006-11-27,2006,0,0,SEA,GB,1539.551,1429.791,0.7322365012043307,34,24,1.0
2006-11-30,2006,0,0,CIN,BAL,1580.746,1621.59,0.5347073719798933,13,7,1.0
2006-12-03,2006,0,0,OAK,HOU,1360.058,1355.907,0.5982227040329188,14,23,0.0
2006-12-03,2006,0,0,PIT,TB,1557.098,1401.572,0.7806485311665686,20,3,1.0
2006-12-03,2006,0,0,TEN,IND,1432.262,1709.817,0.2273096965831289,20,17,1.0
2006-12-03,2006,0,0,NYG,DAL,1534.117,1584.198,0.5214569805202562,20,23,0.0
2006-12-03,2006,0,0,CLE,KC,1393.129,1603.752,0.3018985562723997,31,28,1.0
2006-12-03,2006,0,0,DEN,SEA,1628.229,1551.448,0.6934199785704265,20,23,0.0
2006-12-03,2006,0,0,GB,NYJ,1417.895,1479.051,0.5055317349738775,10,38,0.0
2006-12-03,2006,0,0,BUF,LAC,1485.554,1688.904,0.310794702159,21,24,0.0
2006-12-03,2006,0,0,WSH,ATL,1475.15,1419.606,0.6668355037351987,14,24,0.0
2006-12-03,2006,0,0,MIA,JAX,1518.126,1553.858,0.5420206864087628,10,24,0.0
2006-12-03,2006,0,0,CHI,MIN,1628.886,1476.079,0.7779565996674233,23,13,1.0
2006-12-03,2006,0,0,LAR,ARI,1431.486,1332.503,0.7198992734865963,20,34,0.0
2006-12-03,2006,0,0,NE,DET,1675.942,1321.684,0.917846676110549,28,21,1.0
2006-12-03,2006,0,0,NO,SF,1491.304,1409.735,0.6992478988963099,34,10,1.0
2006-12-04,2006,0,0,PHI,CAR,1449.538,1533.544,0.4726754180790669,27,24,1.0
2006-12-07,2006,0,0,PIT,CLE,1568.623,1413.857,0.7798984672906984,27,7,1.0
2006-12-10,2006,0,0,TB,ATL,1390.047,1453.44,0.502312642410911,6,17,0.0
2006-12-10,2006,0,0,DET,MIN,1318.814,1466.39,0.3833517789539922,20,30,0.0
2006-12-10,2006,0,0,LAC,DEN,1697.012,1607.679,0.7085623900757027,48,20,1.0
2006-12-10,2006,0,0,WSH,PHI,1441.316,1464.286,0.5601926934469507,19,21,0.0
2006-12-10,2006,0,0,SF,GB,1391.583,1383.79,0.6032511599788658,19,30,0.0
2006-12-10,2006,0,0,NYJ,BUF,1513.156,1477.447,0.6410047259156993,13,31,0.0
2006-12-10,2006,0,0,MIA,NE,1488.374,1678.812,0.3269352994486604,21,0,1.0
2006-12-10,2006,0,0,KC,BAL,1583.025,1603.679,0.5634746991331733,10,20,0.0
2006-12-10,2006,0,0,JAX,IND,1583.61,1686.102,0.4462531352219509,44,17,1.0
2006-12-10,2006,0,0,HOU,TEN,1384.35,1455.977,0.4904641367825638,20,26,0.0
2006-12-10,2006,0,0,DAL,NO,1598.754,1509.456,0.7085207831446643,17,42,0.0
2006-12-10,2006,0,0,ARI,SEA,1374.633,1571.998,0.318222140946109,27,21,1.0
2006-12-10,2006,0,0,CIN,OAK,1598.658,1331.615,0.8711755806882012,27,10,1.0
2006-12-10,2006,0,0,CAR,NYG,1518.796,1519.56,0.5914039182965863,13,27,0.0
2006-12-11,2006,0,0,LAR,CHI,1389.355,1638.575,0.2572224053402898,27,42,0.0
2006-12-14,2006,0,0,SEA,SF,1543.766,1360.577,0.8066972342238041,14,24,0.0
2006-12-16,2006,0,0,ATL,DAL,1478.422,1549.104,0.4918236736139041,28,38,0.0
2006-12-17,2006,0,0,OAK,LAR,1325.144,1376.194,0.5200648825444935,0,20,0.0
2006-12-17,2006,0,0,BUF,MIA,1517.006,1532.499,0.5707679861400811,21,0,1.0
2006-12-17,2006,0,0,NYG,PHI,1552.555,1476.834,0.6921212652956686,22,36,0.0
2006-12-17,2006,0,0,LAC,KC,1715.352,1555.446,0.7849354057435035,20,9,1.0
2006-12-17,2006,0,0,ARI,DEN,1402.866,1589.338,0.3319787461242718,20,37,0.0
2006-12-17,2006,0,0,CHI,TB,1651.736,1365.065,0.8833332551243428,34,31,1.0
2006-12-17,2006,0,0,CAR,PIT,1485.802,1580.808,0.4569249373562924,3,37,0.0
2006-12-17,2006,0,0,BAL,CLE,1631.258,1401.672,0.8449819010213963,27,17,1.0
2006-12-17,2006,0,0,TEN,JAX,1475.007,1621.154,0.385298202576051,24,17,1.0
2006-12-17,2006,0,0,NE,HOU,1634.686,1365.32,0.8726688979469627,40,7,1.0
2006-12-17,2006,0,0,NO,WSH,1559.107,1428.767,0.7548164382988999,10,16,0.0
2006-12-17,2006,0,0,MIN,NYJ,1484.109,1473.597,0.6069911341369573,13,26,0.0
2006-12-17,2006,0,0,GB,DET,1414.796,1301.094,0.7366621184108844,17,9,1.0
2006-12-18,2006,0,0,IND,CIN,1648.558,1605.128,0.6511670940408693,34,16,1.0
2006-12-21,2006,0,0,GB,MIN,1425.499,1450.933,0.5566951756011876,9,7,1.0
2006-12-23,2006,0,0,OAK,KC,1293.275,1545.749,0.2536598823398867,9,20,0.0
2006-12-24,2006,0,0,SF,ARI,1404.184,1384.679,0.6192697596789267,20,26,0.0
2006-12-24,2006,0,0,PIT,BAL,1612.861,1637.814,0.5573783824968311,7,31,0.0
2006-12-24,2006,0,0,NYG,NO,1512.507,1526.869,0.5723622802089959,7,30,0.0
2006-12-24,2006,0,0,JAX,NE,1594.61,1642.482,0.5246292242961941,21,24,0.0
2006-12-24,2006,0,0,HOU,IND,1357.524,1668.136,0.1956265251611923,27,24,1.0
2006-12-24,2006,0,0,DET,CHI,1290.392,1654.525,0.1516204233832083,21,26,0.0
2006-12-24,2006,0,0,DEN,CIN,1607.525,1585.551,0.6226150296007743,24,23,1.0
2006-12-24,2006,0,0,CLE,TB,1395.115,1362.276,0.6371941506422932,7,22,0.0
2006-12-24,2006,0,0,BUF,TEN,1542.957,1501.551,0.6485159290530135,29,30,0.0
2006-12-24,2006,0,0,ATL,CAR,1454.896,1453.748,0.5940608531728087,3,10,0.0
2006-12-24,2006,0,0,SEA,LAC,1500.159,1725.049,0.2848762302182722,17,20,0.0
2006-12-24,2006,0,0,LAR,WSH,1408.063,1461.006,0.5173444557839542,37,31,1.0
2006-12-25,2006,0,0,MIA,NYJ,1506.547,1506.774,0.5921506856784138,10,13,0.0
2006-12-25,2006,0,0,DAL,PHI,1572.63,1516.882,0.6670963461224096,7,23,0.0
2006-12-30,2006,0,0,WSH,NYG,1442.324,1475.27,0.5459989784013076,28,34,0.0
2006-12-31,2006,0,0,PHI,ATL,1556.877,1429.424,0.7517277919421851,24,17,1.0
2006-12-31,2006,0,0,TEN,NE,1510.998,1657.142,0.385302292726456,23,40,0.0
2006-12-31,2006,0,0,NYJ,OAK,1523.69,1281.659,0.8541355961185668,23,3,1.0
2006-12-31,2006,0,0,NO,CAR,1564.106,1479.22,0.7032480715475958,21,31,0.0
2006-12-31,2006,0,0,KC,JAX,1557.365,1579.95,0.5607386501439442,35,30,1.0
2006-12-31,2006,0,0,HOU,CLE,1382.629,1358.137,0.6260147003353294,14,6,1.0
2006-12-31,2006,0,0,DEN,SF,1612.558,1379.12,0.8478642369602649,23,26,0.0
2006-12-31,2006,0,0,DAL,DET,1532.634,1285.609,0.8576808859350105,31,39,0.0
2006-12-31,2006,0,0,IND,MIA,1643.031,1489.631,0.7785457028011441,27,22,1.0
2006-12-31,2006,0,0,MIN,LAR,1441.365,1426.744,0.6126191933697323,21,41,0.0
2006-12-31,2006,0,0,CHI,GB,1659.308,1435.067,0.8409087261706395,7,26,0.0
2006-12-31,2006,0,0,TB,SEA,1399.254,1492.795,0.4590183423714191,7,23,0.0
2006-12-31,2006,0,0,BAL,BUF,1674.362,1533.51,0.7658419256577665,19,7,1.0
2006-12-31,2006,0,0,LAC,ARI,1732.412,1409.743,0.9030517168432428,27,20,1.0
2006-12-31,2006,0,0,CIN,PIT,1580.518,1576.313,0.5982974150204486,17,23,0.0
2007-01-06,2006,0,1,SEA,DAL,1518.472,1488.714,0.6330841672166873,21,20,1.0
2007-01-06,2006,0,1,IND,KC,1650.25,1572.809,0.6942270654469679,23,8,1.0
2007-01-07,2006,0,1,PHI,NYG,1566.372,1496.834,0.6844855349140431,23,20,1.0
2007-01-07,2006,0,1,NE,NYJ,1678.623,1531.484,0.7722694256975564,37,16,1.0
2007-01-13,2006,0,1,NO,PHI,1527.914,1574.616,0.5263086192408528,27,24,1.0
2007-01-13,2006,0,1,BAL,IND,1685.346,1666.175,0.618816341552598,6,15,0.0
2007-01-14,2006,0,1,CHI,SEA,1601.299,1523.349,0.6948486878645799,27,24,1.0
2007-01-14,2006,0,1,LAC,NE,1735.84,1691.463,0.6524043420190541,21,24,0.0
2007-01-21,2006,0,1,CHI,NO,1609.243,1540.939,0.6829494257181926,39,14,1.0
2007-01-21,2006,0,1,IND,NE,1695.806,1710.498,0.571897255296217,38,34,1.0
2007-02-04,2006,1,1,IND,CHI,1709.278,1628.723,0.6138943611771364,29,17,1.0
2007-09-06,2007,0,0,IND,NO,1653.923,1515.973,0.7628329116106539,41,10,1.0
2007-09-09,2007,0,0,WSH,MIA,1448.841,1489.941,0.5343407148446979,16,13,1.0
2007-09-09,2007,0,0,BUF,DEN,1516.684,1558.574,0.5332090015896326,14,15,0.0
2007-09-09,2007,0,0,SEA,TB,1511.936,1417.385,0.7147260519704881,20,6,1.0
2007-09-09,2007,0,0,CLE,PIT,1396.563,1568.569,0.3506971880696322,7,34,0.0
2007-09-09,2007,0,0,GB,PHI,1497.051,1542.727,0.5277808310070924,16,13,1.0
2007-09-09,2007,0,0,HOU,KC,1433.947,1539.589,0.4417767868978196,20,3,1.0
2007-09-09,2007,0,0,JAX,TEN,1544.671,1494.678,0.6596989480730466,10,13,0.0
2007-09-09,2007,0,0,MIN,ATL,1436.774,1448.286,0.5763730022341782,24,3,1.0
2007-09-09,2007,0,0,NYJ,NE,1514.095,1633.017,0.4230171104459246,14,38,0.0
2007-09-09,2007,0,0,LAR,CAR,1478.632,1511.942,0.5454795239843931,13,27,0.0
2007-09-09,2007,0,0,LAC,CHI,1646.204,1574.744,0.6868700641934935,14,3,1.0
2007-09-09,2007,0,0,OAK,DET,1350.91,1388.019,0.5400523751940157,21,36,0.0
2007-09-09,2007,0,0,DAL,NYG,1490.892,1494.06,0.5880557189937616,45,35,1.0
2007-09-10,2007,0,0,CIN,BAL,1539.318,1605.477,0.4983320711101784,27,20,1.0
2007-09-10,2007,0,0,SF,ARI,1439.211,1439.21,0.5924676204814968,20,17,1.0
2007-09-16,2007,0,0,DET,MIN,1418.35,1462.342,0.5301961509550274,20,17,1.0
2007-09-16,2007,0,0,DEN,OAK,1566.044,1320.578,0.8565819201912412,23,20,1.0
2007-09-16,2007,0,0,ARI,SEA,1428.235,1526.342,0.4524988818995699,23,20,1.0
2007-09-16,2007,0,0,CLE,CIN,1374.276,1560.193,0.3326876413696963,51,45,1.0
2007-09-16,2007,0,0,PIT,BUF,1590.857,1509.213,0.6993386850123575,26,3,1.0
2007-09-16,2007,0,0,TEN,IND,1513.978,1668.974,0.3733063051856218,20,22,0.0
2007-09-16,2007,0,0,NYG,GB,1474.844,1510.03,0.5428007901341221,13,35,0.0
2007-09-16,2007,0,0,CHI,KC,1560.09,1506.713,0.6640584059786804,20,10,1.0
2007-09-16,2007,0,0,CAR,HOU,1541.917,1466.824,0.6913504000090033,21,34,0.0
2007-09-16,2007,0,0,BAL,NYJ,1584.602,1487.514,0.7176943699725159,20,13,1.0
2007-09-16,2007,0,0,NE,LAC,1659.599,1660.857,0.5907165750859004,38,14,1.0
2007-09-16,2007,0,0,LAR,SF,1448.656,1450.186,0.5903379673195525,16,17,0.0
2007-09-16,2007,0,0,TB,NO,1402.979,1500.922,0.4527327772076071,31,14,1.0
2007-09-16,2007,0,0,JAX,ATL,1525.372,1422.719,0.7241393993731865,13,7,1.0
2007-09-16,2007,0,0,MIA,DAL,1477.169,1510.108,0.5460089669316354,20,37,0.0
2007-09-17,2007,0,0,PHI,WSH,1529.748,1461.613,0.6827387391936728,12,20,0.0
2007-09-23,2007,0,0,ATL,CAR,1412.743,1502.945,0.4637948837623197,20,27,0.0
2007-09-23,2007,0,0,TB,LAR,1435.096,1440.229,0.5853128607558282,24,3,1.0
2007-09-23,2007,0,0,WSH,NYG,1493.548,1440.337,0.6638451987627798,17,24,0.0
2007-09-23,2007,0,0,SEA,CIN,1510.93,1532.712,0.5618768854106302,24,21,1.0
2007-09-23,2007,0,0,BAL,ARI,1595.537,1443.647,0.7770434227075483,26,23,1.0
2007-09-23,2007,0,0,OAK,CLE,1317.094,1401.757,0.4717328413682091,26,24,1.0
2007-09-23,2007,0,0,PIT,SF,1608.773,1458.613,0.7753133528186104,37,16,1.0
2007-09-23,2007,0,0,GB,LAC,1544.536,1635.25,0.4630619986308518,31,24,1.0
2007-09-23,2007,0,0,PHI,DET,1497.813,1431.253,0.6807716457188818,56,21,1.0
2007-09-23,2007,0,0,NYJ,MIA,1476.579,1445.139,0.6353303595804825,31,28,1.0
2007-09-23,2007,0,0,NE,BUF,1685.205,1491.297,0.8161374404448888,38,7,1.0
2007-09-23,2007,0,0,KC,MIN,1491.424,1449.439,0.6492752847076046,13,10,1.0
2007-09-23,2007,0,0,HOU,IND,1505.796,1676.854,0.3519408333191643,24,30,0.0
2007-09-23,2007,0,0,DEN,JAX,1569.529,1535.347,0.6389794671670503,14,23,0.0
2007-09-23,2007,0,0,CHI,DAL,1575.379,1542.138,0.6377289486235602,10,34,0.0
2007-09-24,2007,0,0,NO,TEN,1468.805,1506.098,0.5397892659145768,14,31,0.0
2007-09-30,2007,0,0,BUF,NYJ,1479.895,1486.265,0.5835834581681426,17,14,1.0
2007-09-30,2007,0,0,ATL,HOU,1393.673,1492.729,0.4511458417960482,26,16,1.0
2007-09-30,2007,0,0,CLE,BAL,1390.045,1601.164,0.3012971456771123,27,13,1.0
2007-09-30,2007,0,0,IND,DEN,1689.921,1538.713,0.7763625315297524,38,20,1.0
2007-09-30,2007,0,0,ARI,PIT,1438.02,1621.426,0.3359043538339551,21,14,1.0
2007-09-30,2007,0,0,DET,CHI,1409.664,1532.404,0.4176620934007438,37,27,1.0
2007-09-30,2007,0,0,MIA,OAK,1435.453,1328.806,0.7287084323833016,17,35,0.0
2007-09-30,2007,0,0,MIN,GB,1440.166,1567.131,0.4117588275226934,16,23,0.0
2007-09-30,2007,0,0,NYG,PHI,1469.514,1519.401,0.5217356481006582,16,3,1.0
2007-09-30,2007,0,0,SF,SEA,1445.96,1522.844,0.4829042159167958,3,23,0.0
2007-09-30,2007,0,0,DAL,LAR,1585.112,1415.272,0.7944315416947647,35,7,1.0
2007-09-30,2007,0,0,CAR,TB,1522.015,1460.053,0.6749922149688682,7,20,0.0
2007-09-30,2007,0,0,LAC,KC,1612.655,1500.697,0.73470996802278,16,30,0.0
2007-10-01,2007,0,0,CIN,NE,1520.798,1696.608,0.3457273650604752,13,34,0.0
2007-10-07,2007,0,0,KC,JAX,1543.971,1566.163,0.5612957998100511,7,17,0.0
2007-10-07,2007,0,0,DEN,LAC,1526.722,1569.382,0.532105610205369,3,41,0.0
2007-10-07,2007,0,0,WSH,DET,1464.372,1438.345,0.6280811127647795,34,3,1.0
2007-10-07,2007,0,0,SF,BAL,1416.714,1560.629,0.3883457177628044,7,9,0.0
2007-10-07,2007,0,0,PIT,SEA,1592.236,1552.09,0.6468608501246971,21,0,1.0
2007-10-07,2007,0,0,TEN,ATL,1537.7,1420.409,0.7406503207355665,20,13,1.0
2007-10-07,2007,0,0,NYG,NYJ,1494.585,1475.019,0.6193525471441433,35,24,1.0
2007-10-07,2007,0,0,NE,CLE,1716.956,1430.579,0.8831587306144953,34,17,1.0
2007-10-07,2007,0,0,HOU,MIA,1465.993,1388.909,0.693790652400376,22,19,1.0
2007-10-07,2007,0,0,GB,CHI,1583.787,1503.724,0.6974216136877223,20,27,0.0
2007-10-07,2007,0,0,IND,TB,1701.912,1497.862,0.8247369209983809,33,14,1.0
2007-10-07,2007,0,0,LAR,ARI,1402.763,1467.21,0.5007958303007171,31,34,0.0
2007-10-07,2007,0,0,NO,CAR,1437.203,1484.207,0.5258751898482503,13,16,0.0
2007-10-08,2007,0,0,BUF,DAL,1491.141,1597.621,0.4405874970874526,24,25,0.0
2007-10-14,2007,0,0,JAX,HOU,1593.615,1473.968,0.7432469392929616,37,17,1.0
2007-10-14,2007,0,0,NYJ,PHI,1456.802,1494.33,0.5394531973752806,9,16,0.0
2007-10-14,2007,0,0,CHI,MIN,1534.776,1423.51,0.7339328189747443,31,34,0.0
2007-10-14,2007,0,0,CLE,MIA,1424.755,1380.934,0.6516781805561951,41,31,1.0
2007-10-14,2007,0,0,ARI,CAR,1481.098,1498.907,0.5674987261035586,10,25,0.0
2007-10-14,2007,0,0,DAL,NE,1603.616,1722.78,0.4226771367710941,27,48,0.0
2007-10-14,2007,0,0,LAC,OAK,1608.77,1375.35,0.847850870959232,28,14,1.0
2007-10-14,2007,0,0,GB,WSH,1552.734,1489.127,0.6770661341474531,17,14,1.0
2007-10-14,2007,0,0,KC,CIN,1516.518,1500.45,0.6145940847266587,27,20,1.0
2007-10-14,2007,0,0,SEA,NO,1531.254,1422.503,0.7310961605662895,17,28,0.0
2007-10-14,2007,0,0,TB,TEN,1488.506,1547.66,0.5084122764067318,13,10,1.0
2007-10-14,2007,0,0,BAL,LAR,1568.867,1388.875,0.8038112572318549,22,3,1.0
2007-10-15,2007,0,0,ATL,NYG,1410.448,1512.802,0.4464494467776373,10,31,0.0
2007-10-21,2007,0,0,SEA,LAR,1491.805,1378.298,0.7364443036406343,33,6,1.0
2007-10-21,2007,0,0,HOU,TEN,1459.545,1534.067,0.4863001703532009,36,38,0.0
2007-10-21,2007,0,0,DET,TB,1413.59,1502.099,0.4662193681348235,23,16,1.0
2007-10-21,2007,0,0,DEN,PIT,1487.334,1613.072,0.4134706848055869,31,28,1.0
2007-10-21,2007,0,0,DAL,MIN,1578.114,1445.632,0.7570912213047405,24,14,1.0
2007-10-21,2007,0,0,CIN,NYJ,1484.991,1434.083,0.6608804099529302,38,31,1.0
2007-10-21,2007,0,0,NO,ATL,1461.953,1383.309,0.6956951005101533,22,16,1.0
2007-10-21,2007,0,0,PHI,CHI,1517.049,1512.655,0.598558867502191,16,19,0.0
2007-10-21,2007,0,0,OAK,KC,1368.094,1531.977,0.3614176781845866,10,12,0.0
2007-10-21,2007,0,0,MIA,NE,1365.016,1748.283,0.1379892301988748,28,49,0.0
2007-10-21,2007,0,0,NYG,SF,1539.941,1408.477,0.7560119057349154,33,15,1.0
2007-10-21,2007,0,0,WSH,ARI,1480.668,1448.94,0.6357143760728036,21,19,1.0
2007-10-21,2007,0,0,BUF,BAL,1485.146,1579.443,0.4579378742949715,19,14,1.0
2007-10-22,2007,0,0,JAX,IND,1608.039,1711.269,0.445203581156535,7,29,0.0
2007-10-28,2007,0,0,NE,WSH,1755.735,1488.335,0.8714060411882426,52,7,1.0
2007-10-28,2007,1,0,NYG,MIA,1553.131,1357.564,0.7550581900384313,13,10,1.0
2007-10-28,2007,0,0,CIN,PIT,1498.389,1596.348,0.4527099572325751,13,24,0.0
2007-10-28,2007,0,0,CHI,DET,1529.791,1436.029,0.7137990995727099,7,16,0.0
2007-10-28,2007,0,0,CAR,IND,1531.066,1738.711,0.3055237119929369,7,31,0.0
2007-10-28,2007,0,0,LAC,HOU,1616.026,1448.906,0.7918627114302874,35,10,1.0
2007-10-28,2007,0,0,LAR,CLE,1362.052,1440.673,0.4804078418640271,20,27,0.0
2007-10-28,2007,0,0,MIN,PHI,1434.942,1499.913,0.5000417343547136,16,23,0.0
2007-10-28,2007,0,0,TB,JAX,1479.66,1580.597,0.4484661521775005,23,24,0.0
2007-10-28,2007,0,0,SF,NO,1395.287,1473.07,0.4816120806120587,10,31,0.0
2007-10-28,2007,0,0,TEN,OAK,1544.706,1360.494,0.8076138662848735,13,9,1.0
2007-10-28,2007,0,0,NYJ,BUF,1420.685,1504.833,0.472471678524906,3,13,0.0
2007-10-29,2007,0,0,DEN,GB,1504.058,1561.193,0.5113167118425422,13,19,0.0
2007-11-04,2007,0,0,TB,ARI,1473.543,1441.273,0.6364366049401335,17,10,1.0
2007-11-04,2007,0,0,OAK,HOU,1354.931,1436.638,0.4759752091138982,17,24,0.0
2007-11-04,2007,0,0,PHI,DAL,1520.709,1588.804,0.4955460547739607,17,38,0.0
2007-11-04,2007,0,0,TEN,CAR,1550.268,1512.595,0.6436021971295438,20,7,1.0
2007-11-04,2007,0,0,NYJ,WSH,1398.222,1479.781,0.4761877108303932,20,23,0.0
2007-11-04,2007,0,0,NO,JAX,1502.671,1586.714,0.4726223301326147,41,24,1.0
2007-11-04,2007,0,0,KC,GB,1539.576,1581.164,0.533641672207645,22,33,0.0
2007-11-04,2007,0,0,DET,DEN,1471.457,1484.087,0.5748008421125115,44,7,1.0
2007-11-04,2007,0,0,IND,NE,1757.182,1764.289,0.5825521047558013,20,24,0.0
2007-11-04,2007,0,0,CLE,SEA,1460.529,1508.051,0.5251316675311116,33,30,1.0
2007-11-04,2007,0,0,BUF,CIN,1527.296,1476.222,0.6610945376021863,33,21,1.0
2007-11-04,2007,0,0,ATL,SF,1372.192,1365.685,0.6014780299213877,20,16,1.0
2007-11-04,2007,0,0,MIN,LAC,1414.146,1628.294,0.2976392655932691,35,17,1.0
2007-11-05,2007,0,0,PIT,BAL,1618.515,1559.756,0.6709343617241008,38,7,1.0
2007-11-11,2007,0,0,CAR,ATL,1494.622,1384.616,0.7325140572416086,13,20,0.0
2007-11-11,2007,0,0,LAC,IND,1583.925,1737.924,0.3746499553579829,23,21,1.0
2007-11-11,2007,0,0,TEN,JAX,1568.241,1555.962,0.6094149567092272,13,28,0.0
2007-11-11,2007,0,0,PIT,CLE,1640.109,1473.592,0.7912900307075512,31,28,1.0
2007-11-11,2007,0,0,OAK,CHI,1335.285,1494.363,0.36782557481864,6,17,0.0
2007-11-11,2007,0,0,KC,DEN,1512.77,1453.872,0.6711109954574275,11,27,0.0
2007-11-11,2007,0,0,BAL,CIN,1538.162,1459.708,0.6954635050137995,7,21,0.0
2007-11-11,2007,0,0,GB,MIN,1607.97,1458.515,0.7746055956839683,34,0,1.0
2007-11-11,2007,0,0,ARI,DET,1426.793,1501.672,0.4857868063923063,31,21,1.0
2007-11-11,2007,0,0,WSH,PHI,1492.885,1490.117,0.5963077268537206,25,33,0.0
2007-11-11,2007,0,0,MIA,BUF,1351.327,1543.81,0.3243501911619442,10,13,0.0
2007-11-11,2007,0,0,NO,LAR,1533.424,1342.195,0.8138120339894376,29,37,0.0
2007-11-11,2007,0,0,NYG,DAL,1559.368,1619.396,0.5071547947674994,20,31,0.0
2007-11-12,2007,0,0,SEA,SF,1494.988,1353.261,0.7667439743246989,24,0,1.0
2007-11-18,2007,0,0,DET,NYG,1476.9,1534.106,0.5112145865006201,10,16,0.0
2007-11-18,2007,0,0,SEA,CHI,1508.715,1511.893,0.5880417741114116,30,23,1.0
2007-11-18,2007,0,0,BAL,CLE,1497.867,1468.356,0.6327538260718901,30,33,0.0
2007-11-18,2007,0,0,PHI,MIA,1517.155,1342.827,0.7986185759109815,17,7,1.0
2007-11-18,2007,0,0,NYJ,PIT,1385.118,1645.345,0.2453039651192549,19,16,1.0
2007-11-18,2007,0,0,MIN,OAK,1443.911,1317.755,0.750331747123643,29,22,1.0
2007-11-18,2007,0,0,HOU,NO,1456.284,1492.947,0.5406900362916689,23,10,1.0
2007-11-18,2007,0,0,GB,CAR,1622.574,1461.525,0.786044043745742,31,17,1.0
2007-11-18,2007,0,0,SF,LAR,1339.534,1382.672,0.5314204890726651,9,13,0.0
2007-11-18,2007,0,0,CIN,ARI,1500.002,1451.565,0.6576852556353865,27,35,0.0
2007-11-18,2007,0,0,JAX,LAC,1590.985,1598.245,0.5823379065992561,24,17,1.0
2007-11-18,2007,0,0,IND,KC,1723.604,1472.473,0.8605416852690017,13,10,1.0
2007-11-18,2007,0,0,BUF,NE,1552.311,1783.548,0.277491858331131,10,56,0.0
2007-11-18,2007,0,0,ATL,TB,1417.713,1488.023,0.4923588906566989,7,31,0.0
2007-11-18,2007,0,0,DAL,WSH,1644.658,1465.847,0.8027369462445103,28,23,1.0
2007-11-19,2007,0,0,DEN,TEN,1494.17,1533.217,0.5372800554245003,34,20,1.0
2007-11-22,2007,0,0,ATL,IND,1386.092,1726.985,0.169641834659335,13,31,0.0
2007-11-22,2007,0,0,DAL,NYJ,1651.021,1408.08,0.8547870254798905,34,3,1.0
2007-11-22,2007,0,0,DET,GB,1456.934,1633.082,0.3452873835439078,26,37,0.0
2007-11-25,2007,0,0,JAX,BUF,1607.911,1532.444,0.6918096109142298,36,14,1.0
2007-11-25,2007,0,0,CAR,NO,1451.017,1469.012,0.5672359098197686,6,31,0.0
2007-11-25,2007,0,0,LAR,SEA,1399.949,1525.38,0.4138993269045136,19,24,0.0
2007-11-25,2007,0,0,CHI,DEN,1495.229,1518.939,0.5591429141320259,37,34,1.0
2007-11-25,2007,0,0,LAC,BAL,1581.319,1479.536,0.7231378469796605,32,14,1.0
2007-11-25,2007,0,0,CIN,TEN,1469.529,1508.448,0.5374632331476008,35,6,1.0
2007-11-25,2007,0,0,NYG,MIN,1554.073,1453.465,0.7217816194615537,17,41,0.0
2007-11-25,2007,0,0,NE,PHI,1803.414,1525.865,0.8778118870670821,31,28,1.0
2007-11-25,2007,0,0,TB,WSH,1519.643,1459.484,0.6727111926175733,19,13,1.0
2007-11-25,2007,0,0,CLE,HOU,1486.687,1480.218,0.6014255949579007,27,17,1.0
2007-11-25,2007,0,0,ARI,SF,1482.037,1322.257,0.7848129388150812,31,37,0.0
2007-11-25,2007,0,0,KC,OAK,1469.092,1308.201,0.7858910417770957,17,20,0.0
2007-11-26,2007,0,0,PIT,MIA,1622.383,1334.117,0.88427614103959,3,0,1.0
2007-11-29,2007,0,0,DAL,GB,1659.851,1649.417,0.6068840177656659,37,27,1.0
2007-12-02,2007,0,0,WSH,BUF,1447.432,1514.277,0.4973448565226576,16,17,0.0
2007-12-02,2007,0,0,KC,LAC,1444.809,1596.474,0.377803005734497,10,24,0.0
2007-12-02,2007,0,0,OAK,DEN,1332.484,1506.941,0.3474912325244492,34,20,1.0
2007-12-02,2007,0,0,PIT,CIN,1625.147,1500.624,0.748566609773877,24,10,1.0
2007-12-02,2007,0,0,PHI,SEA,1522.933,1539.815,0.5688079993184,24,28,0.0
2007-12-02,2007,0,0,TEN,HOU,1477.353,1461.705,0.6140212466622536,28,20,1.0
2007-12-02,2007,0,0,NO,TB,1506.782,1531.695,0.557435188298191,23,27,0.0
2007-12-02,2007,0,0,MIN,DET,1503.714,1440.599,0.6764465746214928,42,10,1.0
2007-12-02,2007,0,0,MIA,NYJ,1331.352,1399.251,0.4958281004531442,13,40,0.0
2007-12-02,2007,0,0,ARI,CLE,1448.018,1505.201,0.5112476694607885,27,21,1.0
2007-12-02,2007,0,0,IND,JAX,1735.862,1626.077,0.732264716456701,28,25,1.0
2007-12-02,2007,0,0,CHI,NYG,1507.227,1503.824,0.5971873506129671,16,21,0.0
2007-12-02,2007,0,0,CAR,SF,1413.248,1356.276,0.6686592469831021,31,14,1.0
2007-12-02,2007,0,0,LAR,ATL,1385.514,1377.216,0.6039467130396402,28,16,1.0
2007-12-03,2007,0,0,BAL,NE,1464.381,1806.346,0.1687743474700124,24,27,0.0
2007-12-06,2007,0,0,WSH,CHI,1440.543,1485.14,0.5293285711219842,24,16,1.0
2007-12-09,2007,0,0,DEN,KC,1469.75,1425.122,0.6527319276966622,41,7,1.0
2007-12-09,2007,0,0,CIN,LAR,1488.087,1405.176,0.7008700000534078,19,10,1.0
2007-12-09,2007,0,0,TEN,LAC,1493.715,1616.161,0.4180737770025571,17,23,0.0
2007-12-09,2007,0,0,SF,MIN,1338.128,1525.095,0.3313471298862555,7,27,0.0
2007-12-09,2007,0,0,SEA,ARI,1558.534,1466.972,0.7112049378947747,42,21,1.0
2007-12-09,2007,0,0,BAL,IND,1460.225,1742.738,0.222335883252058,20,44,0.0
2007-12-09,2007,0,0,PHI,NYG,1504.215,1525.911,0.5619987501795112,13,16,0.0
2007-12-09,2007,0,0,NYJ,CLE,1432.251,1486.247,0.5158307359590041,18,24,0.0
2007-12-09,2007,0,0,NE,PIT,1810.502,1637.685,0.7972160666711918,34,13,1.0
2007-12-09,2007,0,0,JAX,CAR,1619.201,1431.396,0.810807026253377,37,6,1.0
2007-12-09,2007,0,0,HOU,TB,1445.343,1549.971,0.4432167482107857,28,14,1.0
2007-12-09,2007,0,0,GB,OAK,1631.189,1369.675,0.8675612307564223,38,7,1.0
2007-12-09,2007,0,0,DET,DAL,1419.218,1678.079,0.2467626163072721,27,28,0.0
2007-12-09,2007,0,0,BUF,MIA,1521.166,1298.351,0.8398074784079481,38,17,1.0
2007-12-10,2007,0,0,ATL,NO,1357.554,1488.505,0.4062126485546145,14,34,0.0
2007-12-13,2007,0,0,HOU,DEN,1476.052,1493.271,0.5683321386312471,31,13,1.0
2007-12-15,2007,0,0,SF,CIN,1319.012,1500.994,0.3377353780637262,20,13,1.0
2007-12-16,2007,0,0,LAC,DET,1632.017,1416.074,0.8344138514283744,51,14,1.0
2007-12-16,2007,0,0,OAK,IND,1361.681,1755.764,0.1307488228341825,14,21,0.0
2007-12-16,2007,0,0,LAR,GB,1392.268,1639.183,0.2597656555507541,14,33,0.0
2007-12-16,2007,0,0,DAL,PHI,1681.223,1488.32,0.8152677350351486,6,10,0.0
2007-12-16,2007,0,0,CAR,SEA,1419.633,1575.201,0.3725363049637966,13,10,1.0
2007-12-16,2007,0,0,CLE,BUF,1506.423,1529.924,0.559439459866273,8,0,1.0
2007-12-16,2007,0,0,TB,ATL,1519.262,1333.539,0.8089616943811005,37,3,1.0
2007-12-16,2007,0,0,PIT,JAX,1626.372,1630.963,0.5860699510552613,22,29,0.0
2007-12-16,2007,0,0,NYG,WSH,1541.805,1461.036,0.6982785426011805,10,22,0.0
2007-12-16,2007,0,0,NE,NYJ,1821.815,1412.075,0.938935902119886,20,10,1.0
2007-12-16,2007,0,0,NO,ARI,1512.52,1450.305,0.675311631950293,31,24,1.0
2007-12-16,2007,0,0,MIA,BAL,1289.594,1447.199,0.3697994591024588,22,16,1.0
2007-12-16,2007,0,0,KC,TEN,1401.601,1477.858,0.4838055412111896,17,26,0.0
2007-12-17,2007,0,0,MIN,CHI,1544.211,1464.646,0.6968163231192951,20,13,1.0
2007-12-20,2007,0,0,LAR,PIT,1377.893,1601.31,0.2866067883061687,24,41,0.0
2007-12-22,2007,0,0,CAR,DAL,1437.777,1651.495,0.2981569820520797,13,20,0.0
2007-12-23,2007,0,0,BUF,NYG,1510.922,1503.443,0.6028184667308711,21,38,0.0
2007-12-23,2007,0,0,SF,TB,1348.102,1531.457,0.3359698465586923,21,19,1.0
2007-12-23,2007,0,0,SEA,BAL,1557.057,1421.595,0.7602320312748008,27,6,1.0
2007-12-23,2007,0,0,TEN,NYJ,1500.025,1409.666,0.7097805122728296,10,6,1.0
2007-12-23,2007,0,0,NE,MIA,1824.224,1315.198,0.9645780571453652,28,7,1.0
2007-12-23,2007,0,0,NO,PHI,1525.285,1518.047,0.6024862586297136,23,38,0.0
2007-12-23,2007,0,0,MIN,WSH,1556.042,1499.399,0.6682395170716705,21,32,0.0
2007-12-23,2007,0,0,JAX,OAK,1656.025,1356.951,0.8904921852649503,49,11,1.0
2007-12-23,2007,0,0,DET,KC,1405.392,1379.435,0.6279869801518779,25,20,1.0
2007-12-23,2007,0,0,ARI,ATL,1437.539,1321.345,0.739435477344154,30,27,1.0
2007-12-23,2007,0,0,CIN,CLE,1471.905,1525.425,0.5165150382162124,19,14,1.0
2007-12-23,2007,0,0,CHI,GB,1452.815,1653.558,0.3140183357204326,35,7,1.0
2007-12-23,2007,0,0,IND,HOU,1760.494,1500.932,0.8662648170685951,38,15,1.0
2007-12-24,2007,0,0,LAC,DEN,1642.7,1468.391,0.7986009852443618,23,3,1.0
2007-12-29,2007,0,0,NYG,NE,1539.477,1825.961,0.2184086145733356,35,38,0.0
2007-12-30,2007,0,0,DEN,MIN,1457.331,1520.888,0.5020766319902622,22,19,1.0
2007-12-30,2007,0,0,TB,CAR,1516.037,1426.162,0.7092062565539509,23,31,0.0
2007-12-30,2007,0,0,OAK,LAC,1350.067,1653.76,0.2019699452321269,17,30,0.0
2007-12-30,2007,0,0,BAL,PIT,1408.01,1616.765,0.3041696448261083,27,21,1.0
2007-12-30,2007,0,0,NYJ,KC,1400.941,1366.633,0.6391467692133155,13,10,1.0
2007-12-30,2007,0,0,GB,DET,1604.322,1418.193,0.8093226189659393,34,13,1.0
2007-12-30,2007,0,0,HOU,JAX,1493.525,1662.909,0.3541417934299656,42,28,1.0
2007-12-30,2007,0,0,MIA,CIN,1313.461,1489.14,0.3458979615193561,25,38,0.0
2007-12-30,2007,0,0,IND,TEN,1767.902,1508.751,0.8659904890485908,10,16,0.0
2007-12-30,2007,0,0,WSH,DAL,1534.553,1663.11,0.4095409222008347,27,6,1.0
2007-12-30,2007,0,0,PHI,BUF,1552.591,1474.888,0.6945471246274056,17,9,1.0
2007-12-30,2007,0,0,ARI,LAR,1444.214,1362.438,0.6994984306238292,48,19,1.0
2007-12-30,2007,0,0,ATL,SEA,1314.67,1570.642,0.2498667276393453,44,41,1.0
2007-12-30,2007,0,0,CHI,NO,1502.051,1490.742,0.6080850522797909,33,25,1.0
2007-12-30,2007,0,0,CLE,SF,1508.189,1363.522,0.7697571176891057,20,7,1.0
2008-01-05,2007,0,1,PIT,JAX,1587.791,1626.187,0.5382115802794359,29,31,0.0
2008-01-05,2007,0,1,SEA,WSH,1547.867,1572.142,0.5583410367555216,35,14,1.0
2008-01-06,2007,0,1,TB,NYG,1482.511,1533.975,0.5194700199533255,14,24,0.0
2008-01-06,2007,0,1,LAC,TEN,1663.377,1548.277,0.7382202920656032,17,6,1.0
2008-01-12,2007,0,1,GB,SEA,1614.902,1574.675,0.6469673545625529,42,20,1.0
2008-01-12,2007,0,1,NE,JAX,1831.462,1638.157,0.8156159984373653,31,20,1.0
2008-01-13,2007,0,1,IND,LAC,1728.375,1675.402,0.663539399648991,24,28,0.0
2008-01-13,2007,0,1,DAL,NYG,1625.522,1559.042,0.6806715570875468,17,21,0.0
2008-01-20,2007,0,1,NE,LAC,1839.663,1697.971,0.7667079388436255,21,12,1.0
2008-01-20,2007,0,1,GB,NYG,1636.03,1582.345,0.6644538181657943,20,23,0.0
2008-02-03,2007,1,1,NYG,NE,1601.818,1849.484,0.1937726673349928,17,14,1.0
2008-09-04,2008,0,0,NYG,WSH,1586.338,1531.89,0.6654323682484535,16,7,1.0
2008-09-07,2008,0,0,PIT,HOU,1552.214,1521.832,0.6339181559112075,38,17,1.0
2008-09-07,2008,0,0,CLE,DAL,1514.523,1569.813,0.5139701762447572,10,28,0.0
2008-09-07,2008,0,0,IND,CHI,1638.871,1514.131,0.7488016455376189,13,29,0.0
2008-09-07,2008,0,0,MIA,NYJ,1365.719,1442.009,0.4837581003595952,14,20,0.0
2008-09-07,2008,0,0,NO,TB,1484.398,1473.296,0.6078010393677229,24,20,1.0
2008-09-07,2008,0,0,NE,KC,1717.863,1406.373,0.897269817607416,17,10,1.0
2008-09-07,2008,0,0,TEN,JAX,1525.835,1588.304,0.503642337363247,17,10,1.0
2008-09-07,2008,0,0,ATL,DET,1393.297,1440.076,0.5261981128373632,34,21,1.0
2008-09-07,2008,0,0,BAL,CIN,1459.656,1506.015,0.5268008435772168,17,10,1.0
2008-09-07,2008,0,0,SF,ARI,1403.284,1477.251,0.4870983141881712,13,23,0.0
2008-09-07,2008,0,0,LAC,CAR,1627.1,1474.792,0.7774600118370273,24,26,0.0
2008-09-07,2008,0,0,PHI,LAR,1545.131,1397.183,0.7730874068589693,38,3,1.0
2008-09-07,2008,0,0,BUF,SEA,1476.521,1537.364,0.5059821184374965,34,10,1.0
2008-09-08,2008,0,0,OAK,DEN,1395.3,1482.418,0.4682125692304837,14,41,0.0
2008-09-08,2008,0,0,GB,MIN,1579.371,1506.395,0.6887439523407408,24,19,1.0
2008-09-14,2008,0,0,CLE,PIT,1484.121,1573.905,0.4643933318900611,6,10,0.0
2008-09-14,2008,0,0,CIN,TEN,1486.501,1546.454,0.507262706007753,7,24,0.0
2008-09-14,2008,0,0,CAR,CHI,1493.747,1560.566,0.4973822724900901,20,17,1.0
2008-09-14,2008,0,0,MIN,IND,1495.899,1592.436,0.4547388477392449,15,18,0.0
2008-09-14,2008,0,0,NYJ,NE,1460.74,1721.511,0.2447246903266546,10,19,0.0
2008-09-14,2008,0,0,TB,ATL,1461.094,1418.099,0.650598085160453,24,9,1.0
2008-09-14,2008,0,0,WSH,NO,1517.276,1496.6,0.6208577914000974,29,24,1.0
2008-09-14,2008,0,0,DEN,LAC,1513.311,1608.145,0.4571706385991963,39,38,1.0
2008-09-14,2008,0,0,LAR,NYG,1382.356,1600.952,0.2923144707593667,13,41,0.0
2008-09-14,2008,0,0,JAX,BUF,1567.685,1508.265,0.671773892894574,16,20,0.0
2008-09-14,2008,0,0,ARI,MIA,1500.517,1346.988,0.7786737068744685,31,10,1.0
2008-09-14,2008,0,0,DET,GB,1415.273,1589.867,0.347312438000252,25,48,0.0
2008-09-14,2008,0,0,SEA,SF,1505.621,1380.019,0.7497338470787523,30,33,0.0
2008-09-14,2008,0,0,KC,OAK,1402.725,1364.407,0.644453405631138,8,23,0.0
2008-09-15,2008,0,0,DAL,PHI,1600.214,1559.958,0.6470054822331917,41,37,1.0
2008-09-21,2008,0,0,DEN,NO,1520.94,1483.523,0.6432641011275382,34,32,1.0
2008-09-21,2008,0,0,GB,DAL,1610.895,1611.058,0.592239657584671,16,27,0.0
2008-09-21,2008,0,0,WSH,ARI,1530.353,1512.963,0.6163950827742054,24,17,1.0
2008-09-21,2008,0,0,SF,DET,1402.778,1394.245,0.6042702431254836,31,13,1.0
2008-09-21,2008,0,0,BAL,CLE,1479.171,1469.34,0.6060555795360274,28,10,1.0
2008-09-21,2008,0,0,PHI,PIT,1549.115,1588.687,0.5365286357854938,15,6,1.0
2008-09-21,2008,0,0,TEN,HOU,1575.845,1500.141,0.6921004120014962,31,12,1.0
2008-09-21,2008,0,0,NYG,CIN,1619.353,1457.11,0.787197700404063,26,23,1.0
2008-09-21,2008,0,0,NE,MIA,1731.86,1334.542,0.9347050506406316,13,38,0.0
2008-09-21,2008,0,0,MIN,CAR,1483.469,1507.694,0.5584120116905175,20,10,1.0
2008-09-21,2008,0,0,IND,JAX,1604.866,1544.765,0.6726376788742041,21,23,0.0
2008-09-21,2008,0,0,CHI,TB,1546.619,1479.562,0.6813930727741038,24,27,0.0
2008-09-21,2008,0,0,BUF,OAK,1531.185,1401.904,0.7536864910718857,24,23,1.0
2008-09-21,2008,0,0,ATL,KC,1399.631,1365.228,0.6392728873197934,38,14,1.0
2008-09-21,2008,0,0,SEA,LAR,1482.862,1363.954,0.7424342999011873,37,13,1.0
2008-09-22,2008,0,0,LAC,NYJ,1600.517,1450.391,0.7752792561033671,48,29,1.0
2008-09-28,2008,0,0,NYJ,ARI,1438.126,1497.585,0.507973464001067,56,35,1.0
2008-09-28,2008,0,0,NO,SF,1476.033,1425.328,0.6606184655654984,31,17,1.0
2008-09-28,2008,0,0,TB,GB,1499.661,1580.568,0.4771239686661038,30,21,1.0
2008-09-28,2008,0,0,JAX,HOU,1560.436,1482.802,0.6944628524377328,30,27,1.0
2008-09-28,2008,0,0,LAR,BUF,1348.652,1534.322,0.3330033756529231,14,31,0.0
2008-09-28,2008,0,0,KC,DEN,1343.009,1528.429,0.3333230974817124,33,19,1.0
2008-09-28,2008,0,0,CAR,ATL,1486.902,1421.85,0.678882178899209,24,9,1.0
2008-09-28,2008,0,0,OAK,LAC,1398.767,1612.781,0.297800544926349,18,28,0.0
2008-09-28,2008,0,0,DAL,WSH,1641.385,1545.731,0.7160188770668258,24,26,0.0
2008-09-28,2008,0,0,CIN,CLE,1451.762,1446.904,0.5992005022052005,12,20,0.0
2008-09-28,2008,0,0,TEN,MIN,1593.184,1504.261,0.7080747752802935,30,17,1.0
2008-09-28,2008,0,0,CHI,PHI,1526.52,1570.214,0.5306234210532945,24,20,1.0
2008-09-29,2008,0,0,PIT,BAL,1567.587,1501.606,0.6800468785323893,23,20,1.0
2008-10-05,2008,0,0,JAX,PIT,1568.391,1575.959,0.5819066161641517,21,26,0.0
2008-10-05,2008,0,0,SF,NE,1407.865,1654.749,0.2597999707852284,21,30,0.0
2008-10-05,2008,0,0,MIA,LAC,1411.654,1626.157,0.2972122391296729,17,10,1.0
2008-10-05,2008,0,0,BAL,TEN,1493.234,1607.584,0.4294534430183312,10,13,0.0
2008-10-05,2008,0,0,PHI,WSH,1555.251,1562.703,0.5820690649644277,17,23,0.0
2008-10-05,2008,0,0,NYG,SEA,1624.701,1498.164,0.7507423847755149,44,6,1.0
2008-10-05,2008,0,0,HOU,IND,1474.846,1589.195,0.4294548534857276,27,31,0.0
2008-10-05,2008,0,0,GB,ATL,1556.313,1405.037,0.776430487365885,24,27,0.0
2008-10-05,2008,0,0,DET,CHI,1371.695,1541.484,0.353608732034097,7,34,0.0
2008-10-05,2008,0,0,DEN,TB,1490.231,1523.916,0.5449442682345791,16,13,1.0
2008-10-05,2008,0,0,DAL,CIN,1624.413,1424.567,0.8212113506663753,31,22,1.0
2008-10-05,2008,0,0,ARI,BUF,1467.244,1552.572,0.4707789925514488,41,17,1.0
2008-10-05,2008,0,0,CAR,KC,1503.714,1381.208,0.7463749894742315,34,0,1.0
2008-10-06,2008,0,0,NO,MIN,1493.496,1489.861,0.5975085694111679,27,30,0.0
2008-10-12,2008,0,0,MIN,DET,1506.961,1349.2,0.7828436500725502,12,10,1.0
2008-10-12,2008,0,0,HOU,MIA,1461.326,1443.013,0.6176506246717915,29,28,1.0
2008-10-12,2008,0,0,DEN,JAX,1502.67,1546.98,0.5297401562036645,17,24,0.0
2008-10-12,2008,0,0,ARI,DAL,1501.632,1631.762,0.407353095198432,30,24,1.0
2008-10-12,2008,0,0,IND,BAL,1602.716,1481.588,0.7448704576389448,31,3,1.0
2008-10-12,2008,0,0,ATL,CHI,1428.911,1563.978,0.4005105965325745,22,20,1.0
2008-10-12,2008,0,0,NYJ,CIN,1468.467,1417.218,0.6613202032086954,26,14,1.0
2008-10-12,2008,0,0,TB,CAR,1511.476,1520.333,0.5801002855798018,27,3,1.0
2008-10-12,2008,0,0,SF,PHI,1396.815,1531.989,0.4003627168973537,26,40,0.0
2008-10-12,2008,0,0,NO,OAK,1476.396,1385.391,0.7105459320759764,34,3,1.0
2008-10-12,2008,0,0,SEA,GB,1481.363,1532.439,0.5200275256808928,17,27,0.0
2008-10-12,2008,0,0,WSH,LAR,1585.964,1330.403,0.8635740237291136,17,19,0.0
2008-10-12,2008,0,0,LAC,NE,1594.798,1665.799,0.4913647254924104,30,10,1.0
2008-10-13,2008,0,0,CLE,NYG,1474.099,1641.502,0.356754392617994,35,14,1.0
2008-10-19,2008,0,0,HOU,DET,1466.433,1344.868,0.7453482189379953,28,21,1.0
2008-10-19,2008,0,0,WSH,CLE,1563.753,1515.806,0.6570499416610673,14,11,1.0
2008-10-19,2008,0,0,TB,SEA,1537.835,1456.265,0.6992491094806156,20,10,1.0
2008-10-19,2008,0,0,OAK,NYJ,1366.656,1484.969,0.4238729860275907,16,13,1.0
2008-10-19,2008,0,0,NYG,SF,1599.794,1375.801,0.8407176467403801,29,17,1.0
2008-10-19,2008,0,0,MIA,BAL,1437.906,1465.746,0.5532745507748786,13,27,0.0
2008-10-19,2008,0,0,KC,TEN,1364.59,1619.23,0.2513066477330568,10,34,0.0
2008-10-19,2008,0,0,GB,IND,1557.537,1618.557,0.5057274298931278,34,14,1.0
2008-10-19,2008,0,0,CIN,PIT,1400.716,1597.371,0.3191095206743738,10,38,0.0
2008-10-19,2008,0,0,CHI,MIN,1550.373,1511.293,0.6454578431402138,48,41,1.0
2008-10-19,2008,0,0,CAR,NO,1493.973,1495.131,0.5908557421037001,30,7,1.0
2008-10-19,2008,0,0,BUF,LAC,1518.184,1625.854,0.4388998230000862,23,14,1.0
2008-10-19,2008,0,0,LAR,DAL,1352.614,1607.993,0.250507092965144,34,14,1.0
2008-10-20,2008,0,0,NE,DEN,1634.743,1480.43,0.7794505148703029,41,7,1.0
2008-10-26,2008,0,0,JAX,CLE,1569.22,1506.762,0.6756182702315979,17,23,0.0
2008-10-26,2008,0,0,SF,SEA,1368.579,1442.743,0.4868150013361748,13,34,0.0
2008-10-26,2008,0,0,BAL,OAK,1496.227,1383.026,0.7361022688812309,29,10,1.0
2008-10-26,2008,0,0,PIT,NYG,1617.648,1607.017,0.6071545354373717,14,21,0.0
2008-10-26,2008,0,0,NYJ,KC,1468.599,1349.695,0.7424298967442127,28,24,1.0
2008-10-26,2008,0,0,MIA,BUF,1407.425,1544.535,0.3976902222810449,25,16,1.0
2008-10-26,2008,0,0,NE,LAR,1649.004,1402.574,0.8572622913772214,23,16,1.0
2008-10-26,2008,0,0,HOU,CIN,1476.196,1380.439,0.7161394226305868,35,6,1.0
2008-10-26,2008,0,0,DET,WSH,1335.105,1572.797,0.2701039854155347,17,25,0.0
2008-10-26,2008,0,0,DAL,TB,1558.033,1551.358,0.601709819744316,13,9,1.0
2008-10-26,2008,0,0,CAR,ARI,1519.245,1525.4,0.5838841905018579,27,23,1.0
2008-10-26,2008,0,0,PHI,ATL,1553.003,1442.517,0.7330551038240388,27,14,1.0
2008-10-26,2008,1,0,LAC,NO,1599.503,1469.859,0.6783699583758721,32,37,0.0
2008-10-27,2008,0,0,TEN,IND,1634.124,1588.515,0.6540108638095311,31,21,1.0
2008-11-02,2008,0,0,SEA,PHI,1472.713,1566.052,0.4593071045400143,7,26,0.0
2008-11-02,2008,0,0,CHI,DET,1564.452,1324.099,0.8529280365765125,27,23,1.0
2008-11-02,2008,0,0,NYG,DAL,1633.167,1570.449,0.6759461937749917,35,14,1.0
2008-11-02,2008,0,0,TEN,GB,1649.923,1587.579,0.6754744339796074,19,16,1.0
2008-11-02,2008,0,0,OAK,ATL,1368.4,1429.468,0.5056583612954022,0,24,0.0
2008-11-02,2008,0,0,BUF,NYJ,1515.857,1476.25,0.646151764324556,17,26,0.0
2008-11-02,2008,0,0,CLE,BAL,1534.673,1510.854,0.6251072531605134,27,37,0.0
2008-11-02,2008,0,0,LAR,ARI,1397.374,1512.355,0.4285636674345756,13,34,0.0
2008-11-02,2008,0,0,DEN,MIA,1466.169,1436.103,0.6334959154479052,17,26,0.0
2008-11-02,2008,0,0,KC,TB,1342.044,1538.942,0.3188056638138581,27,30,0.0
2008-11-02,2008,0,0,MIN,HOU,1497.214,1494.19,0.5966624216568007,28,21,1.0
2008-11-02,2008,0,0,CIN,JAX,1362.444,1541.309,0.3417602791976778,21,19,1.0
2008-11-02,2008,0,0,IND,NE,1572.717,1654.205,0.4762896572864634,18,15,1.0
2008-11-03,2008,0,0,WSH,PIT,1583.803,1591.498,0.5817287423592186,6,23,0.0
2008-11-06,2008,0,0,CLE,DEN,1503.433,1435.678,0.6822647326372391,30,34,0.0
2008-11-09,2008,0,0,MIN,GB,1513.486,1579.074,0.4991538007862243,28,27,1.0
2008-11-09,2008,0,0,OAK,CAR,1335.788,1532.291,0.3192996657246606,6,17,0.0
2008-11-09,2008,0,0,PIT,IND,1626.026,1587.347,0.6449294204133379,20,24,0.0
2008-11-09,2008,0,0,PHI,NYG,1593.221,1652.101,0.508806477173988,31,36,0.0
2008-11-09,2008,0,0,ATL,NO,1462.079,1495.69,0.5450499003005601,34,20,1.0
2008-11-09,2008,0,0,CHI,TEN,1568.609,1658.429,0.4643417868427755,14,21,0.0
2008-11-09,2008,0,0,NE,BUF,1639.575,1484.615,0.7800901058010401,20,10,1.0
2008-11-09,2008,0,0,NYJ,LAR,1507.492,1371.468,0.7608212322952554,47,3,1.0
2008-11-09,2008,0,0,DET,JAX,1319.942,1526.057,0.3073956487384351,14,38,0.0
2008-11-09,2008,0,0,HOU,BAL,1477.919,1542.094,0.5011872682071273,13,41,0.0
2008-11-09,2008,0,0,LAC,KC,1573.671,1333.705,0.8526483636960089,20,19,1.0
2008-11-09,2008,0,0,MIA,SEA,1466.594,1445.544,0.621364441830348,21,19,1.0
2008-11-10,2008,0,0,ARI,SF,1538.26,1338.608,0.8210473264073217,29,24,1.0
2008-11-13,2008,0,0,NE,NYJ,1649.162,1524.177,0.7490668329622853,31,34,0.0
2008-11-16,2008,0,0,MIA,OAK,1474.6,1320.815,0.7789275736051647,17,15,1.0
2008-11-16,2008,0,0,ATL,DEN,1486.373,1459.049,0.6298234913349943,20,24,0.0
2008-11-16,2008,0,0,CAR,DET,1547.264,1301.346,0.8569012680023261,31,22,1.0
2008-11-16,2008,0,0,SF,LAR,1332.884,1354.783,0.5617110806580726,35,16,1.0
2008-11-16,2008,0,0,CIN,PHI,1377.697,1574.937,0.3183782743354554,13,13,0.5
2008-11-16,2008,0,0,IND,HOU,1609.133,1444.153,0.7898250687749844,33,27,1.0
2008-11-16,2008,0,0,PIT,LAC,1604.24,1575.465,0.6317687511628614,11,10,1.0
2008-11-16,2008,0,0,GB,CHI,1572.129,1549.513,0.623482985539543,37,3,1.0
2008-11-16,2008,0,0,JAX,TEN,1544.653,1677.525,0.4035481662189422,14,24,0.0
2008-11-16,2008,0,0,KC,NO,1331.911,1471.396,0.3944200521816482,20,30,0.0
2008-11-16,2008,0,0,WSH,DAL,1549.276,1551.515,0.5893505791617905,10,14,0.0
2008-11-16,2008,0,0,TB,MIN,1547.281,1520.431,0.6291871130561649,19,13,1.0
2008-11-16,2008,0,0,SEA,ARI,1437.538,1543.985,0.4406343178922888,20,26,0.0
2008-11-16,2008,0,0,NYG,BAL,1670.385,1575.859,0.7146967085423035,30,10,1.0
2008-11-17,2008,0,0,BUF,CLE,1475.028,1480.061,0.585452575741694,27,29,0.0
2008-11-20,2008,0,0,PIT,CIN,1609.136,1383.236,0.8421821776126648,27,10,1.0
2008-11-23,2008,0,0,CLE,HOU,1493.285,1436.748,0.6681042279292054,6,16,0.0
2008-11-23,2008,0,0,ATL,CAR,1465.212,1553.038,0.4671979263080945,45,28,1.0
2008-11-23,2008,0,0,ARI,NYG,1560.816,1686.583,0.4134302009499351,29,37,0.0
2008-11-23,2008,0,0,JAX,MIN,1525.879,1506.578,0.6189928463295372,12,30,0.0
2008-11-23,2008,0,0,DET,TB,1295.572,1561.134,0.2396630560502621,20,38,0.0
2008-11-23,2008,0,0,DEN,OAK,1480.211,1316.397,0.7887086937682579,10,31,0.0
2008-11-23,2008,0,0,DAL,SF,1571.042,1358.639,0.8315790735796347,35,22,1.0
2008-11-23,2008,0,0,LAR,CHI,1329.028,1523.765,0.3215132476650489,3,27,0.0
2008-11-23,2008,0,0,LAC,IND,1570.569,1616.538,0.5273604522228015,20,23,0.0
2008-11-23,2008,0,0,TEN,NYJ,1696.299,1546.909,0.7745402619568015,13,34,0.0
2008-11-23,2008,0,0,SEA,WSH,1420.706,1529.748,0.4369557890694518,17,20,0.0
2008-11-23,2008,0,0,BAL,PHI,1559.662,1569.398,0.5788672705794784,36,7,1.0
2008-11-23,2008,0,0,MIA,NE,1479.018,1626.431,0.3835736117599215,28,48,0.0
2008-11-23,2008,0,0,KC,BUF,1313.615,1461.803,0.3825193192862961,31,54,0.0
2008-11-24,2008,0,0,NO,GB,1489.693,1597.876,0.4381727128546668,51,29,1.0
2008-11-27,2008,0,0,DET,TEN,1282.637,1643.246,0.1542482979344656,10,47,0.0
2008-11-27,2008,0,0,PHI,ARI,1541.453,1543.137,0.5901235609898646,48,20,1.0
2008-11-27,2008,0,0,DAL,SEA,1578.936,1408.829,0.7946824316894723,34,9,1.0
2008-11-30,2008,0,0,LAR,MIA,1309.483,1456.505,0.3841059357476301,12,16,0.0
2008-11-30,2008,0,0,CLE,IND,1459.371,1631.287,0.3508151688756579,6,10,0.0
2008-11-30,2008,0,0,CIN,BAL,1375.178,1587.607,0.2997120254490855,3,34,0.0
2008-11-30,2008,0,0,BUF,SF,1485.231,1350.745,0.7592064333585298,3,10,0.0
2008-11-30,2008,0,0,LAC,ATL,1555.82,1496.335,0.6718563897472823,16,22,0.0
2008-11-30,2008,0,0,GB,CAR,1561.939,1521.915,0.6467004085043355,31,35,0.0
2008-11-30,2008,0,0,MIN,CHI,1544.482,1543.311,0.5940927810462678,34,14,1.0
2008-11-30,2008,0,0,WSH,NYG,1541.625,1704.262,0.3630747069884723,7,23,0.0
2008-11-30,2008,0,0,TB,NO,1574.068,1525.63,0.6576865516175207,23,20,1.0
2008-11-30,2008,0,0,OAK,KC,1370.815,1290.187,0.6981075097330723,13,20,0.0
2008-11-30,2008,0,0,NYJ,DEN,1599.961,1425.792,0.7984713343802153,17,34,0.0
2008-11-30,2008,0,0,NE,PIT,1648.943,1617.193,0.6357437035684358,10,33,0.0
2008-12-01,2008,0,0,HOU,JAX,1470.662,1487.975,0.5681993834346913,30,17,1.0
2008-12-04,2008,0,0,LAC,OAK,1528.104,1339.724,0.8113142494393034,34,7,1.0
2008-12-07,2008,0,0,SF,NYJ,1385.468,1548.174,0.3629828598448709,24,14,1.0
2008-12-07,2008,0,0,ARI,LAR,1516.305,1297.563,0.836628072510072,34,10,1.0
2008-12-07,2008,0,0,BUF,MIA,1450.508,1468.425,0.5673461277155681,3,16,0.0
2008-12-07,2008,0,0,CHI,JAX,1519.317,1465.668,0.6644076130460168,23,10,1.0
2008-12-07,2008,0,0,IND,CIN,1642.056,1355.709,0.8831409092594693,35,3,1.0
2008-12-07,2008,0,0,DEN,KC,1477.58,1321.279,0.7814115044975407,24,17,1.0
2008-12-07,2008,0,0,DET,MIN,1272.745,1568.476,0.2094581890160562,16,20,0.0
2008-12-07,2008,0,0,GB,HOU,1540.079,1492.97,0.6559621210588444,21,24,0.0
2008-12-07,2008,0,0,NO,ATL,1516.605,1524.05,0.5820788673400016,29,25,1.0
2008-12-07,2008,0,0,NYG,PHI,1723.961,1568.284,0.7807973379671422,14,20,0.0
2008-12-07,2008,0,0,TEN,CLE,1653.139,1448.602,0.8251417718537496,28,9,1.0
2008-12-07,2008,0,0,PIT,DAL,1659.461,1591.023,0.6831164256442356,20,13,1.0
2008-12-07,2008,0,0,BAL,WSH,1607.077,1521.926,0.7035663219459738,24,10,1.0
2008-12-07,2008,0,0,SEA,NE,1396.742,1606.676,0.3027351127872233,21,24,0.0
2008-12-08,2008,0,0,CAR,TB,1543.775,1583.094,0.5368907694092419,38,23,1.0
2008-12-11,2008,0,0,CHI,NO,1536.123,1529.714,0.6013427981734588,27,24,1.0
2008-12-14,2008,0,0,JAX,GB,1448.861,1520.915,0.4898498726064482,20,16,1.0
2008-12-14,2008,0,0,HOU,TEN,1512.133,1662.472,0.3795989617675218,13,12,1.0
2008-12-14,2008,0,0,NYJ,BUF,1516.204,1419.908,0.7167697347065004,31,27,1.0
2008-12-14,2008,0,0,MIA,SF,1499.025,1417.438,0.6992696889889262,14,9,1.0
2008-12-14,2008,0,0,BAL,PIT,1622.106,1671.886,0.5218893404218562,9,13,0.0
2008-12-14,2008,0,0,OAK,NE,1328.448,1614.551,0.218783240927267,26,49,0.0
2008-12-14,2008,0,0,LAR,SEA,1288.247,1388.867,0.4489175479863074,20,23,0.0
2008-12-14,2008,0,0,ATL,TB,1510.941,1557.71,0.5262124644635765,13,10,1.0
2008-12-14,2008,0,0,CAR,DEN,1569.159,1485.84,0.7013621622630576,30,10,1.0
2008-12-14,2008,0,0,CIN,WSH,1348.662,1506.897,0.3689546943266147,20,13,1.0
2008-12-14,2008,0,0,IND,DET,1649.103,1266.643,0.9292869093405264,31,21,1.0
2008-12-14,2008,0,0,KC,LAC,1313.019,1539.38,0.2831543108574378,21,22,0.0
2008-12-14,2008,0,0,DAL,NYG,1578.598,1690.186,0.4333534446429304,20,8,1.0
2008-12-14,2008,0,0,ARI,MIN,1525.621,1574.578,0.5230713378684758,14,35,0.0
2008-12-15,2008,0,0,PHI,CLE,1602.059,1439.269,0.7877246999406396,30,10,1.0
2008-12-18,2008,0,0,JAX,IND,1465.335,1651.921,0.3318332292993097,24,31,0.0
2008-12-20,2008,0,0,DAL,BAL,1608.295,1605.19,0.5967746282838429,24,33,0.0
2008-12-21,2008,0,0,CLE,CIN,1427.556,1376.068,0.6616282794682506,0,14,0.0
2008-12-21,2008,0,0,MIN,ATL,1607.153,1523.969,0.7011993659466188,17,24,0.0
2008-12-21,2008,0,0,LAR,SF,1275.999,1407.335,0.4056781945042915,16,17,0.0
2008-12-21,2008,0,0,DEN,BUF,1468.804,1411.414,0.6691921341558221,23,30,0.0
2008-12-21,2008,0,0,DET,NO,1263.824,1519.008,0.2507179069717606,7,42,0.0
2008-12-21,2008,0,0,KC,MIA,1309.362,1509.129,0.3152298426959596,31,38,0.0
2008-12-21,2008,0,0,NE,ARI,1627.187,1493.047,0.7588421320903372,47,7,1.0
2008-12-21,2008,0,0,NYG,CAR,1660.489,1586.195,0.690368091201418,34,28,1.0
2008-12-21,2008,0,0,TEN,PIT,1653.524,1688.802,0.5426693586835206,31,14,1.0
2008-12-21,2008,0,0,OAK,HOU,1315.811,1521.081,0.3084322256898389,27,16,1.0
2008-12-21,2008,0,0,SEA,NYJ,1401.115,1524.698,0.4164822916143126,13,3,1.0
2008-12-21,2008,0,0,WSH,PHI,1479.491,1613.772,0.4015974439175198,10,3,1.0
2008-12-21,2008,0,0,TB,LAC,1544.682,1543.038,0.5947492079461447,24,41,0.0
2008-12-22,2008,0,0,CHI,GB,1546.829,1504.441,0.6498033716421421,20,17,1.0
2008-12-28,2008,0,0,TB,OAK,1509.227,1352.522,0.7818084764616492,24,31,0.0
2008-12-28,2008,0,0,NO,CAR,1535.548,1574.862,0.5368979258093766,31,33,0.0
2008-12-28,2008,0,0,SF,WSH,1412.794,1505.187,0.4606597869291576,27,24,1.0
2008-12-28,2008,0,0,ATL,LAR,1555.237,1270.539,0.8821576954642903,31,27,1.0
2008-12-28,2008,0,0,CIN,KC,1413.906,1297.008,0.7402155267817393,16,6,1.0
2008-12-28,2008,0,0,PHI,DAL,1588.076,1579.935,0.6037305166858575,44,6,1.0
2008-12-28,2008,0,0,BUF,NE,1440.884,1643.611,0.311563408174841,0,13,0.0
2008-12-28,2008,0,0,NYJ,MIA,1495.948,1521.482,0.5565531097248169,17,24,0.0
2008-12-28,2008,0,0,BAL,JAX,1633.55,1452.257,0.8049896012819745,27,7,1.0
2008-12-28,2008,0,0,LAC,DEN,1578.493,1439.334,0.7640897238622097,52,21,1.0
2008-12-28,2008,0,0,IND,TEN,1664.999,1679.609,0.5720128188337136,23,0,1.0
2008-12-28,2008,0,0,ARI,SEA,1476.623,1429.865,0.6555059953331246,34,21,1.0
2008-12-28,2008,0,0,PIT,CLE,1662.717,1389.718,0.8749746772772887,31,0,1.0
2008-12-28,2008,0,0,GB,DET,1495.184,1247.285,0.8582939055180934,31,21,1.0
2008-12-28,2008,0,0,HOU,CHI,1484.371,1556.087,0.4903361027021783,31,24,1.0
2008-12-28,2008,0,0,MIN,NYG,1575.884,1671.822,0.4555939469138971,20,19,1.0
2009-01-03,2008,0,1,LAC,IND,1593.456,1691.593,0.4524560984390569,23,17,1.0
2009-01-03,2008,0,1,ARI,ATL,1493.926,1558.51,0.5005986718380864,30,24,1.0
2009-01-04,2008,0,1,MIN,PHI,1583.539,1616.177,0.5464384385947747,14,26,0.0
2009-01-04,2008,0,1,MIA,BAL,1545.051,1644.229,0.4509719518280281,9,27,0.0
2009-01-10,2008,0,1,TEN,BAL,1653.015,1670.38,0.5681259401790989,10,13,0.0
2009-01-10,2008,0,1,CAR,ARI,1586.798,1513.358,0.6893162607522098,13,33,0.0
2009-01-11,2008,0,1,NYG,PHI,1664.167,1644.627,0.6193172615318004,11,23,0.0
2009-01-11,2008,0,1,PIT,LAC,1670.229,1615.091,0.6663160721751582,35,24,1.0
2009-01-18,2008,0,1,ARI,PHI,1558.15,1677.667,0.4221813561639933,32,25,1.0
2009-01-18,2008,0,1,PIT,BAL,1685.954,1686.48,0.5917349400995027,23,14,1.0
2009-02-01,2008,1,1,PIT,ARI,1704.22,1582.791,0.667966357613664,27,23,1.0
2009-09-10,2009,0,0,PIT,TEN,1644.566,1592.943,0.6618022369119954,13,10,1.0
2009-09-13,2009,0,0,NYG,WSH,1589.085,1495.03,0.714143539609343,23,17,1.0
2009-09-13,2009,0,0,TB,DAL,1483.712,1536.223,0.5179653785554286,21,34,0.0
2009-09-13,2009,0,0,BAL,KC,1613.81,1358.667,0.8632902916038122,38,24,1.0
2009-09-13,2009,0,0,NO,DET,1517.408,1329.224,0.8111414698247233,45,27,1.0
2009-09-13,2009,0,0,HOU,NYJ,1505.421,1483.253,0.6228773923168216,7,24,0.0
2009-09-13,2009,0,0,GB,CHI,1502.422,1524.884,0.5609130417581428,21,15,1.0
2009-09-13,2009,0,0,ARI,SF,1550.108,1453.624,0.7169893845775902,16,20,0.0
2009-09-13,2009,0,0,IND,JAX,1614.972,1462.719,0.7774052292349176,14,12,1.0
2009-09-13,2009,0,0,CLE,MIN,1423.137,1538.393,0.4281760329634692,20,34,0.0
2009-09-13,2009,0,0,CAR,PHI,1529.671,1603.684,0.4870321591695757,10,38,0.0
2009-09-13,2009,0,0,ATL,MIA,1527.719,1514.267,0.6110210103169474,19,7,1.0
2009-09-13,2009,0,0,CIN,DEN,1451.942,1451.247,0.5934318511248794,7,12,0.0
2009-09-13,2009,0,0,SEA,LAR,1443.374,1346.511,0.7174318757773134,28,0,1.0
2009-09-14,2009,0,0,NE,BUF,1607.725,1451.939,0.7809047096644777,25,24,1.0
2009-09-14,2009,0,0,OAK,LAC,1427.453,1567.911,0.3930830222553228,20,24,0.0
2009-09-20,2009,0,0,DAL,NYG,1563.718,1599.46,0.5420063968614254,31,33,0.0
2009-09-20,2009,0,0,CHI,PIT,1508.119,1653.471,0.3863826576458052,17,14,1.0
2009-09-20,2009,0,0,BUF,TB,1449.179,1456.217,0.5826486937389024,33,20,1.0
2009-09-20,2009,0,0,ATL,CAR,1546.986,1497.005,0.6596834402506934,28,20,1.0
2009-09-20,2009,0,0,JAX,ARI,1458.268,1525.201,0.497218218086783,17,31,0.0
2009-09-20,2009,0,0,GB,CIN,1519.187,1430.022,0.7083626449254926,24,31,0.0
2009-09-20,2009,0,0,DEN,CLE,1473.167,1400.465,0.688405723158244,27,6,1.0
2009-09-20,2009,0,0,KC,OAK,1352.204,1415.22,0.502855174480781,10,13,0.0
2009-09-20,2009,0,0,NYJ,NE,1520.745,1610.485,0.4644563324252291,16,9,1.0
2009-09-20,2009,0,0,TEN,HOU,1584.038,1467.929,0.7393411926785943,31,34,0.0
2009-09-20,2009,0,0,PHI,NO,1636.35,1527.381,0.7313427972721291,22,48,0.0
2009-09-20,2009,0,0,SF,SEA,1478.531,1461.1,0.6164508874966961,23,10,1.0
2009-09-20,2009,0,0,LAC,BAL,1580.144,1620.273,0.5357312340032608,26,31,0.0
2009-09-20,2009,0,0,WSH,LAR,1484.655,1328.785,0.780987429006865,9,7,1.0
2009-09-20,2009,0,0,DET,MIN,1319.25,1561.065,0.2654505088643194,13,27,0.0
2009-09-21,2009,0,0,MIA,IND,1495.0,1619.423,0.4153076392245209,23,27,0.0
2009-09-27,2009,0,0,NE,ATL,1587.959,1561.198,0.6290675742051013,26,10,1.0
2009-09-27,2009,0,0,HOU,JAX,1490.267,1431.361,0.6711211599562703,24,31,0.0
2009-09-27,2009,0,0,TB,NYG,1434.754,1611.529,0.3444719064950691,0,24,0.0
2009-09-27,2009,0,0,NYJ,TEN,1543.271,1561.7,0.5666225249041159,24,17,1.0
2009-09-27,2009,0,0,BUF,NO,1470.641,1579.729,0.4368906432919668,7,27,0.0
2009-09-27,2009,0,0,LAC,MIA,1560.727,1481.983,0.6958169530691098,23,13,1.0
2009-09-27,2009,0,0,MIN,SF,1574.373,1498.044,0.6928665613011169,27,24,1.0
2009-09-27,2009,0,0,CIN,PIT,1461.702,1635.813,0.3479429779833963,23,20,1.0
2009-09-27,2009,0,0,SEA,CHI,1441.587,1525.777,0.472411419284012,19,25,0.0
2009-09-27,2009,0,0,BAL,CLE,1639.691,1382.336,0.864786137416778,34,3,1.0
2009-09-27,2009,0,0,OAK,DEN,1429.175,1491.295,0.5041445582400338,3,23,0.0
2009-09-27,2009,0,0,LAR,GB,1324.412,1487.507,0.3624652421378382,17,36,0.0
2009-09-27,2009,0,0,PHI,KC,1584.002,1338.249,0.8567847606248492,34,14,1.0
2009-09-27,2009,0,0,ARI,IND,1552.107,1632.44,0.4779483534959057,10,31,0.0
2009-09-27,2009,0,0,DET,WSH,1305.942,1489.028,0.3363153929142733,19,14,1.0
2009-09-28,2009,0,0,DAL,CAR,1551.648,1482.793,0.6836358175093092,21,7,1.0
2009-10-04,2009,0,0,SF,LAR,1490.043,1303.622,0.8095818777956224,35,0,1.0
2009-10-04,2009,0,0,PIT,LAC,1616.79,1574.42,0.6497797924531091,38,28,1.0
2009-10-04,2009,0,0,MIA,BUF,1468.29,1444.562,0.6249844846127006,38,10,1.0
2009-10-04,2009,0,0,WSH,TB,1463.896,1413.65,0.6600258249704252,16,13,1.0
2009-10-04,2009,0,0,NE,BAL,1608.136,1647.865,0.5363038931494826,27,21,1.0
2009-10-04,2009,0,0,NO,NYJ,1605.808,1560.921,0.6530698028150711,24,10,1.0
2009-10-04,2009,0,0,KC,NYG,1330.608,1632.633,0.2035219711156949,16,27,0.0
2009-10-04,2009,0,0,JAX,TEN,1460.938,1544.05,0.4739583226906917,37,17,1.0
2009-10-04,2009,0,0,HOU,OAK,1460.69,1398.437,0.6753595935432107,29,6,1.0
2009-10-04,2009,0,0,DEN,DAL,1522.033,1567.8,0.5276502738678924,17,10,1.0
2009-10-04,2009,0,0,IND,SEA,1661.782,1423.36,0.8515281821552657,34,17,1.0
2009-10-04,2009,0,0,CLE,CIN,1374.162,1480.724,0.4404711590590116,20,23,0.0
2009-10-04,2009,0,0,CHI,DET,1544.004,1331.075,0.83200272133152,48,24,1.0
2009-10-05,2009,0,0,MIN,GB,1582.374,1508.297,0.690101008917195,30,23,1.0
2009-10-11,2009,0,0,BUF,CLE,1420.285,1362.176,0.6701077358905435,3,6,0.0
2009-10-11,2009,0,0,LAR,MIN,1291.374,1594.496,0.202500246976959,10,38,0.0
2009-10-11,2009,0,0,ARI,HOU,1522.765,1480.196,0.6500404327846347,28,21,1.0
2009-10-11,2009,0,0,CAR,WSH,1466.641,1472.853,0.5838044675381354,20,17,1.0
2009-10-11,2009,0,0,SF,ATL,1502.29,1541.021,0.5377322570805857,10,45,0.0
2009-10-11,2009,0,0,SEA,JAX,1415.818,1493.235,0.482138104772133,41,0,1.0
2009-10-11,2009,0,0,BAL,CIN,1630.024,1492.71,0.7621699104680204,14,17,0.0
2009-10-11,2009,0,0,PHI,TB,1591.644,1404.693,0.8100517613921046,33,14,1.0
2009-10-11,2009,0,0,TEN,IND,1511.753,1669.325,0.369843730723142,9,31,0.0
2009-10-11,2009,0,0,NYG,OAK,1641.764,1378.931,0.8684311988793868,44,7,1.0
2009-10-11,2009,0,0,KC,DAL,1321.477,1548.326,0.2825844620830642,20,26,0.0
2009-10-11,2009,0,0,DET,PIT,1321.472,1632.805,0.19497425496638,20,28,0.0
2009-10-11,2009,0,0,DEN,NE,1541.507,1625.978,0.4720082770334094,20,17,1.0
2009-10-12,2009,0,0,MIA,NYJ,1492.566,1543.025,0.5209139714621444,31,27,1.0
2009-10-18,2009,0,0,NE,TEN,1611.208,1489.497,0.7455077058028068,59,0,1.0
2009-10-18,2009,0,0,PIT,CLE,1640.51,1381.857,0.8656574544268871,27,14,1.0
2009-10-18,2009,0,0,ATL,CHI,1580.026,1553.606,0.6286094195745396,21,14,1.0
2009-10-18,2009,0,0,JAX,LAR,1454.303,1279.069,0.7994560394009438,23,20,1.0
2009-10-18,2009,0,0,WSH,KC,1461.614,1311.233,0.7755348919026792,6,14,0.0
2009-10-18,2009,0,0,TB,CAR,1394.482,1477.88,0.4735478697979891,21,28,0.0
2009-10-18,2009,0,0,SEA,ARI,1454.75,1536.641,0.4757110299294086,3,27,0.0
2009-10-18,2009,0,0,OAK,PHI,1370.6,1601.855,0.2774710847591079,13,9,1.0
2009-10-18,2009,0,0,NYJ,BUF,1527.705,1400.604,0.7513494290795392,13,16,0.0
2009-10-18,2009,0,0,CIN,HOU,1515.982,1466.32,0.6592710652880674,17,28,0.0
2009-10-18,2009,0,0,GB,DET,1496.175,1313.767,0.8059952071287768,26,0,1.0
2009-10-18,2009,0,0,MIN,BAL,1606.802,1606.752,0.5925357236296143,33,31,1.0
2009-10-18,2009,0,0,NO,NYG,1623.705,1650.095,0.5553366496741602,48,27,1.0
2009-10-19,2009,0,0,LAC,DEN,1558.406,1556.277,0.5954219367614381,23,34,0.0
2009-10-25,2009,1,0,NE,TB,1630.417,1374.951,0.8131456044165881,35,7,1.0
2009-10-25,2009,0,0,LAR,IND,1274.056,1691.581,0.1161610754329579,6,42,0.0
2009-10-25,2009,0,0,KC,LAC,1349.012,1527.883,0.3417525093904173,7,37,0.0
2009-10-25,2009,0,0,OAK,NYJ,1395.759,1504.88,0.4368439096188135,0,38,0.0
2009-10-25,2009,0,0,PIT,MIN,1646.691,1615.498,0.6350008747915851,27,17,1.0
2009-10-25,2009,0,0,NYG,ARI,1623.079,1567.032,0.6674784742583196,17,24,0.0
2009-10-25,2009,0,0,MIA,NO,1507.886,1650.72,0.3898248478824536,34,46,0.0
2009-10-25,2009,0,0,HOU,SF,1500.886,1463.285,0.6435071220772844,24,21,1.0
2009-10-25,2009,0,0,DAL,ATL,1558.57,1594.856,0.5412289419724028,37,21,1.0
2009-10-25,2009,0,0,CLE,GB,1375.675,1507.67,0.4047638948546755,3,31,0.0
2009-10-25,2009,0,0,CIN,CHI,1481.416,1538.776,0.5109930719895056,45,10,1.0
2009-10-25,2009,0,0,CAR,BUF,1497.411,1423.429,0.6899840435555781,9,20,0.0
2009-10-26,2009,0,0,WSH,PHI,1423.835,1576.696,0.3761859936514697,17,27,0.0
2009-11-01,2009,0,0,DAL,SEA,1584.231,1424.358,0.7849033359634141,38,17,1.0
2009-11-01,2009,0,0,LAC,OAK,1550.2,1364.38,0.8090479725498687,24,16,1.0
2009-11-01,2009,0,0,BUF,HOU,1460.032,1510.33,0.52114525921476,10,31,0.0
2009-11-01,2009,0,0,ARI,CAR,1596.408,1460.808,0.7603768025227867,21,34,0.0
2009-11-01,2009,0,0,DET,LAR,1302.272,1266.826,0.6406562650218788,10,17,0.0
2009-11-01,2009,0,0,GB,MIN,1534.124,1598.726,0.5005727677913434,26,38,0.0
2009-11-01,2009,0,0,CHI,CLE,1503.85,1349.222,0.7797620741687178,30,6,1.0
2009-11-01,2009,0,0,BAL,DEN,1598.056,1586.8,0.6080123409577859,30,7,1.0
2009-11-01,2009,0,0,PHI,NYG,1594.045,1593.703,0.5929414889986346,40,17,1.0
2009-11-01,2009,0,0,TEN,JAX,1470.288,1459.316,0.6076226364540546,30,13,1.0
2009-11-01,2009,0,0,NYJ,MIA,1536.259,1488.572,0.6567126075020024,25,30,0.0
2009-11-01,2009,0,0,IND,SF,1698.812,1453.841,0.856231511472418,18,14,1.0
2009-11-02,2009,0,0,NO,ATL,1670.034,1569.195,0.72204857023897,35,27,1.0
2009-11-08,2009,0,0,CIN,BAL,1516.342,1622.137,0.4415595990035376,17,7,1.0
2009-11-08,2009,0,0,CHI,ARI,1516.742,1552.248,0.542343611698522,21,41,0.0
2009-11-08,2009,0,0,ATL,WSH,1557.837,1406.486,0.7765054216023664,31,17,1.0
2009-11-08,2009,0,0,NE,MIA,1641.692,1513.376,0.752653793145624,27,17,1.0
2009-11-08,2009,0,0,JAX,KC,1437.391,1326.696,0.7332904669484098,24,21,1.0
2009-11-08,2009,0,0,NO,CAR,1681.393,1504.968,0.8005529701740474,30,20,1.0
2009-11-08,2009,0,0,IND,HOU,1702.868,1542.764,0.7851277515217968,20,17,1.0
2009-11-08,2009,0,0,PHI,DAL,1619.171,1596.295,0.6238342691764597,16,20,0.0
2009-11-08,2009,0,0,SF,TEN,1449.785,1492.213,0.5324380941455701,27,34,0.0
2009-11-08,2009,0,0,TB,GB,1363.677,1508.44,0.3871868374466746,38,28,1.0
2009-11-08,2009,0,0,NYG,LAC,1568.576,1557.732,0.6074469501213218,20,21,0.0
2009-11-08,2009,0,0,SEA,DET,1412.293,1274.353,0.7628224969262986,32,20,1.0
2009-11-09,2009,0,0,DEN,PIT,1562.719,1663.463,0.4487409666931168,10,28,0.0
2009-11-12,2009,0,0,SF,CHI,1427.412,1483.269,0.5131547982016602,10,6,1.0
2009-11-15,2009,0,0,LAR,NO,1294.744,1690.012,0.1299754963003289,23,28,0.0
2009-11-15,2009,0,0,LAC,PHI,1566.454,1598.255,0.5476323184856838,31,23,1.0
2009-11-15,2009,0,0,WSH,DEN,1395.465,1536.716,0.3919945188483211,27,17,1.0
2009-11-15,2009,0,0,OAK,KC,1356.848,1319.848,0.6427130688326204,10,16,0.0
2009-11-15,2009,0,0,PIT,CIN,1689.466,1543.63,0.7709475942495162,12,18,0.0
2009-11-15,2009,0,0,NYJ,JAX,1511.455,1444.239,0.6815917433825356,22,24,0.0
2009-11-15,2009,0,0,MIN,DET,1624.41,1263.213,0.9208087937627104,27,10,1.0
2009-11-15,2009,0,0,MIA,TB,1502.472,1394.171,0.730586595630678,25,23,1.0
2009-11-15,2009,0,0,GB,DAL,1477.945,1617.211,0.394721205765613,17,7,1.0
2009-11-15,2009,0,0,ARI,SEA,1585.72,1423.433,0.7872401268755932,31,20,1.0
2009-11-15,2009,0,0,IND,NE,1708.272,1652.596,0.6670042957839333,35,34,1.0
2009-11-15,2009,0,0,CAR,ATL,1496.349,1568.858,0.4891953625873552,28,19,1.0
2009-11-15,2009,0,0,TEN,BUF,1514.586,1427.598,0.7057670152757468,41,17,1.0
2009-11-16,2009,0,0,CLE,BAL,1336.33,1594.849,0.2471287245167654,0,16,0.0
2009-11-19,2009,0,0,CAR,MIA,1519.953,1507.959,0.6090243792798955,17,24,0.0
2009-11-22,2009,0,0,MIN,SEA,1628.245,1413.849,0.8331797697139864,35,9,1.0
2009-11-22,2009,0,0,KC,PIT,1346.077,1656.282,0.1959954562043788,27,24,1.0
2009-11-22,2009,0,0,JAX,BUF,1460.173,1409.88,0.6600865323668054,18,15,1.0
2009-11-22,2009,0,0,GB,SF,1507.987,1443.018,0.6787780120044942,30,24,1.0
2009-11-22,2009,0,0,DET,CLE,1259.378,1323.459,0.5013225442283848,38,37,1.0
2009-11-22,2009,0,0,NE,NYJ,1648.22,1495.521,0.7778491889215297,31,14,1.0
2009-11-22,2009,0,0,NYG,ATL,1559.855,1545.254,0.612591870895703,34,31,1.0
2009-11-22,2009,0,0,OAK,CIN,1330.618,1576.814,0.2605623044591025,20,17,1.0
2009-11-22,2009,0,0,TB,NO,1388.684,1694.062,0.2004110943883719,7,38,0.0
2009-11-22,2009,0,0,CHI,PHI,1467.663,1578.672,0.4341720693473871,20,24,0.0
2009-11-22,2009,0,0,DAL,WSH,1587.169,1425.671,0.7864784060149689,7,6,1.0
2009-11-22,2009,0,0,LAR,ARI,1290.695,1595.304,0.2011214015413699,13,21,0.0
2009-11-22,2009,0,0,DEN,LAC,1506.51,1586.037,0.479106140941499,3,32,0.0
2009-11-22,2009,0,0,BAL,IND,1607.72,1712.649,0.44278920335714,15,17,0.0
2009-11-23,2009,0,0,HOU,TEN,1537.36,1532.304,0.5994741998602398,17,20,0.0
2009-11-26,2009,0,0,DEN,NYG,1474.134,1570.221,0.4553812181145524,26,6,1.0
2009-11-26,2009,0,0,DAL,OAK,1589.853,1352.96,0.8504119636407677,24,7,1.0
2009-11-26,2009,0,0,DET,GB,1266.289,1519.791,0.2525412084884086,12,34,0.0
2009-11-29,2009,0,0,SF,JAX,1431.214,1469.128,0.5389011092063972,20,3,1.0
2009-11-29,2009,0,0,LAC,KC,1618.414,1371.165,0.8578382089872653,43,14,1.0
2009-11-29,2009,0,0,LAR,SEA,1282.725,1404.092,0.4195856581560563,17,27,0.0
2009-11-29,2009,0,0,TEN,ARI,1549.472,1603.274,0.5161096395696771,20,17,1.0
2009-11-29,2009,0,0,ATL,TB,1534.887,1376.161,0.7837865109967982,20,17,1.0
2009-11-29,2009,0,0,BUF,MIA,1400.925,1534.206,0.4029815996427876,31,14,1.0
2009-11-29,2009,0,0,BAL,PIT,1598.165,1631.194,0.5458805401499943,20,17,1.0
2009-11-29,2009,0,0,CIN,CLE,1554.472,1316.549,0.8511646542542209,16,7,1.0
2009-11-29,2009,0,0,HOU,IND,1520.192,1722.204,0.3124469120903115,27,35,0.0
2009-11-29,2009,0,0,MIN,CHI,1638.002,1453.974,0.8074492425164084,36,10,1.0
2009-11-29,2009,0,0,NYJ,CAR,1483.836,1493.706,0.5786792155791642,17,6,1.0
2009-11-29,2009,0,0,PHI,WSH,1592.361,1422.987,0.7939931145256078,27,24,1.0
2009-11-30,2009,0,0,NO,NE,1706.585,1659.905,0.6554045950999229,38,17,1.0
2009-12-03,2009,0,0,BUF,NYJ,1436.542,1504.263,0.4960842462835059,13,19,0.0
2009-12-06,2009,0,0,ARI,MIN,1589.926,1649.404,0.5079461277327743,30,17,1.0
2009-12-06,2009,0,0,SEA,SF,1423.712,1457.545,0.5447329919776034,20,17,1.0
2009-12-06,2009,0,0,WSH,NO,1417.825,1726.859,0.1970598598107186,30,33,0.0
2009-12-06,2009,0,0,ATL,PHI,1540.329,1597.523,0.511231847187766,7,34,0.0
2009-12-06,2009,0,0,CAR,TB,1473.279,1370.72,0.7240312938031255,16,6,1.0
2009-12-06,2009,0,0,CIN,DET,1560.497,1251.702,0.8958309802384095,23,13,1.0
2009-12-06,2009,0,0,IND,TEN,1735.13,1562.82,0.7967438407545034,27,17,1.0
2009-12-06,2009,0,0,JAX,HOU,1442.797,1507.267,0.5007627307204203,23,18,1.0
2009-12-06,2009,0,0,KC,DEN,1362.697,1507.771,0.3867621426531756,13,44,0.0
2009-12-06,2009,0,0,MIA,NE,1498.589,1639.631,0.3922812968647433,22,21,1.0
2009-12-06,2009,0,0,NYG,DAL,1536.583,1597.457,0.5059375121897984,31,24,1.0
2009-12-06,2009,0,0,PIT,OAK,1618.783,1345.356,0.8752439495759308,24,27,0.0
2009-12-06,2009,0,0,CLE,LAC,1310.524,1626.883,0.190473147758695,23,30,0.0
2009-12-06,2009,0,0,CHI,LAR,1442.572,1263.105,0.8033342315361404,17,9,1.0
2009-12-07,2009,0,0,GB,BAL,1534.378,1610.575,0.4838917980522192,27,14,1.0
2009-12-10,2009,0,0,CLE,PIT,1303.415,1590.105,0.2182062533018439,13,6,1.0
2009-12-13,2009,0,0,KC,BUF,1336.83,1417.26,0.4778090325185231,10,16,0.0
2009-12-13,2009,0,0,DAL,LAC,1576.948,1633.992,0.5114476035038896,17,20,0.0
2009-12-13,2009,0,0,BAL,DET,1583.195,1247.432,0.9094532476286918,48,3,1.0
2009-12-13,2009,0,0,TB,NYJ,1358.421,1523.546,0.3597692438822528,3,26,0.0
2009-12-13,2009,0,0,ATL,NO,1506.137,1731.777,0.2839975101514262,23,26,0.0
2009-12-13,2009,0,0,IND,DEN,1743.928,1533.638,0.8298686466315078,28,16,1.0
2009-12-13,2009,0,0,HOU,SEA,1489.381,1436.158,0.6638606135723903,34,7,1.0
2009-12-13,2009,0,0,JAX,MIA,1460.683,1507.315,0.5264090773714863,10,14,0.0
2009-12-13,2009,0,0,MIN,CIN,1623.498,1564.767,0.6708987749793939,30,10,1.0
2009-12-13,2009,0,0,NE,CAR,1630.905,1485.577,0.7704307935951645,20,10,1.0
2009-12-13,2009,0,0,TEN,LAR,1554.021,1255.327,0.8902786913644025,47,7,1.0
2009-12-13,2009,0,0,CHI,GB,1450.35,1561.758,0.4336079006228948,14,21,0.0
2009-12-13,2009,0,0,OAK,WSH,1374.035,1412.907,0.5375304911820636,13,34,0.0
2009-12-13,2009,0,0,NYG,PHI,1557.092,1631.715,0.4861549299509198,38,45,0.0
2009-12-14,2009,0,0,SF,ARI,1445.099,1615.832,0.352367652140744,24,9,1.0
2009-12-17,2009,0,0,JAX,IND,1443.596,1751.685,0.1979220122446295,31,35,0.0
2009-12-19,2009,0,0,NO,DAL,1739.115,1562.716,0.8005290719170447,17,24,0.0
2009-12-20,2009,0,0,SEA,TB,1414.899,1336.549,0.6953366950036944,7,24,0.0
2009-12-20,2009,0,0,BAL,CHI,1589.06,1432.69,0.7814793409836278,31,7,1.0
2009-12-20,2009,0,0,PIT,GB,1553.947,1579.419,0.5566411916592671,37,36,1.0
2009-12-20,2009,0,0,LAC,CIN,1648.224,1545.795,0.7238817429066585,27,24,1.0
2009-12-20,2009,0,0,PHI,SF,1651.845,1482.824,0.7936605405575361,27,13,1.0
2009-12-20,2009,0,0,DET,ARI,1241.567,1578.106,0.1732016751466538,24,31,0.0
2009-12-20,2009,0,0,CAR,MIN,1475.528,1642.47,0.3573636034940765,26,7,1.0
2009-12-20,2009,0,0,DEN,OAK,1525.881,1340.405,0.808741861921862,19,20,0.0
2009-12-20,2009,0,0,KC,CLE,1318.364,1339.572,0.5626901198145962,34,41,0.0
2009-12-20,2009,0,0,TEN,MIA,1561.014,1524.402,0.6422000185184725,27,24,1.0
2009-12-20,2009,0,0,BUF,NE,1435.726,1640.954,0.308483798357493,10,17,0.0
2009-12-20,2009,0,0,LAR,HOU,1248.334,1510.64,0.2430951473557564,13,16,0.0
2009-12-20,2009,0,0,NYJ,ATL,1545.418,1498.799,0.6553252850557733,7,10,0.0
2009-12-21,2009,0,0,WSH,NYG,1446.537,1536.962,0.4634756585210079,12,45,0.0
2009-12-25,2009,0,0,TEN,LAC,1570.497,1655.338,0.4714775049232018,17,42,0.0
2009-12-27,2009,0,0,ATL,BUF,1517.939,1423.665,0.7144008255473733,31,3,1.0
2009-12-27,2009,0,0,SF,DET,1472.723,1235.155,0.8509055853244429,20,6,1.0
2009-12-27,2009,0,0,PHI,DEN,1661.946,1513.229,0.7738630176329655,30,27,1.0
2009-12-27,2009,0,0,NYG,CAR,1569.276,1515.902,0.6640545534290725,9,41,0.0
2009-12-27,2009,0,0,NE,JAX,1653.014,1437.859,0.8337861603235097,35,7,1.0
2009-12-27,2009,0,0,NO,TB,1701.719,1379.547,0.9028009525968436,17,20,0.0
2009-12-27,2009,0,0,MIA,HOU,1514.92,1516.825,0.5898158141390777,20,27,0.0
2009-12-27,2009,0,0,PIT,BAL,1559.985,1601.842,0.533256282610089,23,20,1.0
2009-12-27,2009,0,0,GB,SEA,1573.381,1371.902,0.8225873689709255,48,10,1.0
2009-12-27,2009,0,0,IND,NYJ,1757.422,1526.277,0.8461537893539224,15,29,0.0
2009-12-27,2009,0,0,WSH,DAL,1414.223,1600.112,0.3327234255666846,0,17,0.0
2009-12-27,2009,0,0,CLE,OAK,1363.449,1353.057,0.6068263354602521,23,9,1.0
2009-12-27,2009,0,0,ARI,LAR,1584.518,1242.148,0.912536795481916,31,10,1.0
2009-12-27,2009,0,0,CIN,KC,1538.68,1294.487,0.8556793286341489,17,10,1.0
2009-12-28,2009,0,0,CHI,MIN,1419.908,1602.096,0.3374701940008874,36,30,1.0
2010-01-03,2009,0,0,MIN,NYG,1574.86,1520.198,0.6657065690770819,44,7,1.0
2010-01-03,2009,0,0,BUF,IND,1405.729,1704.465,0.2066082579298062,30,7,1.0
2010-01-03,2009,0,0,CAR,NO,1564.98,1671.342,0.4407549217962885,23,10,1.0
2010-01-03,2009,0,0,CLE,JAX,1384.038,1427.93,0.5303395351484249,23,17,1.0
2010-01-03,2009,0,0,ARI,GB,1589.08,1584.976,0.5981576740893558,7,33,0.0
2010-01-03,2009,0,0,DAL,PHI,1618.344,1667.661,0.5225543347606969,24,0,1.0
2010-01-03,2009,0,0,DEN,KC,1507.514,1289.224,0.8362721263523576,24,44,0.0
2010-01-03,2009,0,0,DET,CHI,1228.056,1447.143,0.2917301212660147,23,37,0.0
2010-01-03,2009,0,0,HOU,NE,1542.079,1662.944,0.4202895708778946,34,27,1.0
2010-01-03,2009,0,0,MIA,PIT,1489.666,1572.791,0.4739396649732862,24,30,0.0
2010-01-03,2009,0,0,NYJ,CIN,1579.234,1543.943,0.6404508287952814,37,0,1.0
2010-01-03,2009,0,0,OAK,BAL,1332.468,1589.036,0.2492242236168106,13,21,0.0
2010-01-03,2009,0,0,SEA,TEN,1360.307,1540.049,0.3406254951066805,13,17,0.0
2010-01-03,2009,0,0,TB,ATL,1409.924,1535.875,0.4131733651515829,10,20,0.0
2010-01-03,2009,0,0,LAR,SF,1237.586,1479.822,0.264978233369204,6,28,0.0
2010-01-03,2009,0,0,LAC,WSH,1685.786,1395.991,0.8851737863909881,23,20,1.0
2010-01-09,2009,0,1,DAL,PHI,1648.864,1637.142,0.6086514873270674,34,14,1.0
2010-01-09,2009,0,1,CIN,NYJ,1518.926,1604.251,0.4707832951549036,14,24,0.0
2010-01-10,2009,0,1,NE,BAL,1638.206,1599.11,0.6454789199864045,14,33,0.0
2010-01-10,2009,0,1,ARI,GB,1548.373,1625.683,0.4822918953228732,51,45,1.0
2010-01-16,2009,0,1,NO,ARI,1641.259,1568.635,0.6883094021593194,45,14,1.0
2010-01-16,2009,0,1,IND,BAL,1648.042,1639.705,0.6040004115714714,20,3,1.0
2010-01-17,2009,0,1,LAC,NYJ,1688.527,1626.623,0.6749189659875391,14,17,0.0
2010-01-17,2009,0,1,MIN,DAL,1597.926,1671.89,0.4871026286616312,34,3,1.0
2010-01-24,2009,0,1,IND,NYJ,1670.195,1646.481,0.6249655957165314,30,17,1.0
2010-01-24,2009,0,1,NO,MIN,1661.591,1633.623,0.6306873840508231,31,28,1.0
2010-02-07,2009,1,1,NO,IND,1671.416,1689.222,0.4743975175434132,31,17,1.0
2010-09-09,2010,0,0,NO,MIN,1635.077,1584.199,0.6608417051576843,14,9,1.0
2010-09-12,2010,0,0,HOU,IND,1546.211,1608.682,0.5036394592844978,34,24,1.0
2010-09-12,2010,0,0,LAR,ARI,1316.472,1533.868,0.2937455027695524,13,17,0.0
2010-09-12,2010,0,0,SEA,SF,1401.591,1498.466,0.4542564551463171,31,6,1.0
2010-09-12,2010,0,0,WSH,DAL,1430.5,1592.462,0.3639737377201078,13,7,1.0
2010-09-12,2010,0,0,TB,CLE,1428.762,1436.429,0.5817679604593616,17,14,1.0
2010-09-12,2010,0,0,BUF,MIA,1476.435,1482.581,0.5838967779371752,10,15,0.0
2010-09-12,2010,0,0,CHI,DET,1476.273,1310.527,0.7905561084228526,19,14,1.0
2010-09-12,2010,0,0,JAX,DEN,1441.55,1467.711,0.5556621467635778,24,17,1.0
2010-09-12,2010,0,0,NE,CIN,1566.741,1499.37,0.6817853524295905,38,24,1.0
2010-09-12,2010,0,0,NYG,CAR,1499.755,1565.042,0.499586973892889,31,18,1.0
2010-09-12,2010,0,0,TEN,OAK,1535.313,1383.262,0.7772039451000612,38,13,1.0
2010-09-12,2010,0,0,PHI,GB,1577.744,1571.948,0.6004965596635709,20,27,0.0
2010-09-12,2010,0,0,PIT,ATL,1562.39,1538.437,0.6252880039244317,15,9,1.0
2010-09-13,2010,0,0,NYJ,BAL,1586.636,1580.034,0.6016091071434102,9,10,0.0
2010-09-13,2010,0,0,KC,LAC,1400.114,1614.113,0.2978186017150048,21,14,1.0
2010-09-19,2010,0,0,DEN,SEA,1449.552,1437.675,0.608863996480668,31,14,1.0
2010-09-19,2010,0,0,DET,PHI,1303.734,1551.939,0.2583403095151155,32,35,0.0
2010-09-19,2010,0,0,GB,BUF,1597.752,1454.936,0.7678632570385286,34,7,1.0
2010-09-19,2010,0,0,NYJ,NE,1578.015,1582.998,0.5855224280817173,28,14,1.0
2010-09-19,2010,0,0,TEN,PIT,1548.527,1576.407,0.5532176389642532,11,19,0.0
2010-09-19,2010,0,0,WSH,HOU,1456.394,1569.988,0.4305200817226418,27,30,0.0
2010-09-19,2010,0,0,MIN,MIA,1572.653,1504.08,0.6832846241382218,10,14,0.0
2010-09-19,2010,0,0,LAC,JAX,1582.788,1459.709,0.7469988769869497,38,13,1.0
2010-09-19,2010,0,0,OAK,LAR,1370.048,1307.629,0.6755690668222568,16,14,1.0
2010-09-19,2010,0,0,CLE,KC,1425.127,1431.439,0.5836645920982997,14,16,0.0
2010-09-19,2010,0,0,DAL,CHI,1566.568,1483.066,0.7015827603787403,20,27,0.0
2010-09-19,2010,0,0,IND,NYG,1584.905,1526.171,0.6709025879386807,38,14,1.0
2010-09-19,2010,0,0,ATL,ARI,1524.421,1542.711,0.5668189999929264,41,7,1.0
2010-09-19,2010,0,0,CAR,TB,1538.626,1440.063,0.7194114960553095,7,20,0.0
2010-09-19,2010,0,0,CIN,BAL,1483.113,1588.655,0.4419187518125124,15,10,1.0
2010-09-20,2010,0,0,SF,NO,1462.382,1646.623,0.3348329697541107,22,25,0.0
2010-09-26,2010,0,0,HOU,DAL,1581.667,1535.278,0.6550261694023087,13,27,0.0
2010-09-26,2010,0,0,LAR,WSH,1300.891,1444.715,0.3884701540438345,30,16,1.0
2010-09-26,2010,0,0,SEA,LAC,1415.828,1597.976,0.3375216780602492,27,20,1.0
2010-09-26,2010,0,0,TB,PIT,1481.084,1601.135,0.4214316633667938,13,38,0.0
2010-09-26,2010,0,0,BAL,CLE,1568.281,1411.951,0.7814400173321063,24,17,1.0
2010-09-26,2010,0,0,NYG,TEN,1506.112,1523.799,0.5676710903581431,10,29,0.0
2010-09-26,2010,0,0,NE,BUF,1561.145,1440.801,0.7440118539824442,38,30,1.0
2010-09-26,2010,0,0,NO,ATL,1655.429,1554.582,0.722057812464628,24,27,0.0
2010-09-26,2010,0,0,MIN,DET,1549.238,1297.121,0.8612214520648742,24,10,1.0
2010-09-26,2010,0,0,MIA,NYJ,1527.496,1599.867,0.489393869507539,23,31,0.0
2010-09-26,2010,0,0,KC,SF,1444.615,1453.576,0.5799544516735462,31,10,1.0
2010-09-26,2010,0,0,JAX,PHI,1444.521,1558.551,0.429904850935291,3,28,0.0
2010-09-26,2010,0,0,DEN,IND,1471.4,1604.963,0.4025911102415017,13,27,0.0
2010-09-26,2010,0,0,ARI,OAK,1512.549,1376.786,0.7605477233150906,24,23,1.0
2010-09-26,2010,0,0,CAR,CIN,1497.605,1503.487,0.5842659606270693,7,20,0.0
2010-09-27,2010,0,0,CHI,GB,1514.356,1611.887,0.4533204597281207,20,17,1.0
2010-10-03,2010,0,0,LAR,SEA,1335.243,1444.929,0.4360439471093052,20,3,1.0
2010-10-03,2010,0,0,LAC,ARI,1568.875,1515.591,0.6639389667918438,41,10,1.0
2010-10-03,2010,0,0,PIT,BAL,1627.926,1576.539,0.6614981049463509,14,17,0.0
2010-10-03,2010,0,0,PHI,WSH,1585.954,1410.363,0.7997853159138151,12,17,0.0
2010-10-03,2010,0,0,TEN,DEN,1558.558,1450.254,0.730589994747746,20,26,0.0
2010-10-03,2010,0,0,BUF,NYJ,1430.426,1621.302,0.3263807264229097,14,38,0.0
2010-10-03,2010,0,0,NYG,CHI,1471.353,1529.741,0.5095142843161942,17,3,1.0
2010-10-03,2010,0,0,NO,CAR,1633.777,1465.915,0.7925658123408366,16,14,1.0
2010-10-03,2010,0,0,JAX,IND,1417.119,1626.109,0.3038834065552815,31,28,1.0
2010-10-03,2010,0,0,OAK,HOU,1373.744,1544.298,0.352602831566628,24,31,0.0
2010-10-03,2010,0,0,GB,DET,1596.503,1290.552,0.8942933082677076,28,26,1.0
2010-10-03,2010,0,0,CLE,CIN,1403.692,1535.177,0.4054714137405328,23,20,1.0
2010-10-03,2010,0,0,ATL,SF,1576.234,1428.253,0.7731207291079191,16,14,1.0
2010-10-04,2010,0,0,MIA,NE,1506.062,1571.521,0.4993394462857413,14,41,0.0
2010-10-10,2010,0,0,OAK,LAC,1359.751,1590.98,0.2775010913372883,35,27,1.0
2010-10-10,2010,0,0,IND,KC,1605.457,1469.937,0.7602928844554854,19,9,1.0
2010-10-10,2010,0,0,BUF,JAX,1410.551,1437.771,0.5541565043940151,26,36,0.0
2010-10-10,2010,0,0,CAR,CHI,1461.794,1503.255,0.5338236080184952,6,23,0.0
2010-10-10,2010,0,0,CIN,TB,1518.18,1454.293,0.6774184517883189,21,24,0.0
2010-10-10,2010,0,0,CLE,ATL,1420.69,1580.779,0.3664733449320649,10,20,0.0
2010-10-10,2010,0,0,DET,LAR,1288.565,1368.52,0.4784913069556138,44,6,1.0
2010-10-10,2010,0,0,ARI,NO,1493.485,1637.898,0.3876649949633402,30,20,1.0
2010-10-10,2010,0,0,DAL,TEN,1572.647,1527.694,0.6531558776260807,27,34,0.0
2010-10-10,2010,0,0,HOU,NYG,1558.291,1497.839,0.6730824341266662,10,34,0.0
2010-10-10,2010,0,0,BAL,DEN,1595.904,1481.119,0.7378697212744056,31,17,1.0
2010-10-10,2010,0,0,SF,PHI,1423.708,1553.775,0.4074406495780951,24,27,0.0
2010-10-10,2010,0,0,WSH,GB,1442.543,1598.49,0.372026468157034,16,13,1.0
2010-10-11,2010,0,0,NYJ,MIN,1641.176,1555.807,0.7038279798087729,29,20,1.0
2010-10-17,2010,0,0,LAR,LAC,1330.047,1556.635,0.2828891512874361,20,17,1.0
2010-10-17,2010,0,0,TB,NO,1474.244,1607.432,0.4031104050591657,6,31,0.0
2010-10-17,2010,0,0,NYG,DET,1543.79,1327.038,0.8350562922355885,28,20,1.0
2010-10-17,2010,0,0,CHI,SEA,1534.448,1411.653,0.7466897821554601,20,23,0.0
2010-10-17,2010,0,0,DEN,NYJ,1467.994,1653.943,0.3326467475078168,20,24,0.0
2010-10-17,2010,0,0,GB,MIA,1580.328,1472.791,0.729720073021707,20,23,0.0
2010-10-17,2010,0,0,HOU,KC,1512.339,1459.402,0.6634931323820076,35,31,1.0
2010-10-17,2010,0,0,MIN,DAL,1543.04,1544.054,0.5910561170314329,24,21,1.0
2010-10-17,2010,0,0,NE,BAL,1604.792,1609.029,0.5865642151395297,23,20,1.0
2010-10-17,2010,0,0,PHI,ATL,1564.747,1597.626,0.5460945813858111,31,17,1.0
2010-10-17,2010,0,0,PIT,CLE,1608.561,1403.843,0.8252920520584275,28,10,1.0
2010-10-17,2010,0,0,SF,OAK,1412.736,1394.096,0.6180950618924945,17,9,1.0
2010-10-17,2010,0,0,WSH,IND,1460.705,1615.992,0.372914493778794,24,27,0.0
2010-10-18,2010,0,0,JAX,TEN,1464.811,1556.287,0.4619715558162144,3,30,0.0
2010-10-24,2010,0,0,BAL,BUF,1597.874,1383.511,0.8331533648121733,37,34,1.0
2010-10-24,2010,0,0,ATL,CIN,1573.396,1498.229,0.6914412899767006,39,32,1.0
2010-10-24,2010,0,0,TEN,PHI,1586.708,1588.977,0.5893087837525813,37,19,1.0
2010-10-24,2010,0,0,SEA,ARI,1434.287,1523.951,0.4645651542021187,22,10,1.0
2010-10-24,2010,0,0,NO,CLE,1632.91,1394.678,0.8513898512194796,17,30,0.0
2010-10-24,2010,0,0,MIA,PIT,1494.745,1617.725,0.4173261101776998,22,23,0.0
2010-10-24,2010,0,0,KC,JAX,1449.121,1434.39,0.6127694543082636,42,20,1.0
2010-10-24,2010,0,0,GB,MIN,1558.374,1554.058,0.5984509732646137,28,24,1.0
2010-10-24,2010,0,0,TB,LAR,1448.766,1351.505,0.7178960982131056,18,17,1.0
2010-10-24,2010,0,0,DEN,OAK,1457.844,1377.928,0.6972430147507959,14,59,0.0
2010-10-24,2010,0,0,CHI,WSH,1511.813,1450.773,0.6738267971062686,14,17,0.0
2010-10-24,2010,0,0,CAR,SF,1430.601,1428.904,0.5948227400097509,23,20,1.0
2010-10-24,2010,0,0,LAC,NE,1535.177,1615.947,0.4773207183510212,20,23,0.0
2010-10-25,2010,0,0,DAL,NYG,1533.036,1550.216,0.5683872150345682,35,41,0.0
2010-10-31,2010,0,0,ARI,TB,1496.173,1452.409,0.6516036960360443,35,38,0.0
2010-10-31,2010,0,0,LAC,TEN,1522.037,1610.223,0.4666821096839836,33,25,1.0
2010-10-31,2010,0,0,LAR,CAR,1347.863,1441.505,0.4588739715951132,20,10,1.0
2010-10-31,2010,1,0,DEN,SF,1400.69,1418.001,0.475108063385104,16,24,0.0
2010-10-31,2010,0,0,OAK,SEA,1435.083,1462.066,0.5544935485177297,33,3,1.0
2010-10-31,2010,0,0,NYJ,GB,1664.092,1570.905,0.7131224285455243,0,9,0.0
2010-10-31,2010,0,0,NE,MIN,1629.086,1541.528,0.7064479253492206,28,18,1.0
2010-10-31,2010,0,0,NO,PIT,1580.789,1623.362,0.5322302950400472,20,10,1.0
2010-10-31,2010,0,0,KC,BUF,1472.555,1379.406,0.7130776757436382,13,10,1.0
2010-10-31,2010,0,0,DET,WSH,1320.612,1470.591,0.3800871237443443,37,25,1.0
2010-10-31,2010,0,0,CIN,MIA,1486.165,1489.108,0.5883694414323609,14,22,0.0
2010-10-31,2010,0,0,DAL,JAX,1510.424,1410.956,0.7204618953160266,17,35,0.0
2010-11-01,2010,0,0,IND,HOU,1625.924,1522.62,0.7248873680297959,30,17,1.0
2010-11-07,2010,0,0,PHI,IND,1565.462,1639.413,0.4871213247354943,26,24,1.0
2010-11-07,2010,0,0,HOU,LAC,1509.131,1545.723,0.540791535125105,23,29,0.0
2010-11-07,2010,0,0,GB,DAL,1606.29,1464.569,0.7667377970887216,45,7,1.0
2010-11-07,2010,0,0,DET,NYJ,1353.691,1628.707,0.2298870170410351,20,23,0.0
2010-11-07,2010,0,0,CLE,NE,1446.799,1642.252,0.320614807878113,34,14,1.0
2010-11-07,2010,0,0,CAR,NO,1415.211,1602.996,0.3303046987682396,3,34,0.0
2010-11-07,2010,0,0,BUF,CHI,1371.984,1491.995,0.4214878076275944,19,22,0.0
2010-11-07,2010,0,0,ATL,TB,1585.46,1471.415,0.7370449682431689,27,21,1.0
2010-11-07,2010,0,0,SEA,NYG,1431.989,1572.828,0.3925599131909086,7,41,0.0
2010-11-07,2010,0,0,BAL,MIA,1601.979,1515.714,0.7049020111774859,26,10,1.0
2010-11-07,2010,0,0,OAK,KC,1465.16,1479.977,0.5717210762783594,23,20,1.0
2010-11-07,2010,0,0,MIN,ARI,1528.363,1477.167,0.6612518665059667,27,24,1.0
2010-11-08,2010,0,0,CIN,PIT,1459.559,1601.155,0.3915212924165548,21,27,0.0
2010-11-11,2010,0,0,ATL,BAL,1594.924,1617.625,0.5605741695109444,26,21,1.0
2010-11-14,2010,0,0,TB,CAR,1461.951,1393.526,0.6831002262245475,31,16,1.0
2010-11-14,2010,0,0,ARI,SEA,1468.246,1405.005,0.6766053013810913,18,36,0.0
2010-11-14,2010,0,0,DEN,KC,1379.974,1468.367,0.4663855473064792,49,29,1.0
2010-11-14,2010,0,0,PIT,NE,1615.88,1598.276,0.6166863224104475,26,39,0.0
2010-11-14,2010,0,0,NYG,DAL,1599.811,1448.945,0.776020530705827,20,33,0.0
2010-11-14,2010,0,0,JAX,HOU,1456.811,1487.809,0.5487771867009962,31,24,1.0
2010-11-14,2010,0,0,IND,CIN,1628.098,1444.834,0.8067645486406839,23,17,1.0
2010-11-14,2010,0,0,MIA,TEN,1500.068,1586.537,0.469142889757586,29,17,1.0
2010-11-14,2010,0,0,CHI,MIN,1503.396,1537.283,0.544655900680801,27,13,1.0
2010-11-14,2010,0,0,CLE,NYJ,1490.775,1634.526,0.3885699870666939,20,26,0.0
2010-11-14,2010,0,0,BUF,DET,1360.583,1347.872,0.6100067224051638,14,12,1.0
2010-11-14,2010,0,0,SF,LAR,1438.716,1374.157,0.6782631916970069,23,20,1.0
2010-11-15,2010,0,0,WSH,PHI,1437.512,1576.778,0.394721205765613,28,59,0.0
2010-11-18,2010,0,0,MIA,CHI,1527.569,1527.714,0.5922646798440635,0,16,0.0
2010-11-21,2010,0,0,MIN,GB,1512.965,1621.913,0.4370889198110046,3,31,0.0
2010-11-21,2010,0,0,SF,TB,1447.14,1478.519,0.5482340438600014,0,21,0.0
2010-11-21,2010,0,0,PHI,NYG,1603.244,1554.396,0.6582177058872068,27,17,1.0
2010-11-21,2010,0,0,LAR,ATL,1365.732,1610.374,0.262289526596861,17,34,0.0
2010-11-21,2010,0,0,CAR,BAL,1376.958,1602.175,0.2844929071805994,13,37,0.0
2010-11-21,2010,0,0,DAL,DET,1494.361,1339.596,0.7798974791528581,35,19,1.0
2010-11-21,2010,0,0,JAX,CLE,1475.291,1476.175,0.591236985087073,24,20,1.0
2010-11-21,2010,0,0,KC,ARI,1435.526,1425.935,0.6057256828782527,31,13,1.0
2010-11-21,2010,0,0,NO,SEA,1624.68,1447.316,0.8014146241665179,34,19,1.0
2010-11-21,2010,0,0,NE,IND,1632.095,1634.856,0.5886231555046817,31,28,1.0
2010-11-21,2010,0,0,TEN,WSH,1559.036,1411.046,0.7731298163939316,16,19,0.0
2010-11-21,2010,0,0,NYJ,HOU,1649.126,1469.329,0.8036341784341642,30,27,1.0
2010-11-21,2010,0,0,PIT,OAK,1582.061,1476.77,0.7271625399107634,35,3,1.0
2010-11-21,2010,0,0,CIN,BUF,1438.076,1368.86,0.6840850893101135,31,49,0.0
2010-11-22,2010,0,0,LAC,DEN,1567.045,1412.815,0.7793683688803249,35,14,1.0
2010-11-25,2010,0,0,DAL,NO,1505.7,1634.6,0.4090635476943505,27,30,0.0
2010-11-25,2010,0,0,NYJ,CIN,1654.025,1395.174,0.8657899494375172,26,10,1.0
2010-11-25,2010,0,0,DET,NE,1328.257,1643.187,0.1917447687364858,24,45,0.0
2010-11-28,2010,0,0,OAK,MIA,1459.061,1492.989,0.5445973669702812,17,33,0.0
2010-11-28,2010,0,0,NYG,JAX,1538.811,1488.076,0.6606571827548611,24,20,1.0
2010-11-28,2010,0,0,HOU,TEN,1464.43,1535.303,0.491548878519522,20,0,1.0
2010-11-28,2010,0,0,WSH,MIN,1434.779,1484.106,0.5225399728682348,13,17,0.0
2010-11-28,2010,0,0,SEA,KC,1437.397,1457.983,0.5635709794819069,24,42,0.0
2010-11-28,2010,0,0,BAL,TB,1619.247,1512.937,0.7283247531604585,17,10,1.0
2010-11-28,2010,0,0,DEN,LAR,1400.412,1351.715,0.658022131728985,33,36,0.0
2010-11-28,2010,0,0,IND,LAC,1623.764,1579.448,0.6523247077577641,14,36,0.0
2010-11-28,2010,0,0,ATL,GB,1624.391,1650.773,0.5553480215536647,20,17,1.0
2010-11-28,2010,0,0,BUF,PIT,1411.762,1599.77,0.330020803659816,16,19,0.0
2010-11-28,2010,0,0,CHI,PHI,1562.294,1618.829,0.5121797043320334,31,26,1.0
2010-11-28,2010,0,0,CLE,CAR,1463.39,1359.887,0.7251157584706148,24,23,1.0
2010-11-29,2010,0,0,ARI,SF,1403.478,1412.722,0.5795575445614013,6,27,0.0
2010-12-02,2010,0,0,PHI,HOU,1601.415,1495.472,0.7279065317338066,34,24,1.0
2010-12-05,2010,0,0,TEN,JAX,1504.26,1477.699,0.628798889909461,6,17,0.0
2010-12-05,2010,0,0,BAL,PIT,1629.729,1608.435,0.6216948412073563,10,13,0.0
2010-12-05,2010,0,0,NYG,WSH,1549.188,1417.839,0.7558897751600715,31,7,1.0
2010-12-05,2010,0,0,MIA,CLE,1524.291,1466.93,0.669155177504209,10,13,0.0
2010-12-05,2010,0,0,GB,SF,1638.657,1449.482,0.8120138207323621,34,16,1.0
2010-12-05,2010,0,0,DET,CHI,1317.612,1579.708,0.2433176460232243,20,24,0.0
2010-12-05,2010,0,0,KC,DEN,1491.855,1381.173,0.7332758309885555,10,6,1.0
2010-12-05,2010,0,0,ARI,LAR,1366.718,1370.953,0.58656700709758,6,19,0.0
2010-12-05,2010,0,0,IND,DAL,1580.718,1494.678,0.7046325175955708,35,38,0.0
2010-12-05,2010,0,0,CIN,NO,1388.545,1645.621,0.2486774579507482,30,34,0.0
2010-12-05,2010,0,0,MIN,BUF,1501.046,1403.097,0.7186974803075881,38,14,1.0
2010-12-05,2010,0,0,LAC,OAK,1622.494,1427.76,0.8168498655207932,13,28,0.0
2010-12-05,2010,0,0,SEA,CAR,1403.525,1356.347,0.6560517530207898,31,14,1.0
2010-12-05,2010,0,0,TB,ATL,1502.455,1636.507,0.4019142779580331,24,28,0.0
2010-12-06,2010,0,0,NE,NYJ,1653.832,1660.654,0.5829510182218812,45,3,1.0
2010-12-09,2010,0,0,TEN,IND,1471.653,1559.741,0.466822519422139,28,30,0.0
2010-12-12,2010,0,0,NYJ,MIA,1630.09,1504.645,0.7495642327307652,6,10,0.0
2010-12-12,2010,0,0,NO,LAR,1652.983,1402.792,0.8598910360464668,31,13,1.0
2010-12-12,2010,0,0,WSH,TB,1403.411,1489.911,0.4690984473297515,16,17,0.0
2010-12-12,2010,0,0,PIT,CIN,1626.376,1381.183,0.8563887524963006,23,7,1.0
2010-12-12,2010,0,0,DET,GB,1310.424,1648.581,0.1718719469769255,7,3,1.0
2010-12-12,2010,0,0,JAX,OAK,1510.306,1479.119,0.6349928695375183,38,31,1.0
2010-12-12,2010,0,0,BUF,CLE,1386.236,1486.575,0.4493177515703844,13,6,1.0
2010-12-12,2010,0,0,CAR,ATL,1337.429,1649.05,0.1947141698130594,10,31,0.0
2010-12-12,2010,0,0,CHI,NE,1586.896,1684.396,0.4533646838429267,7,36,0.0
2010-12-12,2010,0,0,ARI,DEN,1334.879,1373.223,0.5382859763754243,43,13,1.0
2010-12-12,2010,0,0,DAL,PHI,1515.655,1613.523,0.4528397484876202,27,30,0.0
2010-12-12,2010,0,0,SF,SEA,1439.559,1422.443,0.61602206524667,40,21,1.0
2010-12-12,2010,0,0,LAC,KC,1571.135,1499.805,0.6867090890042381,31,0,1.0
2010-12-13,2010,0,0,HOU,BAL,1483.364,1611.788,0.4097260725364413,28,34,0.0
2010-12-13,2010,1,0,NYG,MIN,1563.616,1517.907,0.5654036311908228,21,3,1.0
2010-12-16,2010,0,0,LAC,SF,1591.584,1461.737,0.7542908457509002,34,7,1.0
2010-12-19,2010,0,0,TB,DET,1496.351,1340.859,0.7806150149828297,20,23,0.0
2010-12-19,2010,0,0,CAR,ARI,1326.605,1366.209,0.5364828295702797,19,12,1.0
2010-12-19,2010,0,0,CIN,CLE,1374.051,1463.299,0.4651608697526714,19,17,1.0
2010-12-19,2010,0,0,IND,JAX,1569.892,1524.851,0.6532706284588344,34,24,1.0
2010-12-19,2010,0,0,DAL,WSH,1503.284,1396.971,0.7283281702029574,33,30,1.0
2010-12-19,2010,0,0,MIA,BUF,1531.059,1409.512,0.7453285516182283,14,17,0.0
2010-12-19,2010,0,0,NE,GB,1714.786,1618.146,0.7171715689414123,31,27,1.0
2010-12-19,2010,0,0,NYG,PHI,1588.688,1625.894,0.5399136736185458,31,38,0.0
2010-12-19,2010,0,0,TEN,HOU,1461.502,1467.865,0.5835932504345657,31,17,1.0
2010-12-19,2010,0,0,PIT,NYJ,1633.508,1603.676,0.6331831114973467,17,22,0.0
2010-12-19,2010,0,0,OAK,DEN,1464.575,1341.892,0.7465678170205722,39,23,1.0
2010-12-19,2010,0,0,BAL,NO,1627.287,1660.2,0.5460460668628186,30,24,1.0
2010-12-19,2010,0,0,SEA,ATL,1400.265,1659.874,0.2459631603161045,18,34,0.0
2010-12-19,2010,0,0,LAR,KC,1395.575,1479.357,0.4729968285281243,13,27,0.0
2010-12-20,2010,0,0,MIN,CHI,1492.835,1556.505,0.5019140145092698,14,40,0.0
2010-12-23,2010,0,0,PIT,CAR,1609.796,1345.662,0.8692845399179082,27,3,1.0
2010-12-25,2010,0,0,ARI,DAL,1347.152,1510.273,0.3624306569340443,27,26,1.0
2010-12-26,2010,0,0,KC,TEN,1504.758,1483.47,0.621686717985765,34,14,1.0
2010-12-26,2010,0,0,JAX,WSH,1509.014,1389.983,0.7425696729793023,17,20,0.0
2010-12-26,2010,0,0,GB,NYG,1609.665,1565.946,0.651544887232671,45,17,1.0
2010-12-26,2010,0,0,DEN,HOU,1328.66,1445.898,0.4253848802006373,24,23,1.0
2010-12-26,2010,0,0,CLE,BAL,1451.417,1644.7,0.3233417987330398,10,20,0.0
2010-12-26,2010,0,0,CHI,NYJ,1589.61,1627.388,0.5390956382772221,38,34,1.0
2010-12-26,2010,0,0,BUF,NE,1432.092,1723.267,0.2138339990693131,3,34,0.0
2010-12-26,2010,0,0,TB,SEA,1472.297,1387.46,0.7031892036164892,38,15,1.0
2010-12-26,2010,0,0,LAR,SF,1370.174,1446.694,0.4834274601775795,25,17,1.0
2010-12-26,2010,0,0,CIN,LAC,1385.934,1606.626,0.2898247798141244,34,20,1.0
2010-12-26,2010,0,0,OAK,IND,1477.807,1585.728,0.4385440304779713,26,31,0.0
2010-12-26,2010,0,0,MIA,DET,1508.48,1364.913,0.7686329545986149,27,34,0.0
2010-12-27,2010,0,0,ATL,NO,1672.679,1642.787,0.6332633283488095,14,17,0.0
2010-12-28,2010,0,0,PHI,MIN,1648.635,1459.731,0.8117755746964955,14,24,0.0
2011-01-02,2010,0,0,CLE,PIT,1436.764,1617.116,0.3398372679199976,9,41,0.0
2011-01-02,2010,0,0,SEA,LAR,1369.798,1392.994,0.5598721418346921,16,6,1.0
2011-01-02,2010,0,0,HOU,JAX,1437.738,1486.546,0.5232853053088954,34,17,1.0
2011-01-02,2010,0,0,GB,CHI,1632.027,1604.265,0.6304111364827625,10,3,1.0
2011-01-02,2010,0,0,DET,MIN,1400.228,1503.741,0.4448012389732273,20,13,1.0
2011-01-02,2010,0,0,IND,TEN,1601.142,1461.303,0.7647945898475902,23,20,1.0
2011-01-02,2010,0,0,ATL,CAR,1654.33,1338.342,0.8996320780197129,31,10,1.0
2011-01-02,2010,0,0,DEN,LAC,1336.82,1565.233,0.2807628356841453,28,33,0.0
2011-01-02,2010,0,0,KC,OAK,1526.924,1462.392,0.6782292736770007,10,31,0.0
2011-01-02,2010,0,0,NO,TB,1661.136,1489.96,0.795684656000029,13,23,0.0
2011-01-02,2010,0,0,NE,MIA,1736.707,1473.165,0.8688968247600338,38,7,1.0
2011-01-02,2010,0,0,NYJ,BUF,1612.734,1418.651,0.8162885569929634,38,7,1.0
2011-01-02,2010,0,0,PHI,DAL,1604.625,1501.021,0.7252316301783878,13,14,0.0
2011-01-02,2010,0,0,BAL,CIN,1659.353,1427.327,0.8468128191474407,13,7,1.0
2011-01-02,2010,0,0,SF,ARI,1423.874,1356.403,0.6819102281695035,38,7,1.0
2011-01-02,2010,0,0,WSH,NYG,1412.451,1543.584,0.4059599697818128,14,17,0.0
2011-01-08,2010,0,1,SEA,NO,1390.512,1618.388,0.2813874843300886,41,36,1.0
2011-01-08,2010,0,1,IND,NYJ,1607.108,1624.126,0.5686159758235374,16,17,0.0
2011-01-09,2010,0,1,PHI,GB,1593.737,1646.776,0.5172064656041467,16,21,0.0
2011-01-09,2010,0,1,KC,BAL,1482.372,1664.605,0.3374122790400752,7,30,0.0
2011-01-15,2010,0,1,ATL,GB,1659.619,1665.411,0.5843917967728054,21,48,0.0
2011-01-15,2010,0,1,PIT,BAL,1639.697,1684.967,0.5283632701603843,31,24,1.0
2011-01-16,2010,0,1,NE,NYJ,1744.614,1632.185,0.7352380932579755,21,28,0.0
2011-01-16,2010,0,1,CHI,SEA,1589.516,1418.322,0.7957015004511069,35,24,1.0
2011-01-23,2010,0,1,PIT,NYJ,1659.137,1665.445,0.5836701873747313,24,19,1.0
2011-01-23,2010,0,1,CHI,GB,1598.685,1705.434,0.4402058760789977,14,21,0.0
2011-02-06,2010,1,1,PIT,GB,1673.669,1723.401,0.4289147284795392,25,31,0.0
2011-09-08,2011,0,0,GB,NO,1661.483,1562.051,0.7204201574662974,42,34,1.0
2011-09-11,2011,0,0,JAX,TEN,1474.46,1471.892,0.5960305514585451,16,14,1.0
2011-09-11,2011,0,0,LAC,MIN,1551.399,1488.493,0.6761832001736651,24,17,1.0
2011-09-11,2011,0,0,BAL,PIT,1612.017,1606.563,0.6000241718956489,35,7,1.0
2011-09-11,2011,0,0,CLE,CIN,1444.456,1449.716,0.5851354029447987,17,27,0.0
2011-09-11,2011,0,0,NYJ,DAL,1602.275,1509.606,0.712512018168742,27,24,1.0
2011-09-11,2011,0,0,KC,BUF,1476.341,1439.839,0.6420545067555753,7,41,0.0
2011-09-11,2011,0,0,SF,SEA,1464.78,1441.102,0.6249170225223246,33,17,1.0
2011-09-11,2011,0,0,TB,DET,1523.472,1450.819,0.6883452157153892,20,27,0.0
2011-09-11,2011,0,0,LAR,PHI,1416.52,1551.734,0.4003074394501229,13,31,0.0
2011-09-11,2011,0,0,WSH,NYG,1436.016,1538.007,0.4469659111200969,28,14,1.0
2011-09-11,2011,0,0,CHI,ATL,1555.479,1581.397,0.5560074909994703,30,12,1.0
2011-09-11,2011,0,0,ARI,CAR,1392.072,1390.369,0.5948310641262896,28,21,1.0
2011-09-11,2011,0,0,HOU,IND,1478.396,1567.7,0.4650806714474091,34,7,1.0
2011-09-12,2011,0,0,DEN,OAK,1386.636,1506.296,0.4219805604251246,20,23,0.0
2011-09-12,2011,0,0,MIA,NE,1478.506,1642.569,0.3611785712954187,24,38,0.0
2011-09-18,2011,0,0,SF,DAL,1485.21,1502.169,0.5686992826708098,24,27,0.0
2011-09-18,2011,0,0,NYJ,JAX,1609.713,1483.072,0.7508543964286218,32,3,1.0
2011-09-18,2011,0,0,BUF,OAK,1487.702,1517.712,0.5501851071169681,38,35,1.0
2011-09-18,2011,0,0,NE,LAC,1661.288,1564.126,0.717780669062809,35,21,1.0
2011-09-18,2011,0,0,CAR,GB,1374.014,1672.915,0.2064526061993092,23,30,0.0
2011-09-18,2011,0,0,IND,CLE,1531.652,1415.61,0.7392668586117785,19,27,0.0
2011-09-18,2011,0,0,DEN,CIN,1375.22,1478.561,0.445045763440537,24,22,1.0
2011-09-18,2011,0,0,DET,KC,1481.358,1428.478,0.6634198694641369,48,3,1.0
2011-09-18,2011,0,0,ATL,PHI,1555.707,1574.579,0.565996209419678,35,31,1.0
2011-09-18,2011,0,0,MIA,HOU,1459.787,1514.444,0.5148803779779426,13,23,0.0
2011-09-18,2011,0,0,MIN,TB,1475.766,1492.934,0.5684041612800333,20,24,0.0
2011-09-18,2011,0,0,NO,CHI,1550.62,1581.168,0.5494185442270513,30,13,1.0
2011-09-18,2011,0,0,TEN,BAL,1463.28,1638.118,0.3469941076873787,26,13,1.0
2011-09-18,2011,0,0,PIT,SEA,1580.463,1420.672,0.7848236323885847,24,0,1.0
2011-09-18,2011,0,0,WSH,ARI,1466.481,1408.426,0.670039014936204,22,21,1.0
2011-09-19,2011,0,0,NYG,LAR,1507.542,1393.676,0.7368452166500223,28,16,1.0
2011-09-25,2011,0,0,LAC,KC,1549.89,1404.016,0.7709862196742546,20,17,1.0
2011-09-25,2011,0,0,LAR,BAL,1381.191,1601.841,0.2898745452811189,7,37,0.0
2011-09-25,2011,0,0,MIN,DET,1457.063,1505.82,0.5233585405271093,23,26,0.0
2011-09-25,2011,0,0,IND,PIT,1496.253,1593.031,0.4543948845118259,20,23,0.0
2011-09-25,2011,0,0,CLE,MIA,1451.01,1434.978,0.614544996735223,17,16,1.0
2011-09-25,2011,0,0,TB,ATL,1511.637,1569.39,0.5104277591004565,16,13,1.0
2011-09-25,2011,0,0,OAK,NYJ,1505.436,1625.303,0.4216899437649832,34,24,1.0
2011-09-25,2011,0,0,PHI,NYG,1560.895,1520.027,0.647809670498386,16,29,0.0
2011-09-25,2011,0,0,CIN,SF,1466.151,1469.091,0.5883736239136435,8,13,0.0
2011-09-25,2011,0,0,TEN,DEN,1499.558,1387.63,0.7346763066813627,17,14,1.0
2011-09-25,2011,0,0,NO,HOU,1576.265,1539.253,0.6427289311605364,40,33,1.0
2011-09-25,2011,0,0,CHI,GB,1555.523,1680.676,0.4142875909586135,17,27,0.0
2011-09-25,2011,0,0,BUF,NE,1499.978,1675.524,0.3460712030707659,34,31,1.0
2011-09-25,2011,0,0,SEA,ARI,1408.104,1404.094,0.5980276038420885,13,10,1.0
2011-09-25,2011,0,0,CAR,JAX,1366.253,1467.482,0.4480504305016985,16,10,1.0
2011-09-26,2011,0,0,DAL,WSH,1518.288,1470.813,0.6564374332606359,18,16,1.0
2011-10-02,2011,0,0,ARI,NYG,1393.288,1555.948,0.363044090163553,27,31,0.0
2011-10-02,2011,0,0,CHI,CAR,1536.183,1388.094,0.7732297595663714,34,29,1.0
2011-10-02,2011,0,0,CIN,BUF,1444.455,1519.068,0.4861693100848765,23,20,1.0
2011-10-02,2011,0,0,CLE,TEN,1456.164,1506.367,0.5212817291082745,13,31,0.0
2011-10-02,2011,0,0,DAL,DET,1525.47,1520.438,0.5994410276888732,30,34,0.0
2011-10-02,2011,0,0,GB,DEN,1700.015,1380.821,0.9012862305264074,49,23,1.0
2011-10-02,2011,0,0,LAR,WSH,1362.598,1463.631,0.4483294685827272,10,17,0.0
2011-10-02,2011,0,0,LAC,MIA,1555.685,1429.824,0.7500134894292574,26,16,1.0
2011-10-02,2011,0,0,HOU,PIT,1525.053,1605.45,0.4778564299903964,17,10,1.0
2011-10-02,2011,0,0,JAX,NO,1445.641,1590.465,0.3871035236369593,10,23,0.0
2011-10-02,2011,0,0,KC,MIN,1398.222,1442.444,0.5298663484316131,22,17,1.0
2011-10-02,2011,0,0,PHI,SF,1524.975,1490.787,0.638987434696341,23,24,0.0
2011-10-02,2011,0,0,OAK,NE,1533.88,1656.434,0.4179225329953967,19,31,0.0
2011-10-02,2011,0,0,BAL,NYJ,1620.434,1596.859,0.6247780353285436,34,17,1.0
2011-10-02,2011,0,0,SEA,ATL,1418.91,1555.861,0.3979094817148454,28,30,0.0
2011-10-03,2011,0,0,TB,IND,1525.166,1483.834,0.6484188241447041,24,17,1.0
2011-10-09,2011,0,0,SF,TB,1500.064,1539.114,0.5372757620757266,48,3,1.0
2011-10-09,2011,0,0,JAX,CIN,1425.925,1458.764,0.5461516561744538,20,30,0.0
2011-10-09,2011,0,0,PIT,TEN,1583.582,1537.272,0.6549234013319044,38,17,1.0
2011-10-09,2011,0,0,NYG,SEA,1567.137,1410.444,0.7817966927082008,25,36,0.0
2011-10-09,2011,0,0,HOU,OAK,1546.921,1512.987,0.6386500757444041,20,25,0.0
2011-10-09,2011,0,0,NE,NYJ,1677.326,1576.008,0.7226016151987679,30,21,1.0
2011-10-09,2011,0,0,IND,KC,1469.886,1414.911,0.6661074182173377,24,28,0.0
2011-10-09,2011,0,0,CAR,NO,1380.685,1610.182,0.2795044853006028,27,30,0.0
2011-10-09,2011,0,0,DEN,LAC,1375.282,1566.716,0.3256749187080601,24,29,0.0
2011-10-09,2011,0,0,MIN,ARI,1425.755,1382.099,0.6514625471510117,34,10,1.0
2011-10-09,2011,0,0,BUF,PHI,1504.759,1515.698,0.5771781726233917,31,24,1.0
2011-10-09,2011,0,0,ATL,GB,1564.327,1705.555,0.3920260745057008,14,25,0.0
2011-10-10,2011,0,0,DET,CHI,1540.368,1543.592,0.5879776258323562,24,13,1.0
2011-10-16,2011,0,0,DET,SF,1560.286,1535.083,0.6269724231252674,19,25,0.0
2011-10-16,2011,0,0,ATL,CAR,1545.496,1373.475,0.7964742963504657,31,17,1.0
2011-10-16,2011,0,0,CHI,MIN,1523.675,1447.137,0.6931225247035102,39,10,1.0
2011-10-16,2011,0,0,GB,LAR,1724.385,1344.253,0.9284012077201332,24,3,1.0
2011-10-16,2011,0,0,CIN,IND,1485.345,1447.208,0.6442146312934045,27,17,1.0
2011-10-16,2011,0,0,NE,DAL,1689.203,1505.54,0.8071223616480867,20,16,1.0
2011-10-16,2011,0,0,NYG,BUF,1523.929,1521.922,0.5952527478964458,27,24,1.0
2011-10-16,2011,0,0,PIT,JAX,1603.887,1399.344,0.8251467551501274,17,13,1.0
2011-10-16,2011,0,0,OAK,CLE,1536.951,1425.258,0.7344125317882341,24,17,1.0
2011-10-16,2011,0,0,BAL,HOU,1641.285,1522.957,0.7417953290971476,29,14,1.0
2011-10-16,2011,0,0,TB,NO,1504.095,1617.392,0.4309392954166844,26,20,1.0
2011-10-16,2011,0,0,WSH,PHI,1481.976,1498.535,0.5692639721077394,13,20,0.0
2011-10-17,2011,0,0,NYJ,MIA,1564.131,1418.792,0.7704419928263907,24,6,1.0
2011-10-23,2011,0,0,NYJ,LAC,1576.47,1577.753,0.5906817810594599,27,21,1.0
2011-10-23,2011,0,0,MIN,GB,1427.523,1728.067,0.2049074257784645,27,33,0.0
2011-10-23,2011,0,0,NO,IND,1594.748,1430.909,0.7887326752447008,62,7,1.0
2011-10-23,2011,0,0,TEN,HOU,1516.966,1509.741,0.602468336002468,7,41,0.0
2011-10-23,2011,0,0,OAK,KC,1547.175,1437.589,0.7320400708082455,0,28,0.0
2011-10-23,2011,0,0,DAL,LAR,1499.962,1340.572,0.7844335537659366,34,7,1.0
2011-10-23,2011,0,0,DET,ATL,1534.842,1555.447,0.5635440781018319,16,23,0.0
2011-10-23,2011,1,0,CHI,TB,1543.288,1526.739,0.5237979306336872,24,18,1.0
2011-10-23,2011,0,0,ARI,PIT,1360.717,1608.901,0.2583634719669928,20,32,0.0
2011-10-23,2011,0,0,CLE,SEA,1415.034,1453.651,0.5378953779240208,6,3,1.0
2011-10-23,2011,0,0,CAR,WSH,1363.524,1457.768,0.4580136086209411,33,20,1.0
2011-10-23,2011,0,0,MIA,DEN,1406.453,1364.245,0.6495675468277754,15,18,0.0
2011-10-24,2011,0,0,JAX,BAL,1394.33,1654.501,0.2453636488573624,12,7,1.0
2011-10-30,2011,0,0,NYG,MIA,1534.819,1387.521,0.772430354863524,20,17,1.0
2011-10-30,2011,0,0,TEN,IND,1472.673,1415.503,0.6689117212222723,27,10,1.0
2011-10-30,2011,0,0,PHI,DAL,1522.743,1512.999,0.6059360031519989,34,7,1.0
2011-10-30,2011,0,0,LAR,NO,1327.535,1610.154,0.2222303985223223,31,21,1.0
2011-10-30,2011,0,0,SF,CLE,1560.527,1427.695,0.7574615523484927,20,10,1.0
2011-10-30,2011,0,0,BUF,WSH,1511.032,1428.776,0.700078915374544,23,0,1.0
2011-10-30,2011,0,0,CAR,MIN,1392.516,1420.32,0.5533257702106917,21,24,0.0
2011-10-30,2011,0,0,DEN,DET,1383.178,1510.922,0.4106731047451041,10,45,0.0
2011-10-30,2011,0,0,SEA,CIN,1440.991,1501.643,0.5062569483517995,12,34,0.0
2011-10-30,2011,0,0,HOU,JAX,1554.035,1424.005,0.7544860326203393,24,14,1.0
2011-10-30,2011,0,0,BAL,ARI,1624.826,1348.482,0.8770659347523466,30,27,1.0
2011-10-30,2011,0,0,PIT,NE,1621.136,1694.781,0.4875614118451714,25,17,1.0
2011-10-31,2011,0,0,KC,LAC,1491.139,1562.271,0.4911762588055666,23,20,1.0
2011-11-06,2011,0,0,ARI,LAR,1345.531,1368.93,0.5595841701488947,19,13,1.0
2011-11-06,2011,0,0,WSH,SF,1410.909,1571.199,0.3662047536583699,11,19,0.0
2011-11-06,2011,0,0,OAK,DEN,1493.626,1354.561,0.7639921717170757,24,38,0.0
2011-11-06,2011,0,0,PIT,BAL,1643.744,1627.777,0.614456359737494,20,23,0.0
2011-11-06,2011,0,0,TEN,CIN,1490.805,1533.453,0.5321228083523348,17,24,0.0
2011-11-06,2011,0,0,NE,NYG,1672.174,1540.574,0.7561562849970433,20,24,0.0
2011-11-06,2011,0,0,NO,TB,1568.759,1508.344,0.6730355657465531,27,16,1.0
2011-11-06,2011,0,0,KC,MIA,1505.286,1381.767,0.7474772634984217,3,31,0.0
2011-11-06,2011,0,0,HOU,CLE,1564.85,1417.023,0.7729651956994097,30,12,1.0
2011-11-06,2011,0,0,DAL,SEA,1487.6,1409.181,0.6954208318803754,23,13,1.0
2011-11-06,2011,0,0,IND,ATL,1397.371,1579.367,0.3377173526116723,7,31,0.0
2011-11-06,2011,0,0,BUF,NYJ,1528.899,1591.951,0.5028033679750858,11,27,0.0
2011-11-06,2011,0,0,LAC,GB,1548.124,1735.27,0.3311188765413603,38,45,0.0
2011-11-07,2011,0,0,PHI,CHI,1548.142,1561.682,0.5735200575246803,24,30,0.0
2011-11-10,2011,0,0,LAC,OAK,1535.078,1448.017,0.7058542709572465,17,24,0.0
2011-11-13,2011,0,0,NYJ,NE,1620.468,1645.445,0.5573442982954233,16,37,0.0
2011-11-13,2011,0,0,PHI,ARI,1525.287,1362.353,0.7878632761007228,17,21,0.0
2011-11-13,2011,0,0,SEA,BAL,1395.468,1645.464,0.2563698677166295,22,17,1.0
2011-11-13,2011,0,0,CIN,PIT,1555.811,1626.057,0.4924509728081958,17,24,0.0
2011-11-13,2011,0,0,SF,NYG,1586.623,1567.302,0.6190199981218375,27,20,1.0
2011-11-13,2011,0,0,TB,HOU,1492.971,1577.041,0.4725835906704697,9,37,0.0
2011-11-13,2011,0,0,CLE,LAR,1404.832,1352.108,0.6632193202548512,12,13,0.0
2011-11-13,2011,0,0,CAR,TEN,1376.91,1468.448,0.4618828479851961,3,30,0.0
2011-11-13,2011,0,0,IND,JAX,1376.727,1413.19,0.5409759398322834,3,17,0.0
2011-11-13,2011,0,0,DAL,BUF,1501.313,1500.383,0.5937581930043949,44,7,1.0
2011-11-13,2011,0,0,MIA,WSH,1436.824,1395.484,0.6484293225647367,20,9,1.0
2011-11-13,2011,0,0,CHI,DET,1584.537,1539.539,0.6532145592545887,37,13,1.0
2011-11-13,2011,0,0,KC,DEN,1450.228,1400.17,0.6597829428307798,10,17,0.0
2011-11-13,2011,0,0,ATL,NO,1600.011,1584.132,0.61433634678267,23,26,0.0
2011-11-14,2011,0,0,GB,MIN,1748.317,1435.925,0.8977474430562506,45,7,1.0
2011-11-17,2011,0,0,DEN,NYJ,1429.124,1585.374,0.3716190724341544,17,13,1.0
2011-11-20,2011,0,0,LAR,SEA,1361.822,1424.563,0.5032509165174416,7,24,0.0
2011-11-20,2011,0,0,GB,TB,1754.712,1461.418,0.8872051999828332,35,26,1.0
2011-11-20,2011,0,0,CLE,JAX,1395.118,1442.875,0.5247943183377518,14,10,1.0
2011-11-20,2011,0,0,MIN,OAK,1429.53,1479.552,0.5215417313601927,21,27,0.0
2011-11-20,2011,0,0,NYG,PHI,1552.042,1496.996,0.6661983122971948,10,17,0.0
2011-11-20,2011,0,0,BAL,CIN,1616.37,1535.379,0.698547716828901,31,24,1.0
2011-11-20,2011,0,0,SF,ARI,1601.883,1390.645,0.830637733837025,23,7,1.0
2011-11-20,2011,0,0,WSH,DAL,1378.817,1530.008,0.3784446169023265,24,27,0.0
2011-11-20,2011,0,0,ATL,TEN,1582.328,1498.863,0.7015381661266885,23,17,1.0
2011-11-20,2011,0,0,CHI,LAC,1605.799,1503.542,0.7236837985451077,31,20,1.0
2011-11-20,2011,0,0,MIA,BUF,1453.491,1471.688,0.5669504428224679,35,8,1.0
2011-11-20,2011,0,0,DET,CAR,1518.277,1346.495,0.7962511849618917,49,35,1.0
2011-11-21,2011,0,0,NE,KC,1680.539,1421.274,0.8660666276654219,34,3,1.0
2011-11-24,2011,0,0,DAL,MIA,1540.105,1481.75,0.6704207060213491,20,19,1.0
2011-11-24,2011,0,0,DET,GB,1528.24,1759.179,0.2778359155273104,15,27,0.0
2011-11-24,2011,0,0,BAL,SF,1628.126,1610.409,0.6168400740640758,16,6,1.0
2011-11-27,2011,0,0,CIN,CLE,1523.622,1410.295,0.7362431412023145,23,20,1.0
2011-11-27,2011,0,0,ATL,MIN,1593.209,1409.094,0.8075270942949825,24,14,1.0
2011-11-27,2011,0,0,PHI,NE,1526.301,1688.63,0.3634848130953882,20,38,0.0
2011-11-27,2011,0,0,SEA,WSH,1453.684,1368.72,0.7033417657591725,17,23,0.0
2011-11-27,2011,0,0,NYJ,BUF,1564.272,1443.429,0.7445585568557788,28,24,1.0
2011-11-27,2011,0,0,LAR,ARI,1332.7,1382.119,0.5224078417119419,20,23,0.0
2011-11-27,2011,0,0,KC,PIT,1413.183,1646.488,0.2751114839852432,9,13,0.0
2011-11-27,2011,0,0,TEN,TB,1487.981,1456.951,0.6347833722013029,23,17,1.0
2011-11-27,2011,0,0,IND,CAR,1347.042,1336.532,0.6069883876918492,19,27,0.0
2011-11-27,2011,0,0,JAX,HOU,1427.697,1608.594,0.339133781555637,13,20,0.0
2011-11-27,2011,0,0,OAK,CHI,1499.989,1618.562,0.4235075314020102,25,20,1.0
2011-11-27,2011,0,0,LAC,DEN,1490.78,1450.226,0.6473971684333716,13,16,0.0
2011-11-28,2011,0,0,NO,NYG,1601.815,1522.737,0.696223741474369,49,24,1.0
2011-12-01,2011,0,0,SEA,PHI,1424.309,1505.803,0.4762810420164419,31,14,1.0
2011-12-04,2011,0,0,SF,LAR,1592.699,1318.113,0.8759706281415742,26,0,1.0
2011-12-04,2011,0,0,TB,CAR,1443.332,1364.154,0.6963454747448207,19,38,0.0
2011-12-04,2011,0,0,PIT,CIN,1654.715,1530.387,0.7483552779706346,35,7,1.0
2011-12-04,2011,0,0,NYG,GB,1504.159,1772.432,0.236830863582464,35,38,0.0
2011-12-04,2011,0,0,NE,IND,1709.128,1319.42,0.9319800051040475,31,24,1.0
2011-12-04,2011,0,0,NO,DET,1620.393,1514.987,0.7272938577455729,31,17,1.0
2011-12-04,2011,0,0,MIN,DEN,1400.802,1469.08,0.4952827187614621,32,35,0.0
2011-12-04,2011,0,0,MIA,OAK,1477.424,1521.163,0.5305589032630215,34,14,1.0
2011-12-04,2011,0,0,HOU,ATL,1621.992,1601.501,0.6206070779944471,17,10,1.0
2011-12-04,2011,0,0,ARI,DAL,1396.706,1544.431,0.3831490417485721,19,13,1.0
2011-12-04,2011,0,0,CLE,BAL,1403.531,1645.836,0.2649008808177039,10,24,0.0
2011-12-04,2011,0,0,WSH,NYJ,1398.095,1571.854,0.3484028380473765,19,34,0.0
2011-12-04,2011,0,0,CHI,KC,1597.387,1404.957,0.8148573112286965,3,10,0.0
2011-12-04,2011,0,0,BUF,TEN,1435.847,1501.6,0.498916347587329,17,23,0.0
2011-12-05,2011,0,0,JAX,LAC,1414.299,1471.926,0.5106090074283872,14,38,0.0
2011-12-08,2011,0,0,PIT,CLE,1670.319,1390.254,0.8793568541851489,14,3,1.0
2011-12-11,2011,0,0,CIN,HOU,1514.782,1637.181,0.4181396009669485,19,20,0.0
2011-12-11,2011,0,0,DAL,NYG,1519.487,1498.148,0.621755763192379,34,37,0.0
2011-12-11,2011,0,0,ARI,SF,1421.651,1599.782,0.3427114253367854,21,19,1.0
2011-12-11,2011,0,0,LAC,BUF,1504.908,1416.437,0.7075366544277308,37,10,1.0
2011-12-11,2011,0,0,WSH,NE,1379.686,1711.473,0.1771540333921535,27,34,0.0
2011-12-11,2011,0,0,BAL,IND,1659.113,1317.076,0.9123836799875504,24,10,1.0
2011-12-11,2011,0,0,TEN,NO,1521.011,1634.102,0.4312301213490443,17,22,0.0
2011-12-11,2011,0,0,NYJ,KC,1590.263,1443.337,0.7720537156190906,37,10,1.0
2011-12-11,2011,0,0,MIA,PHI,1505.735,1475.3,0.6339889545977576,10,26,0.0
2011-12-11,2011,0,0,JAX,TB,1381.317,1398.685,0.5681217029767773,41,14,1.0
2011-12-11,2011,0,0,GB,OAK,1778.443,1492.852,0.8826910319878047,46,16,1.0
2011-12-11,2011,0,0,DET,MIN,1501.278,1387.09,0.737204476234591,34,28,1.0
2011-12-11,2011,0,0,CAR,ATL,1408.802,1586.312,0.3435171297832639,23,31,0.0
2011-12-11,2011,0,0,DEN,CHI,1482.792,1559.007,0.4838659208988979,13,10,1.0
2011-12-12,2011,0,0,SEA,LAR,1454.813,1311.03,0.7688540017162281,30,13,1.0
2011-12-15,2011,0,0,ATL,JAX,1600.674,1409.489,0.8137736527842776,41,14,1.0
2011-12-17,2011,0,0,TB,DAL,1370.513,1501.544,0.4061015748379603,15,31,0.0
2011-12-18,2011,0,0,LAR,CIN,1298.826,1509.133,0.3022820680987816,13,20,0.0
2011-12-18,2011,0,0,BUF,MIA,1398.217,1468.181,0.4928567158043195,23,30,0.0
2011-12-18,2011,0,0,CHI,SEA,1544.624,1467.016,0.6944310943221897,14,38,0.0
2011-12-18,2011,0,0,IND,TEN,1313.072,1505.888,0.3239302490669125,27,13,1.0
2011-12-18,2011,0,0,LAC,BAL,1523.128,1663.118,0.3937259171420351,34,14,1.0
2011-12-18,2011,0,0,NYG,WSH,1516.091,1373.115,0.768027390183312,10,23,0.0
2011-12-18,2011,0,0,PHI,NYJ,1512.853,1604.12,0.4622706047608046,45,19,1.0
2011-12-18,2011,0,0,OAK,DET,1485.903,1510.736,0.5575487953920041,27,28,0.0
2011-12-18,2011,0,0,MIN,NO,1377.633,1649.224,0.2333960709724076,20,42,0.0
2011-12-18,2011,0,0,KC,GB,1429.481,1785.392,0.1578094064776616,19,14,1.0
2011-12-18,2011,0,0,DEN,NE,1497.175,1718.044,0.2896151094918246,23,41,0.0
2011-12-18,2011,0,0,ARI,CLE,1436.876,1385.071,0.6620366880760552,20,17,1.0
2011-12-18,2011,0,0,HOU,CAR,1642.83,1394.44,0.8586373225852357,13,28,0.0
2011-12-19,2011,0,0,SF,PIT,1584.557,1675.502,0.4627313935178464,20,3,1.0
2011-12-22,2011,0,0,IND,HOU,1351.947,1587.308,0.2727575227891449,19,16,1.0
2011-12-24,2011,0,0,BAL,CLE,1624.899,1376.173,0.858871928097921,20,14,1.0
2011-12-24,2011,0,0,CIN,ARI,1520.926,1445.774,0.6914228675322478,23,16,1.0
2011-12-24,2011,0,0,CAR,TB,1449.962,1348.172,0.7231459143968505,48,16,1.0
2011-12-24,2011,0,0,WSH,MIN,1417.885,1364.253,0.6643857928671638,26,33,0.0
2011-12-24,2011,0,0,SEA,SF,1514.821,1615.985,0.448142965024301,17,19,0.0
2011-12-24,2011,0,0,BUF,DEN,1377.766,1481.249,0.4448438866686088,40,14,1.0
2011-12-24,2011,0,0,TEN,JAX,1467.013,1398.372,0.6833693282013297,23,17,1.0
2011-12-24,2011,0,0,DET,LAC,1518.609,1561.347,0.5319938203924938,38,10,1.0
2011-12-24,2011,0,0,PIT,LAR,1644.073,1287.034,0.919045753865576,27,0,1.0
2011-12-24,2011,0,0,NYJ,NYG,1568.246,1471.321,0.7175042222762092,14,29,0.0
2011-12-24,2011,0,0,NE,MIA,1733.97,1488.632,0.8564913776716713,27,24,1.0
2011-12-24,2011,0,0,KC,OAK,1464.26,1478.03,0.5731961858492789,13,16,0.0
2011-12-24,2011,0,0,DAL,PHI,1523.885,1548.727,0.5575360148943413,7,20,0.0
2011-12-25,2011,0,0,GB,CHI,1750.613,1496.819,0.8623712215824383,35,21,1.0
2011-12-26,2011,0,0,NO,ATL,1662.604,1611.79,0.6607591277418235,45,16,1.0
2012-01-01,2011,0,0,PHI,WSH,1578.701,1388.679,0.8127569551978117,34,10,1.0
2012-01-01,2011,0,0,LAR,SF,1282.507,1625.673,0.1678066736625192,27,34,0.0
2012-01-01,2011,0,0,CIN,BAL,1532.991,1629.706,0.4544847960219489,16,24,0.0
2012-01-01,2011,0,0,ATL,TB,1589.868,1330.176,0.8663514885783752,45,24,1.0
2012-01-01,2011,0,0,MIA,NYJ,1485.145,1525.298,0.5356968714428274,19,17,1.0
2012-01-01,2011,0,0,HOU,TEN,1565.452,1478.63,0.7055685420772198,22,23,0.0
2012-01-01,2011,0,0,JAX,IND,1386.755,1373.803,0.6103367103985963,19,13,1.0
2012-01-01,2011,0,0,MIN,CHI,1393.459,1490.309,0.4542921321422841,13,17,0.0
2012-01-01,2011,0,0,NO,CAR,1684.526,1467.958,0.8349103506236816,45,17,1.0
2012-01-01,2011,0,0,NE,BUF,1737.457,1415.011,0.9029392723981728,49,21,1.0
2012-01-01,2011,0,0,NYG,DAL,1514.269,1493.91,0.6204281512094,31,14,1.0
2012-01-01,2011,0,0,GB,DET,1757.124,1549.811,0.8274354367606578,45,41,1.0
2012-01-01,2011,0,0,DEN,KC,1444.003,1447.988,0.5869159579735185,3,7,0.0
2012-01-01,2011,0,0,ARI,SEA,1433.709,1505.133,0.4907561742267736,23,20,1.0
2012-01-01,2011,0,0,CLE,PIT,1371.366,1648.6,0.2276344120083745,9,13,0.0
2012-01-01,2011,0,0,OAK,LAC,1494.301,1530.144,0.5418620685634772,26,38,0.0
2012-01-07,2011,0,1,NO,DET,1694.383,1544.868,0.7746658918245022,45,28,1.0
2012-01-07,2011,0,1,HOU,CIN,1554.946,1513.302,0.6488281561018846,31,10,1.0
2012-01-08,2011,0,1,NYG,ATL,1535.392,1597.067,0.5047849135683516,24,2,1.0
2012-01-08,2011,0,1,DEN,PIT,1424.572,1655.282,0.2781004867448488,29,23,1.0
2012-01-14,2011,0,1,SF,NO,1631.868,1706.252,0.4864986213710845,36,32,1.0
2012-01-14,2011,0,1,NE,DEN,1743.015,1454.956,0.8841541478140031,45,10,1.0
2012-01-15,2011,0,1,GB,NYG,1762.067,1566.4,0.8176520003212487,20,37,0.0
2012-01-15,2011,0,1,BAL,HOU,1649.394,1575.652,0.6896884438683129,20,13,1.0
2012-01-22,2011,0,1,NE,BAL,1750.17,1661.534,0.7077331597854536,23,20,1.0
2012-01-22,2011,0,1,SF,NYG,1648.468,1620.019,0.6313320751297272,17,20,0.0
2012-02-05,2011,1,1,NYG,NE,1638.3,1757.744,0.3345727580653463,21,17,1.0
2012-09-05,2012,0,0,NYG,DAL,1608.966,1483.525,0.749559910346294,17,24,0.0
2012-09-09,2012,0,0,DET,LAR,1523.667,1352.541,0.7956378604423525,27,23,1.0
2012-09-09,2012,0,0,DEN,PIT,1466.868,1584.932,0.4242230571930015,31,19,1.0
2012-09-09,2012,0,0,GB,SF,1640.631,1588.458,0.6625104999283628,22,30,0.0
2012-09-09,2012,0,0,HOU,MIA,1544.008,1498.489,0.653893622603878,30,10,1.0
2012-09-09,2012,0,0,KC,ATL,1479.946,1545.706,0.498906273825307,24,40,0.0
2012-09-09,2012,0,0,MIN,JAX,1421.03,1435.934,0.5715984449462957,26,23,1.0
2012-09-09,2012,0,0,NO,WSH,1628.101,1420.251,0.8278763732205561,32,40,0.0
2012-09-09,2012,0,0,NYJ,BUF,1511.807,1441.302,0.6856864680713235,48,28,1.0
2012-09-09,2012,0,0,TEN,NE,1494.424,1658.397,0.3612981161490238,13,34,0.0
2012-09-09,2012,0,0,TB,CAR,1383.651,1473.735,0.4639638131763651,16,10,1.0
2012-09-09,2012,0,0,CHI,IND,1504.815,1407.771,0.7176430494112553,41,21,1.0
2012-09-09,2012,0,0,ARI,SEA,1466.913,1495.649,0.5519993942900973,20,16,1.0
2012-09-09,2012,0,0,CLE,PHI,1411.456,1561.336,0.3802214108687616,16,17,0.0
2012-09-10,2012,0,0,BAL,CIN,1604.306,1496.731,0.7297632137582187,44,13,1.0
2012-09-10,2012,0,0,OAK,LAC,1479.087,1540.543,0.5051000490968317,14,22,0.0
2012-09-13,2012,0,0,GB,CHI,1609.88,1520.829,0.7082270577161208,23,10,1.0
2012-09-16,2012,0,0,PIT,NYJ,1554.666,1529.835,0.6264714597804372,27,10,1.0
2012-09-16,2012,0,0,LAC,TEN,1562.775,1473.05,0.7090281487268287,38,10,1.0
2012-09-16,2012,0,0,NE,ARI,1679.771,1481.1,0.8202161025221247,18,20,0.0
2012-09-16,2012,0,0,PHI,BAL,1566.411,1621.675,0.5140075639641907,24,23,1.0
2012-09-16,2012,0,0,LAR,WSH,1346.6,1461.783,0.4282789237216405,31,28,1.0
2012-09-16,2012,0,0,MIA,OAK,1478.422,1456.855,0.6220643754885589,35,13,1.0
2012-09-16,2012,0,0,NYG,TB,1574.838,1404.753,0.7946617676934529,41,34,1.0
2012-09-16,2012,0,0,SEA,DAL,1481.462,1517.653,0.5413647253240705,27,7,1.0
2012-09-16,2012,0,0,SF,DET,1619.21,1529.607,0.7088832402728961,27,19,1.0
2012-09-16,2012,0,0,BUF,KC,1423.274,1451.686,0.5524605798137504,35,17,1.0
2012-09-16,2012,0,0,CAR,NO,1452.632,1586.57,0.4020720337662292,35,27,1.0
2012-09-16,2012,0,0,CIN,CLE,1479.362,1406.38,0.6887513565675452,34,27,1.0
2012-09-16,2012,0,0,IND,MIN,1391.758,1432.643,0.5346486520601852,23,20,1.0
2012-09-16,2012,0,0,JAX,HOU,1424.321,1564.074,0.3940516262886003,7,27,0.0
2012-09-17,2012,0,0,ATL,DEN,1573.966,1497.134,0.6934823867350474,27,21,1.0
2012-09-20,2012,0,0,CAR,NYG,1479.758,1582.554,0.4458207400011325,7,36,0.0
2012-09-23,2012,0,0,CLE,BUF,1394.2,1449.198,0.5143900600138157,14,24,0.0
2012-09-23,2012,0,0,DAL,TB,1490.087,1397.037,0.712961063325656,16,10,1.0
2012-09-23,2012,0,0,DEN,HOU,1485.928,1587.28,0.4478753365621248,25,31,0.0
2012-09-23,2012,0,0,MIA,NYJ,1501.225,1509.089,0.5814920111895857,20,23,0.0
2012-09-23,2012,0,0,MIN,SF,1419.881,1631.163,0.3010996535256946,24,13,1.0
2012-09-23,2012,0,0,NO,KC,1559.444,1425.762,0.7583593287454712,24,27,0.0
2012-09-23,2012,0,0,TEN,DET,1454.742,1517.654,0.503004837371147,44,41,1.0
2012-09-23,2012,0,0,OAK,PIT,1434.052,1575.411,0.3918463565291863,34,31,1.0
2012-09-23,2012,0,0,BAL,NE,1614.968,1659.295,0.5297157777209108,31,30,1.0
2012-09-23,2012,0,0,WSH,CIN,1445.561,1491.543,0.5273417997010598,31,38,0.0
2012-09-23,2012,0,0,CHI,LAR,1506.436,1362.822,0.7686810653888771,23,6,1.0
2012-09-23,2012,0,0,LAC,ATL,1581.083,1585.173,0.5867694092178838,3,27,0.0
2012-09-23,2012,0,0,ARI,PHI,1501.576,1573.118,0.4905864176904361,27,6,1.0
2012-09-23,2012,0,0,IND,JAX,1404.52,1401.115,0.5971901200972657,17,22,0.0
2012-09-24,2012,0,0,SEA,GB,1509.027,1624.272,0.4281915366531061,14,12,1.0
2012-09-27,2012,0,0,BAL,CLE,1621.426,1369.418,0.8611464423001567,23,16,1.0
2012-09-30,2012,0,0,GB,NO,1611.415,1536.331,0.6913393448129437,28,27,1.0
2012-09-30,2012,0,0,KC,LAC,1448.876,1542.233,0.4592813721457364,20,37,0.0
2012-09-30,2012,0,0,BUF,NE,1473.98,1652.836,0.3417719340678128,28,52,0.0
2012-09-30,2012,0,0,ARI,MIA,1533.162,1484.673,0.6577526435862585,24,21,1.0
2012-09-30,2012,0,0,DEN,OAK,1468.781,1451.52,0.6162194820681465,37,6,1.0
2012-09-30,2012,0,0,DET,MIN,1503.887,1457.089,0.655557989960814,13,20,0.0
2012-09-30,2012,0,0,JAX,CIN,1423.203,1513.665,0.463422695786294,10,27,0.0
2012-09-30,2012,0,0,NYJ,SF,1525.642,1593.955,0.4952323542439887,0,34,0.0
2012-09-30,2012,0,0,PHI,NYG,1541.532,1612.368,0.4916021106834212,19,17,1.0
2012-09-30,2012,0,0,TB,WSH,1386.615,1423.438,0.5404612941627543,22,24,0.0
2012-09-30,2012,0,0,ATL,CAR,1624.024,1449.944,0.7983888810372809,30,28,1.0
2012-09-30,2012,0,0,HOU,TEN,1604.427,1468.508,0.7607112257053578,38,14,1.0
2012-09-30,2012,0,0,LAR,SEA,1350.608,1521.885,0.3516533563775282,19,13,1.0
2012-10-01,2012,0,0,DAL,CHI,1500.509,1518.65,0.5670295866492109,18,34,0.0
2012-10-04,2012,0,0,LAR,ARI,1377.121,1542.186,0.3598488027411424,17,3,1.0
2012-10-07,2012,0,0,WSH,ATL,1435.468,1628.019,0.3242644142195044,17,24,0.0
2012-10-07,2012,0,0,NO,LAC,1532.308,1568.445,0.5414419047027438,31,24,1.0
2012-10-07,2012,0,0,KC,BAL,1422.664,1626.474,0.3102277871459536,6,9,0.0
2012-10-07,2012,0,0,CAR,SEA,1445.948,1495.372,0.5224006605808221,12,16,0.0
2012-10-07,2012,0,0,CIN,MIA,1540.148,1475.649,0.6781878157672528,13,17,0.0
2012-10-07,2012,0,0,SF,BUF,1629.116,1453.06,0.80021359748071,45,3,1.0
2012-10-07,2012,0,0,JAX,CHI,1396.72,1551.48,0.3736241850651776,3,41,0.0
2012-10-07,2012,0,0,IND,GB,1382.433,1615.437,0.2754571616225462,30,27,1.0
2012-10-07,2012,0,0,PIT,PHI,1557.943,1552.732,0.5996884148293465,16,14,1.0
2012-10-07,2012,0,0,MIN,TEN,1485.812,1454.393,0.6353023516310208,30,7,1.0
2012-10-07,2012,0,0,NE,DEN,1673.756,1494.423,0.8032123361829875,31,21,1.0
2012-10-07,2012,0,0,NYG,CLE,1601.168,1364.371,0.8503416503783654,41,27,1.0
2012-10-08,2012,0,0,NYJ,HOU,1490.48,1618.543,0.4102287523256971,17,23,0.0
2012-10-11,2012,0,0,TEN,PIT,1432.185,1566.467,0.4015960605428115,26,23,1.0
2012-10-14,2012,0,0,CLE,CIN,1357.243,1516.953,0.3669800188565293,34,24,1.0
2012-10-14,2012,0,0,WSH,MIN,1422.721,1508.02,0.4708205845666522,38,26,1.0
2012-10-14,2012,0,0,TB,KC,1374.586,1414.573,0.5359345388665269,38,10,1.0
2012-10-14,2012,0,0,SF,NYG,1642.661,1608.295,0.6392237699192981,3,26,0.0
2012-10-14,2012,0,0,SEA,NE,1512.307,1682.25,0.3534061324755507,24,23,1.0
2012-10-14,2012,0,0,BAL,DAL,1634.565,1467.68,0.7916396652542927,31,29,1.0
2012-10-14,2012,0,0,PHI,DET,1544.209,1475.164,0.6838723191477367,23,26,0.0
2012-10-14,2012,0,0,NYJ,IND,1474.96,1404.183,0.6860238228931106,35,9,1.0
2012-10-14,2012,0,0,HOU,GB,1634.063,1593.688,0.6471619175589877,24,42,0.0
2012-10-14,2012,0,0,ARI,BUF,1505.863,1439.515,0.680506374433413,16,19,0.0
2012-10-14,2012,0,0,ATL,OAK,1640.766,1425.877,0.833573845098654,23,20,1.0
2012-10-14,2012,0,0,MIA,LAR,1498.845,1413.445,0.7038651771714406,17,14,1.0
2012-10-15,2012,0,0,LAC,DEN,1549.621,1485.929,0.677173108994115,24,35,0.0
2012-10-18,2012,0,0,SF,SEA,1600.109,1521.72,0.6953842522342152,13,6,1.0
2012-10-21,2012,0,0,HOU,BAL,1594.035,1638.706,0.5292224416487382,43,13,1.0
2012-10-21,2012,0,0,BUF,TEN,1459.581,1449.316,0.6066518970346321,34,35,0.0
2012-10-21,2012,0,0,CAR,DAL,1429.013,1463.538,0.5437449202538565,14,19,0.0
2012-10-21,2012,0,0,CIN,PIT,1485.229,1549.336,0.5012851274750753,17,24,0.0
2012-10-21,2012,0,0,IND,CLE,1384.689,1388.967,0.5865069787733624,17,13,1.0
2012-10-21,2012,0,0,NYG,WSH,1650.847,1450.12,0.8219547440151255,27,23,1.0
2012-10-21,2012,0,0,MIN,ARI,1480.62,1485.797,0.5852513818131969,21,14,1.0
2012-10-21,2012,0,0,LAR,GB,1405.76,1633.716,0.2812943732188082,20,30,0.0
2012-10-21,2012,0,0,NE,NYJ,1672.837,1494.453,0.8023474299325525,29,26,1.0
2012-10-21,2012,0,0,TB,NO,1405.487,1551.132,0.3859828461762212,28,35,0.0
2012-10-21,2012,0,0,OAK,JAX,1421.784,1370.417,0.6614723249129166,26,23,1.0
2012-10-22,2012,0,0,CHI,DET,1577.782,1495.355,0.7002855581581214,13,7,1.0
2012-10-25,2012,0,0,MIN,TB,1497.413,1390.003,0.7295758606806217,17,36,0.0
2012-10-28,2012,1,0,NE,LAR,1677.772,1393.2,0.8372800684460412,45,7,1.0
2012-10-28,2012,0,0,PHI,ATL,1524.017,1644.859,0.4203218296507946,17,30,0.0
2012-10-28,2012,0,0,TEN,IND,1458.024,1397.642,0.6729937613036002,13,19,0.0
2012-10-28,2012,0,0,NYJ,MIA,1489.519,1506.53,0.5686258598898732,9,30,0.0
2012-10-28,2012,0,0,KC,OAK,1383.671,1430.698,0.525842178718757,16,26,0.0
2012-10-28,2012,0,0,GB,JAX,1646.276,1361.503,0.8822025692551381,24,15,1.0
2012-10-28,2012,0,0,DET,SEA,1484.423,1509.826,0.5567392141410924,28,24,1.0
2012-10-28,2012,0,0,DEN,NO,1521.674,1566.617,0.5288323214932216,34,14,1.0
2012-10-28,2012,0,0,CHI,CAR,1588.714,1409.254,0.8033278652802273,23,22,1.0
2012-10-28,2012,0,0,DAL,NYG,1483.297,1655.96,0.3498364818203214,24,29,0.0
2012-10-28,2012,0,0,PIT,WSH,1570.193,1445.007,0.7492842558222278,27,12,1.0
2012-10-28,2012,0,0,CLE,LAC,1376.015,1513.876,0.39665515700088,7,6,1.0
2012-10-29,2012,0,0,ARI,SF,1469.005,1612.003,0.3896003158126226,3,24,0.0
2012-11-01,2012,0,0,LAC,KC,1505.225,1358.245,0.7721084163038294,31,13,1.0
2012-11-04,2012,0,0,TEN,CHI,1430.249,1591.168,0.3653647745559082,20,51,0.0
2012-11-04,2012,0,0,OAK,TB,1456.124,1437.432,0.6181657187362416,32,42,0.0
2012-11-04,2012,0,0,SEA,MIN,1495.811,1449.983,0.6542960725737559,30,20,1.0
2012-11-04,2012,0,0,WSH,CAR,1432.21,1406.8,0.6272510671064141,13,21,0.0
2012-11-04,2012,0,0,HOU,BUF,1626.072,1450.873,0.7994237355633032,21,9,1.0
2012-11-04,2012,0,0,CIN,DEN,1464.372,1550.105,0.4701981812089117,23,31,0.0
2012-11-04,2012,0,0,ATL,DAL,1666.495,1471.345,0.8172078538805437,19,13,1.0
2012-11-04,2012,0,0,GB,ARI,1650.956,1445.744,0.8257016908999465,31,17,1.0
2012-11-04,2012,0,0,NYG,PIT,1667.912,1582.989,0.7032925183701826,20,24,0.0
2012-11-04,2012,0,0,IND,MIA,1425.416,1542.467,0.4256480228510508,23,20,1.0
2012-11-04,2012,0,0,JAX,DET,1356.822,1498.439,0.3914924939032885,14,31,0.0
2012-11-04,2012,0,0,CLE,BAL,1384.665,1606.669,0.2882727513841766,15,25,0.0
2012-11-05,2012,0,0,NO,PHI,1538.186,1502.382,0.6411305592681964,28,13,1.0
2012-11-08,2012,0,0,JAX,IND,1334.952,1441.727,0.4401689945150557,10,27,0.0
2012-11-11,2012,0,0,PHI,DAL,1483.354,1464.984,0.6177281095677498,23,38,0.0
2012-11-11,2012,0,0,CAR,DEN,1435.546,1570.575,0.4005631188966411,14,36,0.0
2012-11-11,2012,0,0,CHI,HOU,1615.435,1635.349,0.5645221971005846,6,13,0.0
2012-11-11,2012,0,0,CIN,NYG,1443.903,1643.618,0.3152944609484682,31,13,1.0
2012-11-11,2012,0,0,MIA,TEN,1526.156,1405.982,0.7438254273256013,3,37,0.0
2012-11-11,2012,0,0,MIN,DET,1434.199,1520.309,0.4696575972187133,34,24,1.0
2012-11-11,2012,0,0,NO,ATL,1557.214,1672.857,0.4276306749400793,31,27,1.0
2012-11-11,2012,0,0,NE,BUF,1688.329,1441.597,0.8574748825966968,37,31,1.0
2012-11-11,2012,0,0,BAL,OAK,1619.574,1425.306,0.8164482040962241,55,20,1.0
2012-11-11,2012,0,0,SEA,NYJ,1511.595,1453.582,0.6699855602821712,28,7,1.0
2012-11-11,2012,0,0,TB,LAC,1468.25,1517.466,0.5226993877800854,34,24,1.0
2012-11-11,2012,0,0,SF,LAR,1635.263,1382.642,0.8615678443469204,24,24,0.5
2012-11-12,2012,0,0,PIT,KC,1607.283,1346.004,0.86740572203105,16,13,1.0
2012-11-15,2012,0,0,BUF,MIA,1436.738,1468.404,0.5478248288024224,19,14,1.0
2012-11-18,2012,0,0,LAR,NYJ,1393.67,1434.26,0.5350711275409314,13,27,0.0
2012-11-18,2012,0,0,DAL,CLE,1500.587,1371.761,0.7531999332348789,23,20,1.0
2012-11-18,2012,0,0,WSH,PHI,1403.465,1447.75,0.5297760066557856,31,6,1.0
2012-11-18,2012,0,0,KC,CIN,1342.803,1486.854,0.3881597741931907,6,28,0.0
2012-11-18,2012,0,0,NE,IND,1693.187,1466.698,0.8426322984297426,59,24,1.0
2012-11-18,2012,0,0,PIT,BAL,1610.484,1631.342,0.563185829407584,10,13,0.0
2012-11-18,2012,0,0,OAK,NO,1413.537,1576.072,0.3632104993262424,17,38,0.0
2012-11-18,2012,0,0,ATL,ARI,1653.999,1437.336,0.834985713844065,23,19,1.0
2012-11-18,2012,0,0,CAR,TB,1411.201,1490.977,0.4787484376480516,21,27,0.0
2012-11-18,2012,0,0,DEN,LAC,1594.919,1494.739,0.7212865931826646,30,23,1.0
2012-11-18,2012,0,0,DET,GB,1494.628,1659.364,0.3602851873043125,20,24,0.0
2012-11-18,2012,0,0,HOU,JAX,1659.318,1309.982,0.9156847767802838,43,37,1.0
2012-11-19,2012,0,0,SF,CHI,1624.236,1591.466,0.6371023227724896,32,7,1.0
2012-11-22,2012,0,0,NYJ,NE,1463.566,1703.146,0.2679667042828202,19,49,0.0
2012-11-22,2012,0,0,DAL,WSH,1506.876,1433.82,0.6888426674263443,31,38,0.0
2012-11-22,2012,0,0,DET,HOU,1483.534,1662.079,0.3421747918914929,31,34,0.0
2012-11-25,2012,0,0,JAX,TEN,1307.22,1463.734,0.3712642624701236,24,19,1.0
2012-11-25,2012,0,0,TB,ATL,1509.485,1658.708,0.3811130527674494,23,24,0.0
2012-11-25,2012,0,0,NYG,GB,1600.667,1670.458,0.4931056337520015,38,10,1.0
2012-11-25,2012,0,0,NO,SF,1597.573,1646.877,0.5225730051651412,21,31,0.0
2012-11-25,2012,0,0,MIA,SEA,1452.442,1530.916,0.4806190705426483,24,21,1.0
2012-11-25,2012,0,0,KC,DEN,1319.306,1605.701,0.2184960843225078,9,17,0.0
2012-11-25,2012,0,0,IND,BUF,1456.739,1452.7,0.5980677333698152,20,13,1.0
2012-11-25,2012,0,0,CLE,PIT,1365.472,1594.55,0.2799904677697833,20,14,1.0
2012-11-25,2012,0,0,CIN,OAK,1510.351,1392.037,0.7417798928975904,34,10,1.0
2012-11-25,2012,0,0,CHI,MIN,1568.825,1459.88,0.731315651618941,28,10,1.0
2012-11-25,2012,0,0,ARI,LAR,1432.628,1364.365,0.682898319306029,17,31,0.0
2012-11-25,2012,0,0,LAC,BAL,1483.957,1647.276,0.362167324046347,13,16,0.0
2012-11-26,2012,0,0,PHI,CAR,1417.395,1392.693,0.6262976751927513,22,30,0.0
2012-11-29,2012,0,0,ATL,NO,1663.796,1572.332,0.7110890553466179,23,13,1.0
2012-12-02,2012,0,0,BUF,JAX,1436.493,1330.729,0.7277024028677828,34,18,1.0
2012-12-02,2012,0,0,DAL,PHI,1476.309,1388.703,0.7065052230858786,38,33,1.0
2012-12-02,2012,0,0,DEN,TB,1614.425,1504.397,0.7325388704267675,31,23,1.0
2012-12-02,2012,0,0,DET,IND,1474.512,1472.946,0.5946409832154146,33,35,0.0
2012-12-02,2012,0,0,NYJ,ARI,1446.515,1393.256,0.6639068559073655,7,6,1.0
2012-12-02,2012,0,0,TEN,HOU,1440.226,1671.101,0.2779098412341474,10,24,0.0
2012-12-02,2012,0,0,OAK,CLE,1376.692,1395.752,0.5657303502960199,17,20,0.0
2012-12-02,2012,0,0,GB,MIN,1636.246,1445.217,0.8136375248027224,23,14,1.0
2012-12-02,2012,0,0,MIA,NE,1466.931,1720.197,0.252797735538764,16,23,0.0
2012-12-02,2012,0,0,LAR,SF,1403.736,1672.119,0.2367164348467103,16,13,1.0
2012-12-02,2012,0,0,KC,CAR,1310.582,1421.386,0.4344619969130933,27,21,1.0
2012-12-02,2012,0,0,CHI,SEA,1583.488,1516.427,0.6813980715860952,17,23,0.0
2012-12-02,2012,0,0,BAL,PIT,1656.888,1564.27,0.7124518779705848,20,23,0.0
2012-12-02,2012,0,0,LAC,CIN,1474.345,1525.696,0.5196323913782224,13,20,0.0
2012-12-03,2012,0,0,WSH,NYG,1464.386,1634.879,0.35268299283821,17,16,1.0
2012-12-06,2012,0,0,OAK,DEN,1360.672,1625.312,0.2406315418892871,13,26,0.0
2012-12-09,2012,0,0,TB,PHI,1493.509,1378.868,0.7377093595621643,21,23,0.0
2012-12-09,2012,0,0,PIT,LAC,1585.548,1452.599,0.7575852630953729,24,34,0.0
2012-12-09,2012,0,0,BUF,LAR,1450.811,1427.054,0.6250236104013854,12,15,0.0
2012-12-09,2012,0,0,JAX,NYJ,1316.411,1450.936,0.4012599469998459,10,17,0.0
2012-12-09,2012,0,0,CAR,ATL,1398.908,1676.732,0.2270378349198445,30,20,1.0
2012-12-09,2012,0,0,CIN,DAL,1547.442,1486.145,0.6741518646642073,19,20,0.0
2012-12-09,2012,0,0,CLE,KC,1411.772,1333.06,0.6957779632382032,30,7,1.0
2012-12-09,2012,0,0,IND,TEN,1486.419,1426.229,0.6727504809695837,27,23,1.0
2012-12-09,2012,0,0,GB,DET,1643.934,1461.039,0.8064331897752779,27,20,1.0
2012-12-09,2012,0,0,MIN,CHI,1437.529,1555.276,0.4246688401239097,21,14,1.0
2012-12-09,2012,0,0,NYG,NO,1625.453,1559.396,0.6801420617272973,52,27,1.0
2012-12-09,2012,0,0,SEA,ARI,1544.639,1388.835,0.78092243712985,58,0,1.0
2012-12-09,2012,0,0,SF,MIA,1648.8,1457.247,0.814094471375504,27,13,1.0
2012-12-09,2012,0,0,WSH,BAL,1473.812,1635.61,0.3641923126685487,31,28,1.0
2012-12-10,2012,0,0,NE,HOU,1729.882,1685.097,0.6529367584157364,42,14,1.0
2012-12-13,2012,0,0,PHI,CIN,1396.518,1537.527,0.3923265844044279,13,34,0.0
2012-12-16,2012,0,0,MIA,JAX,1448.229,1300.234,0.7731348647750369,24,3,1.0
2012-12-16,2012,0,0,NE,SF,1752.144,1657.818,0.7144618958485852,34,41,0.0
2012-12-16,2012,0,0,OAK,KC,1349.028,1314.909,0.6388958034920188,15,0,1.0
2012-12-16,2012,0,0,BAL,DEN,1617.171,1636.956,0.5647047428084765,17,34,0.0
2012-12-16,2012,0,0,ATL,NYG,1635.692,1645.124,0.5792938179069954,34,0,1.0
2012-12-16,2012,0,0,HOU,IND,1662.835,1496.386,0.79122537706244,29,17,1.0
2012-12-16,2012,0,0,NO,TB,1539.725,1475.859,0.6773920349492762,41,0,1.0
2012-12-16,2012,0,0,LAR,MIN,1445.112,1462.044,0.5687374048470157,22,36,0.0
2012-12-16,2012,0,0,BUF,SEA,1432.753,1560.876,0.4101451914138964,17,50,0.0
2012-12-16,2012,0,0,CHI,GB,1530.761,1651.169,0.4209306659706973,13,21,0.0
2012-12-16,2012,0,0,CLE,WSH,1429.923,1492.251,0.5038452412955715,21,38,0.0
2012-12-16,2012,0,0,ARI,DET,1372.598,1453.804,0.4766945908058741,38,10,1.0
2012-12-16,2012,0,0,LAC,CAR,1492.524,1439.948,0.6630290012666519,7,31,0.0
2012-12-16,2012,0,0,DAL,PIT,1496.06,1545.623,0.5222010214393181,27,24,1.0
2012-12-17,2012,0,0,TEN,NYJ,1416.262,1467.113,0.5203507987701027,14,10,1.0
2012-12-22,2012,0,0,DET,ATL,1418.3,1664.87,0.2601477166873512,18,31,0.0
2012-12-23,2012,0,0,BAL,NYG,1583.842,1615.946,0.5472001879670064,33,14,1.0
2012-12-23,2012,0,0,NYJ,LAC,1451.772,1447.43,0.5984869390708725,17,27,0.0
2012-12-23,2012,0,0,SEA,SF,1588.995,1689.851,0.4485814850171045,42,13,1.0
2012-12-23,2012,0,0,PIT,CIN,1532.468,1560.971,0.5523310583915618,10,13,0.0
2012-12-23,2012,0,0,PHI,WSH,1373.074,1521.413,0.3823140305983008,20,27,0.0
2012-12-23,2012,0,0,MIA,BUF,1461.016,1404.633,0.6679076263260544,24,10,1.0
2012-12-23,2012,0,0,KC,IND,1295.748,1486.695,0.3262908755639808,13,20,0.0
2012-12-23,2012,0,0,JAX,NE,1287.447,1720.111,0.1075087841587728,16,23,0.0
2012-12-23,2012,0,0,HOU,MIN,1672.525,1493.536,0.8028991496502101,6,23,0.0
2012-12-23,2012,0,0,GB,TEN,1669.212,1431.603,0.8509355249479302,55,7,1.0
2012-12-23,2012,0,0,DEN,CLE,1670.285,1400.762,0.8727692885511901,34,12,1.0
2012-12-23,2012,0,0,DAL,NO,1509.215,1562.507,0.5168427914681455,31,34,0.0
2012-12-23,2012,0,0,ARI,CHI,1408.102,1512.718,0.4432337949364847,13,28,0.0
2012-12-23,2012,0,0,CAR,OAK,1485.042,1368.188,0.7401668181222743,17,6,1.0
2012-12-23,2012,0,0,TB,LAR,1453.077,1413.621,0.6459529995766898,13,28,0.0
2012-12-30,2012,0,0,SF,ARI,1651.72,1383.959,0.8716387264153345,27,13,1.0
2012-12-30,2012,0,0,PIT,CLE,1516.896,1393.836,0.7469782058945479,24,10,1.0
2012-12-30,2012,0,0,BUF,NYJ,1387.587,1422.136,0.5437106456464781,28,9,1.0
2012-12-30,2012,0,0,NYG,PHI,1589.216,1357.755,0.8463904387455181,42,7,1.0
2012-12-30,2012,0,0,ATL,TB,1677.554,1415.473,0.8679358007105425,17,22,0.0
2012-12-30,2012,0,0,CIN,BAL,1576.543,1610.571,0.5444545966580132,23,17,1.0
2012-12-30,2012,0,0,IND,HOU,1499.531,1620.322,0.4203933624007819,28,16,1.0
2012-12-30,2012,0,0,DEN,KC,1677.211,1282.913,0.933635995058446,38,3,1.0
2012-12-30,2012,0,0,SEA,LAR,1627.126,1451.226,0.8000699925938453,20,13,1.0
2012-12-30,2012,0,0,DET,CHI,1405.616,1536.861,0.4058044998895502,24,26,0.0
2012-12-30,2012,0,0,LAC,OAK,1477.066,1356.261,0.7445169511643092,24,21,1.0
2012-12-30,2012,0,0,MIN,GB,1545.739,1679.412,0.4024388251308889,37,34,1.0
2012-12-30,2012,0,0,NO,CAR,1576.913,1496.969,0.6972770381941988,38,44,0.0
2012-12-30,2012,0,0,NE,MIA,1723.941,1478.062,0.8568737370222076,28,0,1.0
2012-12-30,2012,0,0,TEN,JAX,1421.403,1283.616,0.762663112961279,38,20,1.0
2012-12-30,2012,0,0,WSH,DAL,1536.732,1494.808,0.649195319045832,28,18,1.0
2013-01-05,2012,0,1,GB,MIN,1662.31,1562.84,0.7204642139736417,24,10,1.0
2013-01-05,2012,0,1,HOU,CIN,1589.815,1594.026,0.5866005101600512,19,13,1.0
2013-01-06,2012,0,1,BAL,IND,1593.088,1530.037,0.6763659359428568,24,9,1.0
2013-01-06,2012,0,1,WSH,SEA,1552.776,1634.621,0.4757770734569798,14,24,0.0
2013-01-12,2012,0,1,SF,GB,1657.759,1676.397,0.5663270661155789,45,31,1.0
2013-01-12,2012,0,1,DEN,BAL,1681.145,1610.047,0.6864216984343172,35,38,0.0
2013-01-13,2012,0,1,NE,HOU,1732.387,1605.471,0.7511504190011024,41,28,1.0
2013-01-13,2012,0,1,ATL,SEA,1641.02,1657.265,0.5697071272121572,30,28,1.0
2013-01-20,2012,0,1,ATL,SF,1650.269,1680.762,0.5494969211512083,24,28,0.0
2013-01-20,2012,0,1,NE,BAL,1744.468,1630.334,0.7371442497652043,13,28,0.0
2013-02-03,2012,1,1,BAL,SF,1674.833,1698.732,0.4656607174827599,34,31,1.0
2013-09-05,2013,0,0,DEN,BAL,1608.906,1628.207,0.5653894862212033,49,27,1.0
2013-09-08,2013,0,0,DAL,NYG,1487.509,1567.612,0.4782787158784006,36,31,1.0
2013-09-08,2013,0,0,SF,GB,1624.169,1603.929,0.6202668179302645,34,28,1.0
2013-09-08,2013,0,0,LAR,ARI,1464.154,1420.28,0.6517474314410773,27,24,1.0
2013-09-08,2013,0,0,BUF,NE,1444.702,1634.979,0.327139271110774,21,23,0.0
2013-09-08,2013,0,0,CHI,CIN,1532.011,1553.913,0.5617068290727689,24,21,1.0
2013-09-08,2013,0,0,CLE,MIA,1422.474,1481.411,0.5087244727907343,10,23,0.0
2013-09-08,2013,0,0,IND,OAK,1510.386,1401.486,0.7312647488427391,21,17,1.0
2013-09-08,2013,0,0,DET,MIN,1432.974,1534.169,0.4480988327267522,34,24,1.0
2013-09-08,2013,0,0,JAX,KC,1348.879,1354.319,0.5848838501035216,2,28,0.0
2013-09-08,2013,0,0,NO,ATL,1533.575,1589.867,0.5125291959233843,23,17,1.0
2013-09-08,2013,0,0,NYJ,TB,1431.781,1469.671,0.5389354387286275,18,17,1.0
2013-09-08,2013,0,0,PIT,TEN,1521.347,1457.8,0.6769906113293163,9,16,0.0
2013-09-08,2013,0,0,CAR,SEA,1519.013,1600.343,0.4765165311264055,7,12,0.0
2013-09-09,2013,0,0,WSH,PHI,1521.755,1400.368,0.745153687054647,27,33,0.0
2013-09-09,2013,0,0,LAC,HOU,1490.732,1563.927,0.4882086336107941,28,31,0.0
2013-09-12,2013,0,0,NE,NYJ,1641.78,1438.095,0.8244330070032511,13,10,1.0
2013-09-15,2013,0,0,TB,NO,1463.357,1552.472,0.4653513479398148,14,16,0.0
2013-09-15,2013,0,0,CHI,MIN,1543.93,1507.258,0.6422793775284894,31,30,1.0
2013-09-15,2013,0,0,BUF,CAR,1437.901,1502.063,0.5012059766038505,24,23,1.0
2013-09-15,2013,0,0,PHI,LAC,1432.053,1477.246,0.5284737240958757,30,33,0.0
2013-09-15,2013,0,0,GB,WSH,1589.702,1490.071,0.7206508272949412,38,20,1.0
2013-09-15,2013,0,0,NYG,DEN,1548.787,1635.606,0.4686411490095742,23,41,0.0
2013-09-15,2013,0,0,BAL,CLE,1601.508,1395.549,0.8263196847546032,14,6,1.0
2013-09-15,2013,0,0,SEA,SF,1617.294,1638.397,0.5628388458860658,29,3,1.0
2013-09-15,2013,0,0,IND,MIA,1518.402,1508.336,0.6063785096887016,20,24,0.0
2013-09-15,2013,0,0,OAK,JAX,1393.469,1309.253,0.7024425583967016,19,9,1.0
2013-09-15,2013,0,0,ARI,DET,1411.08,1459.884,0.5232910492838061,25,21,1.0
2013-09-15,2013,0,0,HOU,TEN,1577.413,1487.703,0.7090103344068335,30,24,1.0
2013-09-15,2013,0,0,KC,DAL,1393.945,1506.335,0.4322201307966336,17,16,1.0
2013-09-15,2013,0,0,ATL,LAR,1570.97,1473.355,0.7183086103205126,31,24,1.0
2013-09-16,2013,0,0,CIN,PIT,1541.995,1491.445,0.6604183925450408,20,10,1.0
2013-09-19,2013,0,0,PHI,KC,1417.267,1401.99,0.6135149768786045,16,26,0.0
2013-09-22,2013,0,0,TEN,LAC,1477.122,1492.032,0.5715899872887013,20,17,1.0
2013-09-22,2013,0,0,SEA,JAX,1645.546,1295.889,0.9158273306908818,45,17,1.0
2013-09-22,2013,0,0,SF,IND,1610.144,1498.194,0.7347009919318658,7,27,0.0
2013-09-22,2013,0,0,WSH,DET,1474.765,1444.652,0.6335587300344145,20,27,0.0
2013-09-22,2013,0,0,DAL,LAR,1498.29,1462.446,0.6411835359227908,31,7,1.0
2013-09-22,2013,0,0,BAL,HOU,1608.303,1587.994,0.6203603673577548,30,9,1.0
2013-09-22,2013,0,0,CAR,NYG,1495.151,1521.46,0.5554517872747105,38,0,1.0
2013-09-22,2013,0,0,CIN,GB,1557.468,1605.007,0.5251072643128626,34,30,1.0
2013-09-22,2013,0,0,MIA,ATL,1528.544,1581.879,0.5167809794550103,27,23,1.0
2013-09-22,2013,0,0,MIN,CLE,1502.518,1388.754,0.7367313480991989,27,31,0.0
2013-09-22,2013,0,0,NO,ARI,1562.586,1426.312,0.7610830131590502,31,7,1.0
2013-09-22,2013,0,0,NE,TB,1646.118,1453.243,0.8152434589413309,23,3,1.0
2013-09-22,2013,0,0,NYJ,BUF,1433.757,1444.813,0.5770137992698954,27,20,1.0
2013-09-22,2013,0,0,PIT,CHI,1475.972,1548.67,0.4889234999558385,23,40,0.0
2013-09-23,2013,0,0,DEN,OAK,1662.932,1406.833,0.8639384800904502,37,21,1.0
2013-09-26,2013,0,0,LAR,SF,1440.358,1561.495,0.4199081275348568,11,35,0.0
2013-09-29,2013,0,0,BUF,BAL,1427.643,1630.896,0.3109143198787775,23,20,1.0
2013-09-29,2013,0,0,ATL,NE,1566.407,1656.187,0.4643990591645134,23,30,0.0
2013-09-29,2013,1,0,PIT,MIN,1447.807,1476.706,0.4585066434826106,27,34,0.0
2013-09-29,2013,0,0,KC,NYG,1432.527,1489.45,0.5116216438279152,31,7,1.0
2013-09-29,2013,0,0,JAX,IND,1291.119,1546.843,0.2501344035402347,3,37,0.0
2013-09-29,2013,0,0,TEN,NYJ,1488.736,1450.927,0.6437817524579585,38,13,1.0
2013-09-29,2013,0,0,CLE,CIN,1414.565,1572.634,0.3691772054469176,17,6,1.0
2013-09-29,2013,0,0,OAK,WSH,1400.105,1447.226,0.525707261322667,14,24,0.0
2013-09-29,2013,0,0,DEN,PHI,1669.66,1386.73,0.8810955742600529,52,20,1.0
2013-09-29,2013,0,0,LAC,DAL,1480.418,1520.377,0.5359746257418538,30,21,1.0
2013-09-29,2013,0,0,TB,ARI,1443.174,1412.221,0.6346806064394405,10,13,0.0
2013-09-29,2013,0,0,HOU,SEA,1565.4,1650.316,0.4713699238037201,20,23,0.0
2013-09-29,2013,0,0,DET,CHI,1472.191,1576.835,0.443194019451217,40,32,1.0
2013-09-30,2013,0,0,NO,MIA,1576.677,1544.017,0.6369559098364467,38,17,1.0
2013-10-03,2013,0,0,CLE,BUF,1447.301,1448.029,0.5914539941506933,37,24,1.0
2013-10-06,2013,0,0,DAL,DEN,1499.249,1676.84,0.3434119866733061,48,51,0.0
2013-10-06,2013,0,0,IND,SEA,1563.211,1663.268,0.4497194453408747,34,28,1.0
2013-10-06,2013,0,0,LAR,JAX,1413.998,1274.752,0.7641799866459299,34,20,1.0
2013-10-06,2013,0,0,OAK,LAC,1374.687,1501.547,0.4119052360878119,27,17,1.0
2013-10-06,2013,0,0,CHI,NO,1551.917,1598.167,0.5269572538600554,18,26,0.0
2013-10-06,2013,0,0,SF,HOU,1587.855,1552.448,0.6406045794683448,34,3,1.0
2013-10-06,2013,0,0,TEN,KC,1510.911,1463.852,0.6558971634219264,17,26,0.0
2013-10-06,2013,0,0,NYG,PHI,1458.125,1379.551,0.695609787381465,21,36,0.0
2013-10-06,2013,0,0,MIA,BAL,1522.527,1610.51,0.4669729642593433,23,26,0.0
2013-10-06,2013,0,0,CIN,NE,1539.898,1675.286,0.4000670121011651,13,6,1.0
2013-10-06,2013,0,0,ARI,CAR,1430.62,1527.161,0.4547331384525737,22,6,1.0
2013-10-06,2013,0,0,GB,DET,1589.841,1497.109,0.7125862986418114,22,9,1.0
2013-10-07,2013,0,0,ATL,NYJ,1547.308,1428.751,0.7420477358093204,28,30,0.0
2013-10-10,2013,0,0,CHI,NYG,1528.561,1416.859,0.7344226368876445,27,21,1.0
2013-10-13,2013,0,0,DEN,JAX,1685.898,1263.065,0.9431169283190396,35,19,1.0
2013-10-13,2013,0,0,MIN,CAR,1495.528,1495.814,0.5920686593504174,10,35,0.0
2013-10-13,2013,0,0,DAL,WSH,1490.191,1472.644,0.616608757408139,31,16,1.0
2013-10-13,2013,0,0,CLE,DET,1468.252,1482.954,0.5718831616450131,17,31,0.0
2013-10-13,2013,0,0,HOU,LAR,1528.624,1425.686,0.7244670059750175,13,38,0.0
2013-10-13,2013,0,0,TB,PHI,1424.774,1420.816,0.5979556441588583,20,31,0.0
2013-10-13,2013,0,0,SF,ARI,1611.679,1461.967,0.7748637837135913,32,20,1.0
2013-10-13,2013,0,0,SEA,TEN,1641.505,1479.085,0.7873683329981375,20,13,1.0
2013-10-13,2013,0,0,BAL,GB,1623.323,1603.996,0.6190281435144356,17,19,0.0
2013-10-13,2013,0,0,NYJ,PIT,1446.54,1428.985,0.6166196440824131,6,19,0.0
2013-10-13,2013,0,0,NE,NO,1649.511,1621.523,0.6307141996463052,30,27,1.0
2013-10-13,2013,0,0,KC,OAK,1495.679,1403.707,0.711689453141555,24,7,1.0
2013-10-13,2013,0,0,BUF,CIN,1427.078,1565.673,0.3956444152044971,24,27,0.0
2013-10-14,2013,0,0,LAC,IND,1472.527,1584.973,0.4321410230138453,19,9,1.0
2013-10-17,2013,0,0,ARI,SEA,1451.444,1649.52,0.3173348317372259,22,34,0.0
2013-10-20,2013,0,0,TEN,SF,1471.07,1622.201,0.3785258639037208,17,31,0.0
2013-10-20,2013,0,0,CAR,LAR,1535.564,1476.795,0.6709470708005858,30,15,1.0
2013-10-20,2013,0,0,ATL,TB,1529.519,1394.095,0.7601921562153978,31,23,1.0
2013-10-20,2013,0,0,IND,DEN,1557.14,1688.536,0.4055949230547301,39,33,1.0
2013-10-20,2013,0,0,DET,CIN,1514.652,1576.288,0.5048410338794082,24,27,0.0
2013-10-20,2013,0,0,GB,CLE,1618.14,1436.554,0.8052542366631158,31,13,1.0
2013-10-20,2013,0,0,KC,HOU,1511.235,1477.515,0.6383657379855757,17,16,1.0
2013-10-20,2013,0,0,MIA,BUF,1509.714,1416.463,0.7131977922537781,21,23,0.0
2013-10-20,2013,0,0,NYJ,NE,1412.725,1659.334,0.2601045089071999,30,27,1.0
2013-10-20,2013,0,0,PHI,DAL,1451.495,1510.682,0.5083647989564769,3,17,0.0
2013-10-20,2013,0,0,PIT,BAL,1462.8,1609.18,0.3849805837686709,19,16,1.0
2013-10-20,2013,0,0,WSH,CHI,1452.153,1538.129,0.4698497330407704,45,41,1.0
2013-10-20,2013,0,0,JAX,LAC,1260.427,1500.361,0.2675671597631548,6,24,0.0
2013-10-21,2013,0,0,NYG,MIN,1407.291,1455.778,0.5237462395788096,23,7,1.0
2013-10-24,2013,0,0,TB,CAR,1384.437,1552.838,0.3554371251914698,13,31,0.0
2013-10-27,2013,0,0,NE,MIA,1636.974,1492.828,0.7692251508969301,27,17,1.0
2013-10-27,2013,0,0,NO,BUF,1611.699,1433.348,0.8023173026811183,35,17,1.0
2013-10-27,2013,0,0,MIN,GB,1428.993,1628.452,0.3156126857278533,31,44,0.0
2013-10-27,2013,0,0,KC,CLE,1516.033,1426.241,0.7091077115047973,23,17,1.0
2013-10-27,2013,0,0,OAK,PIT,1388.15,1480.507,0.4607112747892105,21,18,1.0
2013-10-27,2013,0,0,CIN,NYJ,1590.306,1435.085,0.7803477396619428,49,9,1.0
2013-10-27,2013,0,0,DET,DAL,1500.634,1538.288,0.5392729926418243,31,30,1.0
2013-10-27,2013,0,0,DEN,WSH,1664.683,1469.382,0.8173376623267576,45,21,1.0
2013-10-27,2013,0,0,ARI,ATL,1436.094,1539.178,0.4454111780388056,27,13,1.0
2013-10-27,2013,1,0,SF,JAX,1641.93,1245.831,0.9072179169450728,42,10,1.0
2013-10-27,2013,0,0,PHI,NYG,1423.889,1434.077,0.5782328445305631,7,15,0.0
2013-10-28,2013,0,0,LAR,SEA,1459.52,1664.87,0.3083340052532029,9,14,0.0
2013-10-31,2013,0,0,MIA,CIN,1482.722,1605.136,0.4181185930018464,22,20,1.0
2013-11-03,2013,0,0,CAR,ATL,1572.83,1508.612,0.6778346817267258,34,10,1.0
2013-11-03,2013,0,0,WSH,LAC,1458.867,1514.957,0.5128197104880529,30,24,1.0
2013-11-03,2013,0,0,CLE,BAL,1415.665,1591.473,0.3457299692883124,24,18,1.0
2013-11-03,2013,0,0,SEA,TB,1675.257,1364.445,0.8969095046731715,27,24,1.0
2013-11-03,2013,0,0,OAK,PHI,1403.291,1397.829,0.6000352240305258,20,49,0.0
2013-11-03,2013,0,0,NE,PIT,1647.081,1465.367,0.8053697598108478,55,31,1.0
2013-11-03,2013,0,0,HOU,IND,1472.717,1580.993,0.4380409259013964,24,27,0.0
2013-11-03,2013,0,0,DAL,MIN,1531.98,1413.294,0.7421898503523342,27,23,1.0
2013-11-03,2013,0,0,NYJ,NO,1420.256,1622.181,0.3125545086064143,26,20,1.0
2013-11-03,2013,0,0,BUF,KC,1422.867,1526.61,0.4444743003658402,13,23,0.0
2013-11-03,2013,0,0,LAR,TEN,1449.133,1451.341,0.5893937663962819,21,28,0.0
2013-11-04,2013,0,0,GB,CHI,1644.151,1520.899,0.7471870413386797,20,27,0.0
2013-11-07,2013,0,0,MIN,WSH,1405.635,1477.751,0.4897606845278572,34,27,1.0
2013-11-10,2013,0,0,ARI,HOU,1466.66,1460.806,0.6005766536965669,27,24,1.0
2013-11-10,2013,0,0,GB,PHI,1610.169,1439.997,0.7947434753951528,13,27,0.0
2013-11-10,2013,0,0,NO,DAL,1593.652,1539.639,0.664874653002595,49,17,1.0
2013-11-10,2013,0,0,NYG,OAK,1460.136,1361.123,0.7199340949027463,24,20,1.0
2013-11-10,2013,0,0,TEN,JAX,1476.574,1240.332,0.8499346178803081,27,29,0.0
2013-11-10,2013,0,0,PIT,BUF,1454.1,1401.919,0.6625207965668591,23,10,1.0
2013-11-10,2013,0,0,CHI,DET,1554.882,1506.942,0.6570408616631723,19,21,0.0
2013-11-10,2013,0,0,SF,CAR,1647.429,1592.42,0.6661509465001574,9,10,0.0
2013-11-10,2013,0,0,ATL,SEA,1489.022,1677.698,0.3291711332624872,10,33,0.0
2013-11-10,2013,0,0,LAC,DEN,1496.073,1675.198,0.3414236654940308,20,28,0.0
2013-11-10,2013,0,0,BAL,CIN,1564.659,1592.008,0.5539730290444652,20,17,1.0
2013-11-10,2013,0,0,IND,LAR,1592.904,1423.901,0.7936435714698463,8,38,0.0
2013-11-11,2013,0,0,TB,MIA,1362.004,1495.85,0.4021993602576538,22,19,1.0
2013-11-14,2013,0,0,TEN,IND,1454.936,1531.909,0.4827762854794342,27,30,0.0
2013-11-17,2013,0,0,PIT,DET,1471.012,1522.16,0.5199240747372504,37,27,1.0
2013-11-17,2013,0,0,PHI,WSH,1488.193,1456.462,0.6357183753361207,24,16,1.0
2013-11-17,2013,0,0,NYG,GB,1468.526,1561.973,0.4591527134340791,27,13,1.0
2013-11-17,2013,0,0,NO,SF,1615.884,1637.661,0.5618839707761732,23,20,1.0
2013-11-17,2013,0,0,JAX,ARI,1261.97,1477.389,0.296112025782665,14,27,0.0
2013-11-17,2013,0,0,HOU,OAK,1450.077,1352.734,0.7179916844933205,23,28,0.0
2013-11-17,2013,0,0,DEN,KC,1689.462,1547.557,0.766927180547185,27,17,1.0
2013-11-17,2013,0,0,CIN,CLE,1579.85,1442.478,0.7622304256401105,41,20,1.0
2013-11-17,2013,0,0,CHI,BAL,1539.664,1576.817,0.539989459782977,23,20,1.0
2013-11-17,2013,0,0,BUF,NYJ,1385.008,1448.786,0.501758592113116,37,14,1.0
2013-11-17,2013,0,0,TB,ATL,1379.114,1469.213,0.4639423386386733,41,28,1.0
2013-11-17,2013,0,0,MIA,LAC,1478.74,1481.809,0.588193765698076,20,16,1.0
2013-11-17,2013,0,0,SEA,MIN,1697.507,1426.924,0.8734453169070333,41,20,1.0
2013-11-18,2013,0,0,CAR,NE,1602.187,1658.347,0.5127190380947514,24,20,1.0
2013-11-21,2013,0,0,ATL,NO,1440.593,1627.797,0.3310449343904647,13,17,0.0
2013-11-24,2013,0,0,HOU,JAX,1422.298,1247.341,0.7992002709503517,6,13,0.0
2013-11-24,2013,0,0,NE,DEN,1642.725,1699.679,0.5115770552513533,34,31,1.0
2013-11-24,2013,0,0,MIA,CAR,1491.632,1617.809,0.4128579684438109,16,20,0.0
2013-11-24,2013,0,0,BAL,NYJ,1564.223,1417.135,0.772217789914339,19,3,1.0
2013-11-24,2013,0,0,OAK,TEN,1380.513,1441.623,0.5055979260951368,19,23,0.0
2013-11-24,2013,0,0,NYG,DAL,1498.202,1517.406,0.5655266879299377,21,24,0.0
2013-11-24,2013,0,0,GB,MIN,1532.296,1420.136,0.734936550003884,26,26,0.5
2013-11-24,2013,0,0,CLE,PIT,1429.017,1493.891,0.5001813285681238,11,27,0.0
2013-11-24,2013,0,0,ARI,IND,1492.018,1545.222,0.5169692888630513,40,11,1.0
2013-11-24,2013,0,0,DET,TB,1499.281,1407.734,0.7111872025594983,21,24,0.0
2013-11-24,2013,0,0,LAR,CHI,1484.896,1552.259,0.4965994220743008,42,21,1.0
2013-11-24,2013,0,0,KC,LAC,1537.34,1468.917,0.6830977339667306,38,41,0.0
2013-11-25,2013,0,0,WSH,SF,1441.128,1625.748,0.3343472372156685,6,27,0.0
2013-11-28,2013,0,0,DAL,OAK,1533.419,1364.21,0.7938377115355933,31,24,1.0
2013-11-28,2013,0,0,DET,GB,1478.052,1525.131,0.5257675440285259,40,10,1.0
2013-11-28,2013,0,0,BAL,PIT,1575.995,1522.235,0.6645500687164345,22,20,1.0
2013-12-01,2013,0,0,KC,DEN,1517.178,1686.186,0.3546370096554315,28,35,0.0
2013-12-01,2013,0,0,SF,LAR,1645.352,1516.05,0.7537089319907484,23,13,1.0
2013-12-01,2013,0,0,LAC,CIN,1489.079,1593.31,0.4437807814552314,10,17,0.0
2013-12-01,2013,0,0,WSH,NYG,1421.524,1482.189,0.5062382427688759,17,24,0.0
2013-12-01,2013,0,0,PHI,ARI,1503.527,1524.7,0.562739696425408,24,21,1.0
2013-12-01,2013,0,0,NYJ,MIA,1405.362,1478.702,0.4880000799532795,3,23,0.0
2013-12-01,2013,0,0,MIN,CHI,1427.301,1521.105,0.4586424210151482,23,20,1.0
2013-12-01,2013,0,0,HOU,NE,1384.991,1656.218,0.2337711857564921,31,34,0.0
2013-12-01,2013,0,0,IND,TEN,1512.539,1457.926,0.6656437946498102,22,14,1.0
2013-12-01,2013,0,0,CLE,JAX,1400.673,1284.648,0.739247995546759,28,32,0.0
2013-12-01,2013,0,0,CAR,TB,1630.739,1428.963,0.8228367360733415,27,6,1.0
2013-12-01,2013,0,0,BUF,ATL,1416.659,1430.498,0.5730990120925935,31,34,0.0
2013-12-02,2013,0,0,SEA,NO,1704.295,1637.892,0.6805752060484332,34,7,1.0
2013-12-05,2013,0,0,JAX,HOU,1310.577,1379.065,0.4949805331284126,27,20,1.0
2013-12-08,2013,0,0,TB,BUF,1419.195,1400.391,0.6183178857275866,27,6,1.0
2013-12-08,2013,0,0,BAL,MIN,1582.988,1442.51,0.7654556262512663,29,26,1.0
2013-12-08,2013,0,0,DEN,TEN,1700.269,1443.991,0.8640595577435072,51,28,1.0
2013-12-08,2013,0,0,CIN,IND,1611.443,1526.475,0.7033465701294342,42,28,1.0
2013-12-08,2013,0,0,SF,SEA,1656.205,1724.383,0.4954266179068483,19,17,1.0
2013-12-08,2013,0,0,PIT,MIA,1515.242,1508.305,0.6020712104589035,28,34,0.0
2013-12-08,2013,0,0,WSH,KC,1400.429,1503.095,0.4460056358559576,10,45,0.0
2013-12-08,2013,0,0,PHI,DET,1515.413,1510.359,0.5994714355474461,34,20,1.0
2013-12-08,2013,0,0,ARI,LAR,1512.814,1505.197,0.6030086511288014,30,10,1.0
2013-12-08,2013,0,0,NYJ,OAK,1375.76,1356.461,0.6189901311093879,37,27,1.0
2013-12-08,2013,0,0,NE,CLE,1662.144,1374.744,0.883765028826438,27,26,1.0
2013-12-08,2013,0,0,NO,CAR,1617.804,1640.507,0.5605713335211722,31,13,1.0
2013-12-08,2013,0,0,GB,ATL,1492.824,1446.766,0.6545954874579085,22,21,1.0
2013-12-08,2013,0,0,LAC,NYG,1470.946,1503.285,0.5468649882060886,37,14,1.0
2013-12-09,2013,0,0,CHI,DAL,1505.896,1541.168,0.5426779304811279,45,28,1.0
2013-12-12,2013,0,0,DEN,LAC,1707.809,1499.326,0.8283949897441104,20,27,0.0
2013-12-15,2013,0,0,TEN,ARI,1436.451,1536.214,0.4501383022799001,34,37,0.0
2013-12-15,2013,0,0,JAX,BUF,1331.614,1377.661,0.5272485359484373,20,27,0.0
2013-12-15,2013,0,0,LAR,NO,1481.796,1643.194,0.3647256572346585,27,16,1.0
2013-12-15,2013,0,0,TB,SF,1441.925,1667.307,0.284299605287228,14,33,0.0
2013-12-15,2013,0,0,OAK,KC,1338.863,1534.522,0.3203565639335079,31,56,0.0
2013-12-15,2013,0,0,PIT,CIN,1491.019,1626.485,0.3999592499402212,30,20,1.0
2013-12-15,2013,0,0,NYG,SEA,1474.904,1713.28,0.2693284345644885,0,23,0.0
2013-12-15,2013,0,0,MIN,PHI,1436.562,1536.437,0.4499787293639319,48,30,1.0
2013-12-15,2013,0,0,MIA,NE,1532.528,1663.533,0.4061376727427643,24,20,1.0
2013-12-15,2013,0,0,DAL,GB,1515.084,1497.382,0.6168196658970989,36,37,0.0
2013-12-15,2013,0,0,IND,HOU,1511.433,1358.029,0.7785496727154034,25,3,1.0
2013-12-15,2013,0,0,CLE,CHI,1373.355,1531.98,0.3684321466122993,31,38,0.0
2013-12-15,2013,0,0,CAR,NYJ,1615.118,1393.358,0.8389887761973223,30,20,1.0
2013-12-15,2013,0,0,ATL,WSH,1442.207,1369.001,0.6890277119338236,27,26,1.0
2013-12-16,2013,0,0,DET,BAL,1489.335,1588.935,0.4503705561857407,16,18,0.0
2013-12-22,2013,0,0,GB,PIT,1506.267,1520.748,0.5721946041026883,31,38,0.0
2013-12-22,2013,0,0,BUF,MIA,1399.779,1552.235,0.3767332535768356,19,0,1.0
2013-12-22,2013,0,0,HOU,DEN,1345.396,1668.466,0.18458752664036,13,37,0.0
2013-12-22,2013,0,0,CIN,MIN,1596.756,1469.474,0.7515440331561468,42,14,1.0
2013-12-22,2013,0,0,JAX,TEN,1309.495,1424.165,0.4290021524084207,16,20,0.0
2013-12-22,2013,0,0,KC,IND,1554.227,1524.066,0.6336228764161493,7,23,0.0
2013-12-22,2013,0,0,NYJ,CLE,1386.527,1358.658,0.6305546349726722,24,13,1.0
2013-12-22,2013,0,0,WSH,DAL,1364.945,1506.199,0.3919904029595387,23,24,0.0
2013-12-22,2013,0,0,SEA,ARI,1729.149,1548.501,0.8044060822473932,10,17,0.0
2013-12-22,2013,0,0,BAL,NE,1598.678,1643.826,0.5285382738070309,7,41,0.0
2013-12-22,2013,0,0,CAR,NO,1621.949,1610.175,0.6087227853173853,17,13,1.0
2013-12-22,2013,0,0,PHI,CHI,1503.525,1546.677,0.5314004209650148,54,11,1.0
2013-12-22,2013,0,0,LAC,OAK,1538.669,1319.158,0.8372322221335958,26,13,1.0
2013-12-22,2013,0,0,LAR,TB,1514.815,1426.049,0.707887927585733,23,13,1.0
2013-12-22,2013,0,0,DET,NYG,1479.593,1459.036,0.6206965290926337,20,23,0.0
2013-12-23,2013,0,0,SF,ATL,1683.184,1446.264,0.8504317343400748,34,24,1.0
2013-12-29,2013,0,0,NE,BUF,1681.751,1438.668,0.8548884589841601,34,20,1.0
2013-12-29,2013,0,0,MIN,DET,1454.086,1461.687,0.5818603990330514,14,13,1.0
2013-12-29,2013,0,0,MIA,NYJ,1513.347,1404.144,0.7316073764433779,7,20,0.0
2013-12-29,2013,0,0,ATL,CAR,1439.956,1634.119,0.3222344608257685,20,21,0.0
2013-12-29,2013,0,0,CHI,GB,1511.561,1481.911,0.6329397419168369,28,33,0.0
2013-12-29,2013,0,0,CIN,BAL,1612.144,1560.753,0.661503260838004,34,17,1.0
2013-12-29,2013,0,0,IND,JAX,1561.593,1295.991,0.8702417668831146,30,10,1.0
2013-12-29,2013,0,0,ARI,SF,1586.16,1689.491,0.4450599807990005,20,23,0.0
2013-12-29,2013,0,0,DAL,PHI,1511.451,1538.642,0.5541977487605911,22,24,0.0
2013-12-29,2013,0,0,LAC,KC,1546.276,1516.7,0.6328407700558788,27,24,1.0
2013-12-29,2013,0,0,SEA,LAR,1691.489,1527.909,0.7884841305247283,27,9,1.0
2013-12-29,2013,0,0,OAK,DEN,1311.551,1679.102,0.1491068301202862,14,34,0.0
2013-12-29,2013,0,0,PIT,CLE,1545.104,1341.041,0.824747737688045,20,7,1.0
2013-12-29,2013,0,0,TEN,HOU,1437.669,1334.76,0.7244336815863368,16,10,1.0
2013-12-29,2013,0,0,NYG,WSH,1476.942,1359.693,0.7406038767816829,20,6,1.0
2013-12-29,2013,0,0,NO,TB,1598.005,1412.955,0.808362263970101,42,17,1.0
2014-01-04,2013,0,1,IND,KC,1568.462,1506.94,0.6744363194111341,45,44,1.0
2014-01-04,2013,0,1,PHI,NO,1551.032,1609.218,0.5098048771775175,24,26,0.0
2014-01-05,2013,0,1,GB,SF,1505.612,1701.619,0.3199205571078039,20,23,0.0
2014-01-05,2013,0,1,CIN,LAC,1630.728,1556.036,0.6908576170453271,10,27,0.0
2014-01-11,2013,0,1,NE,IND,1688.645,1572.73,0.7391259190725881,43,22,1.0
2014-01-11,2013,0,1,SEA,NO,1702.773,1620.454,0.7001550564009152,23,15,1.0
2014-01-12,2013,0,1,CAR,SF,1638.339,1709.991,0.4904281720261689,10,23,0.0
2014-01-12,2013,0,1,DEN,LAC,1687.083,1598.681,0.7074544564805888,24,17,1.0
2014-01-19,2013,0,1,DEN,NE,1698.457,1703.547,0.5853729398827981,26,16,1.0
2014-01-19,2013,0,1,SEA,SF,1715.123,1735.798,0.5634449645287851,23,17,1.0
2014-02-02,2013,1,1,DEN,SEA,1717.814,1731.777,0.479916439107819,8,43,0.0
2014-09-04,2014,0,0,SEA,GB,1678.971,1499.827,0.8030403122034956,36,16,1.0
2014-09-07,2014,0,0,PHI,JAX,1528.197,1361.082,0.79185796760009,34,17,1.0
2014-09-07,2014,0,0,PIT,CLE,1537.231,1390.199,0.7721610822920967,30,27,1.0
2014-09-07,2014,0,0,BAL,CIN,1529.779,1560.389,0.5493301891174631,16,23,0.0
2014-09-07,2014,0,0,TB,CAR,1436.161,1576.688,0.3929882677404099,14,20,0.0
2014-09-07,2014,0,0,DEN,IND,1624.09,1540.218,0.702028492211256,31,24,1.0
2014-09-07,2014,0,0,LAR,MIN,1512.75,1474.824,0.6439361905096218,6,34,0.0
2014-09-07,2014,0,0,ATL,NO,1458.825,1573.737,0.4286609422252804,37,34,1.0
2014-09-07,2014,0,0,CHI,BUF,1493.573,1456.183,0.6432284342359601,20,23,0.0
2014-09-07,2014,0,0,DAL,SF,1501.041,1647.763,0.3845145568682429,17,28,0.0
2014-09-07,2014,0,0,HOU,WSH,1384.864,1399.479,0.5720057725013418,17,6,1.0
2014-09-07,2014,0,0,KC,TEN,1503.448,1466.756,0.6423058287988347,10,26,0.0
2014-09-07,2014,0,0,MIA,NE,1482.607,1624.459,0.3911702763990921,33,20,1.0
2014-09-07,2014,0,0,NYJ,OAK,1465.72,1370.713,0.7152609577583888,19,14,1.0
2014-09-08,2014,0,0,ARI,LAC,1551.021,1559.872,0.5801086986479091,18,17,1.0
2014-09-08,2014,0,0,DET,NYG,1472.359,1494.944,0.5607386501439442,35,14,1.0
2014-09-11,2014,0,0,BAL,PIT,1506.57,1542.992,0.5410345467325731,26,6,1.0
2014-09-14,2014,0,0,BUF,MIA,1474.887,1515.905,0.5344581637670153,29,10,1.0
2014-09-14,2014,0,0,CAR,DET,1591.474,1499.001,0.7122808501481697,24,7,1.0
2014-09-14,2014,0,0,CIN,ATL,1583.598,1475.033,0.7308856142829634,24,10,1.0
2014-09-14,2014,0,0,WSH,JAX,1378.685,1350.198,0.6313829871141095,41,10,1.0
2014-09-14,2014,0,0,CLE,NO,1384.438,1557.528,0.3492776118460014,26,24,1.0
2014-09-14,2014,0,0,DEN,KC,1635.697,1465.288,0.7949659361046495,24,17,1.0
2014-09-14,2014,0,0,GB,NYJ,1489.032,1475.232,0.6114970251725528,31,24,1.0
2014-09-14,2014,0,0,MIN,NE,1520.319,1591.162,0.491592039718852,7,30,0.0
2014-09-14,2014,0,0,SF,CHI,1666.188,1474.868,0.813891393943638,20,28,0.0
2014-09-14,2014,0,0,NYG,ARI,1468.302,1556.697,0.4663826820850382,14,25,0.0
2014-09-14,2014,0,0,LAC,SEA,1554.196,1689.766,0.399815582119385,30,21,1.0
2014-09-14,2014,0,0,TEN,DAL,1504.915,1482.616,0.6230545140561723,10,26,0.0
2014-09-14,2014,0,0,TB,LAR,1421.375,1467.255,0.5274881482020989,17,19,0.0
2014-09-14,2014,0,0,OAK,HOU,1361.201,1405.658,0.5295293493499984,14,30,0.0
2014-09-15,2014,0,0,IND,PHI,1528.612,1539.081,0.5778383032971772,27,30,0.0
2014-09-18,2014,0,0,ATL,TB,1461.523,1409.683,0.6620817657166986,56,14,1.0
2014-09-21,2014,0,0,MIA,KC,1488.313,1457.585,0.634380246591852,15,34,0.0
2014-09-21,2014,0,0,CAR,PIT,1606.996,1515.404,0.7112404066247066,19,37,0.0
2014-09-21,2014,0,0,CIN,TEN,1597.108,1468.151,0.7533400853328105,33,7,1.0
2014-09-21,2014,0,0,CLE,BAL,1399.474,1534.158,0.4010400710812381,21,23,0.0
2014-09-21,2014,0,0,ARI,SF,1579.632,1625.705,0.5272112299145287,23,14,1.0
2014-09-21,2014,0,0,DET,GB,1483.479,1504.631,0.5627694417903553,19,7,1.0
2014-09-21,2014,0,0,LAR,DAL,1478.947,1519.379,0.5352973818898187,31,34,0.0
2014-09-21,2014,0,0,JAX,IND,1325.689,1512.183,0.331950661430222,17,44,0.0
2014-09-21,2014,0,0,NO,MIN,1542.491,1489.155,0.6640057525780343,20,9,1.0
2014-09-21,2014,0,0,NE,OAK,1622.325,1330.913,0.886116495928227,16,9,1.0
2014-09-21,2014,0,0,NYG,HOU,1445.368,1435.946,0.6054933227991968,30,17,1.0
2014-09-21,2014,0,0,PHI,WSH,1555.509,1403.194,0.7774669834778303,37,34,1.0
2014-09-21,2014,0,0,SEA,DEN,1661.21,1643.4,0.6169665955058768,26,20,1.0
2014-09-21,2014,0,0,BUF,LAC,1502.479,1582.751,0.4780359694774148,10,22,0.0
2014-09-22,2014,0,0,NYJ,CHI,1459.633,1515.351,0.5133546947022412,19,27,0.0
2014-09-25,2014,0,0,WSH,NYG,1397.579,1465.509,0.4957834910061791,14,45,0.0
2014-09-28,2014,0,0,IND,TEN,1533.148,1453.21,0.6972697476384617,41,17,1.0
2014-09-28,2014,0,0,SF,PHI,1604.118,1561.124,0.6505967765989623,26,21,1.0
2014-09-28,2014,0,0,NYJ,DET,1436.978,1505.47,0.4949747772464832,17,24,0.0
2014-09-28,2014,0,0,DAL,NO,1534.389,1558.337,0.558805169520341,38,17,1.0
2014-09-28,2014,0,0,MIN,ATL,1473.309,1485.661,0.5751919154507803,41,28,1.0
2014-09-28,2014,0,0,BAL,CAR,1542.7,1561.902,0.5655295167255825,38,10,1.0
2014-09-28,2014,0,0,CHI,GB,1538.006,1482.639,0.6666091017731618,17,38,0.0
2014-09-28,2014,1,0,MIA,OAK,1448.575,1326.837,0.6683607431751024,38,14,1.0
2014-09-28,2014,0,0,LAC,JAX,1607.105,1304.724,0.8923348046895381,33,14,1.0
2014-09-28,2014,0,0,HOU,BUF,1415.805,1478.125,0.503856753538081,23,17,1.0
2014-09-28,2014,0,0,PIT,TB,1560.498,1385.545,0.7991965757548071,24,27,0.0
2014-09-29,2014,0,0,KC,NE,1497.323,1626.401,0.4088158814845262,41,14,1.0
2014-10-02,2014,0,0,GB,MIN,1526.235,1495.207,0.6347807031160161,42,10,1.0
2014-10-05,2014,0,0,SF,KC,1616.053,1537.904,0.695091526220195,22,17,1.0
2014-10-05,2014,0,0,LAC,NYJ,1612.632,1416.425,0.8181150099218688,31,0,1.0
2014-10-05,2014,0,0,JAX,PIT,1299.196,1535.627,0.2715374475025414,9,17,0.0
2014-10-05,2014,0,0,PHI,LAR,1549.189,1463.938,0.7036863650957016,34,28,1.0
2014-10-05,2014,0,0,TEN,CLE,1434.925,1390.933,0.6519015896235516,28,29,0.0
2014-10-05,2014,0,0,NYG,ATL,1499.828,1463.763,0.6414761698259205,30,20,1.0
2014-10-05,2014,0,0,NE,CIN,1585.82,1612.049,0.5555654975794798,43,17,1.0
2014-10-05,2014,0,0,NO,TB,1531.562,1410.416,0.7448901482268492,37,31,1.0
2014-10-05,2014,0,0,DET,BUF,1526.023,1458.84,0.6815505152883758,14,17,0.0
2014-10-05,2014,0,0,DEN,ARI,1629.034,1601.219,0.6304822180570074,41,20,1.0
2014-10-05,2014,0,0,DAL,HOU,1561.164,1435.091,0.7502422307721756,20,17,1.0
2014-10-05,2014,0,0,IND,BAL,1551.432,1571.363,0.5644981393838592,20,13,1.0
2014-10-05,2014,0,0,CAR,CHI,1533.239,1494.41,0.6451271262371132,31,24,1.0
2014-10-06,2014,0,0,WSH,SEA,1363.259,1675.576,0.1940867169596728,17,27,0.0
2014-10-09,2014,0,0,HOU,IND,1428.719,1569.181,0.3930775290201455,28,33,0.0
2014-10-12,2014,0,0,ARI,WSH,1579.299,1354.892,0.8410365222459826,30,20,1.0
2014-10-12,2014,0,0,MIA,GB,1468.806,1550.707,0.4756966727531414,24,27,0.0
2014-10-12,2014,0,0,MIN,DET,1470.735,1505.919,0.542803647273464,3,17,0.0
2014-10-12,2014,0,0,OAK,LAC,1306.606,1623.902,0.1896428482268702,28,31,0.0
2014-10-12,2014,0,0,NYJ,DEN,1405.156,1650.953,0.2610050767963143,17,31,0.0
2014-10-12,2014,0,0,TEN,JAX,1425.417,1288.126,0.7621459101383913,16,14,1.0
2014-10-12,2014,0,0,PHI,NYG,1559.984,1516.267,0.6515422734008962,27,0,1.0
2014-10-12,2014,0,0,TB,BAL,1401.262,1553.614,0.3768738353403025,17,48,0.0
2014-10-12,2014,0,0,BUF,NE,1478.944,1614.608,0.3996857433383214,22,37,0.0
2014-10-12,2014,0,0,CLE,PIT,1400.441,1546.697,0.3851496047718475,31,10,1.0
2014-10-12,2014,0,0,ATL,CHI,1447.324,1480.317,0.5459319115962539,13,27,0.0
2014-10-12,2014,0,0,SEA,DAL,1683.944,1567.535,0.7396738634788455,23,30,0.0
2014-10-12,2014,0,0,CIN,CAR,1583.261,1547.332,0.6412960998763423,37,37,0.5
2014-10-13,2014,0,0,LAR,SF,1453.143,1626.312,0.3491742596967537,17,31,0.0
2014-10-16,2014,0,0,NE,NYJ,1636.082,1392.093,0.8555342488735661,27,25,1.0
2014-10-19,2014,0,0,OAK,ARI,1301.889,1586.037,0.2207128089365159,13,24,0.0
2014-10-19,2014,0,0,DAL,NYG,1601.062,1494.138,0.7290235459583186,31,21,1.0
2014-10-19,2014,0,0,DEN,SF,1664.016,1644.337,0.6195058891944328,42,17,1.0
2014-10-19,2014,0,0,GB,CAR,1563.795,1551.642,0.6092422976349395,38,17,1.0
2014-10-19,2014,0,0,JAX,CLE,1283.34,1439.91,0.3711890175837076,24,6,1.0
2014-10-19,2014,0,0,LAC,KC,1628.619,1527.645,0.7222045074755995,20,23,0.0
2014-10-19,2014,0,0,WSH,TEN,1348.155,1430.203,0.4754856269100684,19,17,1.0
2014-10-19,2014,0,0,DET,NO,1535.721,1540.716,0.5855056638336301,24,23,1.0
2014-10-19,2014,0,0,IND,CIN,1582.8,1578.952,0.5978034078498649,27,0,1.0
2014-10-19,2014,0,0,BUF,MIN,1457.471,1440.933,0.6152347414899619,17,16,1.0
2014-10-19,2014,0,0,LAR,SEA,1435.118,1650.417,0.2962560241896745,28,26,1.0
2014-10-19,2014,0,0,BAL,ATL,1578.74,1417.32,0.7864029950035824,29,7,1.0
2014-10-19,2014,0,0,CHI,MIA,1510.321,1455.717,0.6656322640152261,14,27,0.0
2014-10-20,2014,0,0,PIT,HOU,1507.228,1415.1,0.7118736782306506,30,23,1.0
2014-10-23,2014,0,0,DEN,LAC,1687.891,1606.961,0.6984737681427051,35,21,1.0
2014-10-26,2014,0,0,KC,LAR,1549.303,1451.714,0.7182783252994899,34,7,1.0
2014-10-26,2014,0,0,NE,CHI,1638.865,1473.169,0.7905084475033076,51,23,1.0
2014-10-26,2014,0,0,NO,GB,1535.122,1587.134,0.5186825326742475,44,23,1.0
2014-10-26,2014,0,0,JAX,MIA,1321.978,1492.87,0.3521588097400434,13,27,0.0
2014-10-26,2014,0,0,NYJ,BUF,1389.31,1462.614,0.4880518584053425,23,43,0.0
2014-10-26,2014,0,0,ARI,PHI,1596.012,1582.113,0.6116324043848401,24,20,1.0
2014-10-26,2014,0,0,CLE,OAK,1401.271,1291.914,0.7317814111563418,23,13,1.0
2014-10-26,2014,0,0,CIN,BAL,1552.961,1590.884,0.5388882355404101,27,24,1.0
2014-10-26,2014,0,0,CAR,SEA,1528.303,1633.82,0.4419542445253953,9,13,0.0
2014-10-26,2014,1,0,DET,ATL,1541.315,1405.175,0.6864737366526418,22,21,1.0
2014-10-26,2014,0,0,TEN,HOU,1418.588,1403.916,0.6126888624712804,16,30,0.0
2014-10-26,2014,0,0,TB,MIN,1376.137,1435.789,0.5076957828758566,13,19,0.0
2014-10-26,2014,0,0,PIT,IND,1518.412,1608.79,0.4635429366963873,51,34,1.0
2014-10-27,2014,0,0,DAL,WSH,1613.116,1359.769,0.862065538341183,17,20,0.0
2014-10-30,2014,0,0,CAR,NO,1514.335,1564.703,0.5210447004303617,10,28,0.0
2014-11-02,2014,0,0,NE,DEN,1651.635,1703.206,0.5193162662283588,43,21,1.0
2014-11-02,2014,0,0,SEA,OAK,1647.789,1279.995,0.9235340786705896,30,24,1.0
2014-11-02,2014,0,0,PIT,BAL,1549.786,1578.255,0.5523794518427236,43,23,1.0
2014-11-02,2014,0,0,MIN,WSH,1455.596,1387.715,0.6824219451679687,29,26,1.0
2014-11-02,2014,0,0,KC,NYJ,1566.786,1359.704,0.8272454853681955,24,10,1.0
2014-11-02,2014,0,0,HOU,PHI,1438.347,1570.045,0.4051758726337061,21,31,0.0
2014-11-02,2014,0,0,DAL,ARI,1585.17,1608.08,0.5602777872227582,17,28,0.0
2014-11-02,2014,0,0,CLE,TB,1413.19,1356.33,0.6685163902737966,22,17,1.0
2014-11-02,2014,0,0,CIN,JAX,1565.59,1303.781,0.8677562250443767,33,23,1.0
2014-11-02,2014,0,0,MIA,LAC,1511.067,1591.646,0.4775950307393948,37,0,1.0
2014-11-02,2014,0,0,SF,LAR,1620.463,1434.231,0.8094141006440468,10,13,0.0
2014-11-03,2014,0,0,NYG,IND,1482.085,1577.417,0.4564593053904497,24,40,0.0
2014-11-06,2014,0,0,CIN,CLE,1571.112,1424.445,0.7717912263181191,3,24,0.0
2014-11-09,2014,0,0,ARI,LAR,1636.468,1459.566,0.8009910297601512,31,14,1.0
2014-11-09,2014,0,0,BAL,TEN,1551.444,1384.158,0.79202016134566,21,7,1.0
2014-11-09,2014,0,0,OAK,DEN,1277.508,1673.245,0.1296705048899723,17,41,0.0
2014-11-09,2014,0,0,TB,ATL,1345.075,1401.082,0.5129390778345503,17,27,0.0
2014-11-09,2014,0,0,NYJ,PIT,1351.377,1576.596,0.28449056365338,20,13,1.0
2014-11-09,2014,0,0,NO,SF,1595.592,1595.128,0.5931109835896033,24,27,0.0
2014-11-09,2014,0,0,DET,MIA,1545.408,1549.344,0.5869843421251277,20,16,1.0
2014-11-09,2014,1,0,DAL,JAX,1556.783,1298.259,0.8158055101084686,31,17,1.0
2014-11-09,2014,0,0,BUF,KC,1492.22,1575.113,0.4742726443586987,13,17,0.0
2014-11-09,2014,0,0,GB,CHI,1557.553,1460.399,0.7177713402032343,55,14,1.0
2014-11-09,2014,0,0,SEA,NYG,1650.276,1456.571,0.8159620246246543,38,17,1.0
2014-11-10,2014,0,0,PHI,CAR,1588.904,1483.445,0.7273543648385221,45,21,1.0
2014-11-13,2014,0,0,MIA,BUF,1536.409,1477.077,0.6716621879503926,22,9,1.0
2014-11-16,2014,0,0,NO,CIN,1578.643,1518.32,0.6729190131793594,10,27,0.0
2014-11-16,2014,0,0,LAC,OAK,1553.369,1270.252,0.8812083044336839,13,6,1.0
2014-11-16,2014,0,0,ARI,DET,1646.833,1558.344,0.7075580951420611,14,6,1.0
2014-11-16,2014,0,0,CAR,ATL,1467.155,1425.782,0.6484726270302146,17,19,0.0
2014-11-16,2014,0,0,CHI,MIN,1440.75,1463.9,0.5599373909094987,21,13,1.0
2014-11-16,2014,0,0,CLE,HOU,1477.237,1419.487,0.6696507324675278,7,23,0.0
2014-11-16,2014,0,0,IND,NE,1602.93,1681.595,0.4803446183119232,20,42,0.0
2014-11-16,2014,0,0,GB,PHI,1577.202,1605.194,0.5530582784788676,53,20,1.0
2014-11-16,2014,0,0,KC,SEA,1590.256,1660.456,0.4925171571713153,24,20,1.0
2014-11-16,2014,0,0,NYG,SF,1446.391,1612.077,0.3590257419198969,10,16,0.0
2014-11-16,2014,0,0,WSH,TB,1379.411,1320.375,0.6712863106044851,7,27,0.0
2014-11-16,2014,0,0,LAR,DEN,1449.202,1680.502,0.2774191550202094,22,7,1.0
2014-11-17,2014,0,0,TEN,PIT,1373.969,1544.502,0.3526304271335828,24,27,0.0
2014-11-20,2014,0,0,OAK,KC,1265.986,1606.63,0.1698438382494686,24,20,1.0
2014-11-23,2014,0,0,IND,JAX,1572.994,1289.332,0.881536322240407,23,3,1.0
2014-11-23,2014,0,0,ATL,CLE,1440.755,1437.05,0.5976054724606807,24,26,0.0
2014-11-23,2014,0,0,SEA,ARI,1644.082,1658.846,0.5717957784050479,19,3,1.0
2014-11-23,2014,0,0,PHI,TEN,1574.194,1364.639,0.8292704517974102,43,24,1.0
2014-11-23,2014,0,0,NYG,DAL,1433.03,1565.71,0.4038142227580997,28,31,0.0
2014-11-23,2014,0,0,DEN,MIA,1637.157,1552.812,0.7025977476833678,39,36,1.0
2014-11-23,2014,0,0,MIN,GB,1444.922,1608.202,0.3622191861071426,21,24,0.0
2014-11-23,2014,0,0,SF,WSH,1625.438,1336.094,0.8849096452288756,17,13,1.0
2014-11-23,2014,0,0,LAC,LAR,1557.635,1492.546,0.6789286090068091,27,24,1.0
2014-11-23,2014,0,0,HOU,CIN,1459.675,1559.57,0.4499502352824718,13,22,0.0
2014-11-23,2014,0,0,NE,DET,1711.532,1546.33,0.7900371291951493,34,9,1.0
2014-11-23,2014,0,0,CHI,TB,1459.727,1363.692,0.7164646243800575,21,13,1.0
2014-11-24,2014,0,0,BUF,NYJ,1460.674,1383.472,0.6939349394695448,38,3,1.0
2014-11-24,2014,0,0,NO,BAL,1537.394,1561.633,0.5583921389491532,27,34,0.0
2014-11-27,2014,0,0,DET,CHI,1533.945,1471.337,0.675807477949815,34,17,1.0
2014-11-27,2014,0,0,SF,SEA,1628.629,1667.804,0.5370968676377205,3,19,0.0
2014-11-27,2014,0,0,DAL,PHI,1576.572,1583.289,0.5830979590014317,10,33,0.0
2014-11-30,2014,0,0,MIN,CAR,1435.309,1452.183,0.5688192941744127,31,13,1.0
2014-11-30,2014,0,0,LAR,OAK,1484.141,1296.535,0.8106312396043613,52,0,1.0
2014-11-30,2014,0,0,BAL,LAC,1585.294,1566.04,0.6189290366895427,33,34,0.0
2014-11-30,2014,0,0,TB,CIN,1352.082,1579.967,0.2813770083939679,13,14,0.0
2014-11-30,2014,0,0,PIT,NO,1553.831,1513.732,0.6467990445650176,32,35,0.0
2014-11-30,2014,0,0,KC,DEN,1576.08,1644.879,0.4945330173976146,16,29,0.0
2014-11-30,2014,0,0,JAX,NYG,1283.105,1422.168,0.3950004286671447,25,24,1.0
2014-11-30,2014,0,0,HOU,TEN,1439.278,1355.545,0.7018610865417267,45,21,1.0
2014-11-30,2014,0,0,GB,NE,1617.816,1723.917,0.4411252903651944,26,21,1.0
2014-11-30,2014,0,0,IND,WSH,1579.22,1332.903,0.857182677732705,49,27,1.0
2014-11-30,2014,0,0,BUF,CLE,1481.278,1450.604,0.6343081446604738,26,10,1.0
2014-11-30,2014,0,0,ATL,ARI,1427.201,1635.124,0.3051842684087887,29,18,1.0
2014-12-01,2014,0,0,NYJ,MIA,1362.868,1545.09,0.3374264355800673,13,16,0.0
2014-12-04,2014,0,0,CHI,DAL,1453.624,1538.501,0.4714258656545727,28,41,0.0
2014-12-07,2014,0,0,CLE,IND,1430.746,1587.066,0.371524980530457,24,25,0.0
2014-12-07,2014,0,0,ARI,KC,1598.193,1550.023,0.6573391442766294,17,14,1.0
2014-12-07,2014,0,0,DEN,BUF,1670.936,1501.136,0.7943939356127728,24,17,1.0
2014-12-07,2014,0,0,OAK,SF,1283.047,1597.833,0.1918732681658293,24,13,1.0
2014-12-07,2014,0,0,PHI,SEA,1621.36,1698.6,0.4823925077806624,14,24,0.0
2014-12-07,2014,0,0,TEN,NYG,1337.567,1413.489,0.4842871541093026,7,36,0.0
2014-12-07,2014,0,0,NO,CAR,1532.565,1427.335,0.7270928683294905,10,41,0.0
2014-12-07,2014,0,0,LAC,NE,1574.961,1703.509,0.4095534503625252,14,23,0.0
2014-12-07,2014,0,0,WSH,LAR,1325.057,1497.63,0.3499543291317131,0,24,0.0
2014-12-07,2014,0,0,MIA,BAL,1553.973,1576.372,0.5610023584695351,13,28,0.0
2014-12-07,2014,0,0,JAX,HOU,1291.785,1457.256,0.359310604929796,13,27,0.0
2014-12-07,2014,0,0,MIN,NYJ,1460.157,1353.986,0.7281664006455131,30,24,1.0
2014-12-07,2014,0,0,CIN,PIT,1583.599,1534.998,0.657897765247425,21,42,0.0
2014-12-07,2014,0,0,DET,TB,1551.658,1348.45,0.8240352122012965,34,17,1.0
2014-12-08,2014,0,0,GB,ATL,1638.224,1464.131,0.7984009263564452,43,37,1.0
2014-12-11,2014,0,0,LAR,ARI,1519.109,1607.229,0.4667766707653757,6,12,0.0
2014-12-14,2014,0,0,KC,OAK,1540.987,1328.354,0.8317644235230056,31,13,1.0
2014-12-14,2014,0,0,LAC,DEN,1556.63,1678.662,0.418653688194964,10,22,0.0
2014-12-14,2014,0,0,NYG,WSH,1446.269,1303.578,0.767734971653981,24,13,1.0
2014-12-14,2014,0,0,PHI,DAL,1598.353,1563.16,0.6403209135081943,27,38,0.0
2014-12-14,2014,0,0,TEN,NYJ,1304.787,1344.17,0.5367991661462962,11,16,0.0
2014-12-14,2014,0,0,BAL,JAX,1608.095,1273.174,0.9090533185812646,20,12,1.0
2014-12-14,2014,0,0,DET,MIN,1560.725,1469.973,0.7102463049370398,16,14,1.0
2014-12-14,2014,0,0,SEA,SF,1721.606,1552.526,0.7937161542164545,17,7,1.0
2014-12-14,2014,0,0,ATL,PIT,1457.054,1577.885,0.4203372580001864,20,27,0.0
2014-12-14,2014,0,0,BUF,GB,1493.41,1645.301,0.3774972403223015,21,13,1.0
2014-12-14,2014,0,0,CAR,TB,1481.96,1339.383,0.7676179322794718,19,17,1.0
2014-12-14,2014,0,0,CLE,CIN,1425.801,1540.713,0.4286609422252804,0,30,0.0
2014-12-14,2014,0,0,IND,HOU,1592.011,1475.866,0.7393811277038959,17,10,1.0
2014-12-14,2014,0,0,NE,MIA,1721.84,1522.25,0.8209948814749273,41,13,1.0
2014-12-15,2014,0,0,CHI,NO,1428.964,1477.94,0.523044052819348,15,31,0.0
2014-12-18,2014,0,0,JAX,TEN,1269.792,1285.324,0.5707129840852863,21,13,1.0
2014-12-20,2014,0,0,SF,LAC,1543.585,1535.696,0.6033834161577902,35,38,0.0
2014-12-20,2014,0,0,WSH,PHI,1293.031,1565.012,0.2329946270913853,27,24,1.0
2014-12-21,2014,0,0,CHI,DET,1399.109,1566.67,0.3565457022838643,14,20,0.0
2014-12-21,2014,0,0,CAR,CLE,1486.626,1397.013,0.7088951196150867,17,13,1.0
2014-12-21,2014,0,0,TB,GB,1334.718,1616.821,0.2227442267751719,3,20,0.0
2014-12-21,2014,0,0,LAR,NYG,1501.132,1456.817,0.6523234022070855,27,37,0.0
2014-12-21,2014,0,0,PIT,KC,1594.933,1549.784,0.6534114346732514,20,12,1.0
2014-12-21,2014,0,0,NYJ,NE,1363.633,1732.601,0.1480748900934681,16,17,0.0
2014-12-21,2014,0,0,OAK,BUF,1319.557,1521.89,0.3120500929656574,26,24,1.0
2014-12-21,2014,0,0,HOU,BAL,1465.852,1611.477,0.3860101321779228,25,13,1.0
2014-12-21,2014,0,0,MIA,MIN,1511.489,1464.027,0.6564205559473891,37,35,1.0
2014-12-21,2014,0,0,DAL,IND,1596.502,1602.026,0.5847664436254488,42,7,1.0
2014-12-21,2014,0,0,ARI,SEA,1625.206,1730.548,0.4422027100992218,6,35,0.0
2014-12-21,2014,0,0,NO,ATL,1507.796,1440.005,0.6823096547463148,14,30,0.0
2014-12-22,2014,0,0,CIN,DEN,1569.5,1699.596,0.4074003460379588,37,28,1.0
2014-12-28,2014,0,0,WSH,DAL,1316.505,1625.478,0.1971154263139498,17,44,0.0
2014-12-28,2014,0,0,SEA,LAR,1760.087,1468.212,0.8863851796617382,20,6,1.0
2014-12-28,2014,0,0,TEN,IND,1266.874,1573.049,0.1996769098128046,10,27,0.0
2014-12-28,2014,0,0,TB,NO,1322.998,1466.649,0.388706759807395,20,23,0.0
2014-12-28,2014,0,0,SF,ARI,1526.282,1595.668,0.4936883738910552,20,17,1.0
2014-12-28,2014,0,0,BAL,CLE,1578.782,1388.258,0.8131963279992391,20,10,1.0
2014-12-28,2014,0,0,PIT,CIN,1609.438,1597.622,0.6087803687680824,27,17,1.0
2014-12-28,2014,0,0,NYG,PHI,1489.736,1541.537,0.518985755220231,26,34,0.0
2014-12-28,2014,0,0,NE,BUF,1734.404,1505.768,0.8442642254931948,9,17,0.0
2014-12-28,2014,0,0,MIN,CHI,1456.845,1385.851,0.6862928217058273,13,9,1.0
2014-12-28,2014,0,0,MIA,NYJ,1518.671,1361.829,0.7819429751295207,24,37,0.0
2014-12-28,2014,0,0,HOU,JAX,1498.547,1288.242,0.8298808373218491,23,17,1.0
2014-12-28,2014,0,0,GB,DET,1628.54,1579.929,0.6579107211022277,30,20,1.0
2014-12-28,2014,0,0,KC,LAC,1535.28,1552.999,0.5676258816451825,19,7,1.0
2014-12-28,2014,0,0,DEN,OAK,1671.473,1335.679,0.9094679415907764,47,14,1.0
2014-12-28,2014,0,0,ATL,CAR,1481.151,1495.381,0.5725482544261025,3,34,0.0
2015-01-03,2014,0,1,CAR,ARI,1536.004,1581.602,0.5278927341027079,27,16,1.0
2015-01-03,2014,0,1,PIT,BAL,1627.567,1586.808,0.6476665020511337,17,30,0.0
2015-01-04,2014,0,1,DAL,DET,1637.303,1564.328,0.6887427182935546,24,20,1.0
2015-01-04,2014,0,1,IND,CIN,1583.452,1579.493,0.5979570280387272,26,10,1.0
2015-01-10,2014,0,1,SEA,CAR,1765.381,1559.262,0.8264518276561115,31,17,1.0
2015-01-10,2014,0,1,NE,BAL,1691.589,1622.719,0.68365449214709,35,31,1.0
2015-01-11,2014,0,1,GB,DAL,1644.141,1646.731,0.5888614922876818,26,21,1.0
2015-01-11,2014,0,1,DEN,IND,1676.874,1605.541,0.6867128043235324,13,24,0.0
2015-01-18,2014,0,1,NE,IND,1701.188,1641.924,0.6715758571857016,45,7,1.0
2015-01-18,2014,0,1,SEA,GB,1773.75,1658.467,0.7384238179883861,28,22,1.0
2015-02-01,2014,1,1,NE,SEA,1723.965,1783.159,0.4156277770164714,28,24,1.0
2015-09-10,2015,0,0,NE,PIT,1663.864,1562.771,0.7223419186116823,28,21,1.0
2015-09-13,2015,0,0,NYJ,CLE,1440.153,1421.821,0.6176764536353472,31,10,1.0
2015-09-13,2015,0,0,LAR,SEA,1476.945,1677.552,0.3141870008627053,34,31,1.0
2015-09-13,2015,0,0,JAX,CAR,1356.572,1535.596,0.341554408011296,9,20,0.0
2015-09-13,2015,0,0,CHI,GB,1419.227,1601.039,0.337954296160328,23,31,0.0
2015-09-13,2015,0,0,WSH,MIA,1371.453,1483.514,0.4326849587088269,10,17,0.0
2015-09-13,2015,0,0,HOU,KC,1504.621,1539.663,0.5430064969581064,20,27,0.0
2015-09-13,2015,0,0,BUF,IND,1534.055,1581.097,0.5258206495995426,27,14,1.0
2015-09-13,2015,0,0,LAC,DET,1522.523,1538.267,0.5704139680421645,33,28,1.0
2015-09-13,2015,0,0,ARI,NO,1540.563,1486.37,0.6651054876682732,31,19,1.0
2015-09-13,2015,0,0,OAK,CIN,1388.519,1539.936,0.3781386478043941,13,33,0.0
2015-09-13,2015,0,0,TB,TEN,1376.729,1339.314,0.6432614591900349,14,42,0.0
2015-09-13,2015,0,0,DEN,BAL,1595.327,1577.08,0.6175608978447219,19,13,1.0
2015-09-13,2015,0,0,DAL,NYG,1589.936,1479.528,0.7329672311212693,27,26,1.0
2015-09-14,2015,0,0,ATL,PHI,1462.019,1544.655,0.4746415318449318,26,24,1.0
2015-09-14,2015,0,0,SF,MIN,1528.565,1479.237,0.6588390410897919,20,3,1.0
2015-09-17,2015,0,0,KC,DEN,1562.55776966611,1609.6681789142,0.5257224623263006,24,31,0.0
2015-09-20,2015,0,0,NYG,ATL,1476.09949741094,1473.65558850637,0.5958585456422687,20,24,0.0
2015-09-20,2015,0,0,CAR,HOU,1551.73418874316,1481.72623033389,0.6850694930450758,24,17,1.0
2015-09-20,2015,0,0,BUF,NE,1558.88008937048,1674.60087507134,0.4275210809882345,32,40,0.0
2015-09-20,2015,0,0,PIT,SF,1552.03412492866,1547.31238931705,0.5990121064216117,43,18,1.0
2015-09-20,2015,0,0,MIN,DET,1460.48961068295,1523.20981976495,0.5032808357770697,26,16,1.0
2015-09-20,2015,0,0,CHI,ARI,1405.12455864362,1556.85981032402,0.3777079486992081,23,48,0.0
2015-09-20,2015,0,0,NO,TB,1470.07318967598,1331.29280948503,0.7636966265074567,19,26,0.0
2015-09-20,2015,0,0,WSH,LAR,1353.83501125187,1497.20882695224,0.3890859639277801,24,10,1.0
2015-09-20,2015,0,0,CIN,LAC,1562.09078204705,1537.58018023505,0.626039769747506,24,19,1.0
2015-09-20,2015,0,0,CLE,TEN,1399.04803235439,1384.75019051497,0.612177632691344,28,14,1.0
2015-09-20,2015,0,0,OAK,BAL,1366.36421795295,1562.7388210858,0.3194603311913243,37,33,1.0
2015-09-20,2015,0,0,JAX,MIA,1340.43381125684,1501.13198874813,0.3656595723020767,23,20,1.0
2015-09-20,2015,0,0,PHI,DAL,1533.01841149363,1593.36450258906,0.5066971127501458,10,20,0.0
2015-09-20,2015,0,0,GB,SEA,1615.14144135638,1657.28817304776,0.5328411468463431,27,17,1.0
2015-09-21,2015,0,0,IND,NYJ,1556.27191062952,1462.92596764561,0.7133095713110352,7,20,0.0
2015-09-24,2015,0,0,NYG,WSH,1456.31296852967,1388.14500383271,0.6827798410385457,32,21,1.0
2015-09-27,2015,0,0,MIN,LAC,1484.28656136617,1524.70316693005,0.5353194257863063,31,14,1.0
2015-09-27,2015,0,0,TEN,IND,1364.47611026878,1515.70262161442,0.3783965336098444,33,35,0.0
2015-09-27,2015,0,0,DAL,ATL,1617.71614860908,1493.44211738764,0.7482967683281007,28,39,0.0
2015-09-27,2015,0,0,NE,JAX,1692.96469550947,1358.82130307756,0.908682563084034,51,17,1.0
2015-09-27,2015,0,0,NYJ,PHI,1503.49525666071,1508.66676547361,0.5852590545122495,17,24,0.0
2015-09-27,2015,0,0,CAR,NO,1564.0744899263,1435.06965154609,0.7533912525169445,27,22,1.0
2015-09-27,2015,0,0,LAR,PIT,1462.8988343714,1577.36063032523,0.4292957656985018,6,12,0.0
2015-09-27,2015,0,0,BAL,CIN,1539.44190168976,1574.96779535205,0.5423151876064087,24,28,0.0
2015-09-27,2015,0,0,HOU,TB,1469.38592915075,1366.29634761492,0.7246411502258764,19,9,1.0
2015-09-27,2015,0,0,CLE,OAK,1419.32211260058,1389.66113734899,0.6329544198959521,20,27,0.0
2015-09-27,2015,0,0,ARI,SF,1580.53845620223,1521.98588392048,0.6706719553074066,47,7,1.0
2015-09-27,2015,0,0,MIA,BUF,1482.74449692741,1540.51626893235,0.5104007557336253,14,41,0.0
2015-09-27,2015,0,0,SEA,CHI,1635.11454919677,1381.44591276541,0.8622855485537143,26,0,1.0
2015-09-27,2015,0,0,DET,DEN,1499.41286908173,1631.71161054286,0.4043427045310624,12,24,0.0
2015-09-28,2015,0,0,GB,KC,1637.31506520737,1540.51433803745,0.7173591996152181,38,28,1.0
2015-10-01,2015,0,0,PIT,BAL,1593.70068264911,1521.74840374867,0.6874792305181866,20,23,0.0
2015-10-04,2015,1,0,MIA,NYJ,1448.6171756227,1478.47458548283,0.4571371964892885,14,27,0.0
2015-10-04,2015,0,0,ATL,HOU,1534.13174708271,1481.6542125515,0.6629023513750172,48,21,1.0
2015-10-04,2015,0,0,BUF,NYG,1574.64359023706,1471.17840031709,0.72507237325513,10,24,0.0
2015-10-04,2015,0,0,TB,CAR,1354.02806421417,1572.1956082558,0.2928249461517183,23,37,0.0
2015-10-04,2015,0,0,CIN,KC,1592.66129329314,1527.88808495046,0.6785322185111704,36,21,1.0
2015-10-04,2015,0,0,WSH,PHI,1373.27957204529,1533.68743665149,0.366047292797042,23,20,1.0
2015-10-04,2015,0,0,CHI,OAK,1373.5167585219,1417.16855290866,0.530683931520963,22,20,1.0
2015-10-04,2015,0,0,IND,JAX,1523.70326700498,1353.32515691508,0.7949369513479403,16,13,1.0
2015-10-04,2015,0,0,LAC,CLE,1498.13802088679,1391.81469704091,0.7283399290037369,30,27,1.0
2015-10-04,2015,0,0,DEN,MIN,1651.83829954661,1510.85170740943,0.7659808358778576,23,20,1.0
2015-10-04,2015,0,0,ARI,LAR,1603.69750646614,1446.55878204752,0.7822340769665221,22,24,0.0
2015-10-04,2015,0,0,SF,GB,1498.82683365657,1649.94131829436,0.3785482288281029,3,17,0.0
2015-10-04,2015,0,0,NO,DAL,1426.94853321659,1577.02651891401,0.379952874368815,26,20,1.0
2015-10-05,2015,0,0,SEA,DET,1643.04370344028,1479.28618007798,0.7886545107057896,13,10,1.0
2015-10-08,2015,0,0,HOU,IND,1460.32747057073,1528.83931584318,0.4949462205049403,20,27,0.0
2015-10-11,2015,0,0,ATL,WSH,1555.45848906348,1391.65329022613,0.7887002506989805,25,19,1.0
2015-10-11,2015,0,0,TB,JAX,1339.20067766528,1348.18910807688,0.5799159850757466,38,31,1.0
2015-10-11,2015,0,0,BAL,CLE,1542.07470891356,1384.82685353844,0.7823410694583686,30,33,0.0
2015-10-11,2015,0,0,GB,LAR,1669.67157022186,1465.67658728893,0.8246911380592145,24,10,1.0
2015-10-11,2015,0,0,TEN,BUF,1356.47546487822,1532.1164208455,0.3459475122889689,13,14,0.0
2015-10-11,2015,0,0,PHI,NO,1515.31371847065,1452.05038728305,0.6766334285453832,39,17,1.0
2015-10-11,2015,0,0,KC,CHI,1511.0550689889,1383.72958402449,0.7515907712860331,17,18,0.0
2015-10-11,2015,0,0,CIN,SEA,1609.4943092547,1648.35153286273,0.5375516362421028,27,24,1.0
2015-10-11,2015,0,0,DET,ARI,1473.97835065553,1584.57970122473,0.4347486441954968,17,42,0.0
2015-10-11,2015,0,0,OAK,DEN,1406.95572740607,1657.77119033735,0.2554715926681933,10,16,0.0
2015-10-11,2015,0,0,DAL,NE,1551.92466484755,1698.46084167195,0.3847677429094948,6,30,0.0
2015-10-11,2015,0,0,NYG,SF,1513.70556970865,1479.09658172907,0.6395462825165321,30,27,1.0
2015-10-12,2015,0,0,LAC,PIT,1505.12586438926,1573.37437748422,0.4953251500856386,20,24,0.0
2015-10-15,2015,0,0,NO,ATL,1432.8892313962,1562.90721092129,0.4075087799505891,31,21,1.0
2015-10-18,2015,0,0,BUF,CIN,1536.68263086372,1622.16552733404,0.4705568457701955,21,34,0.0
2015-10-18,2015,0,0,MIN,KC,1504.91881661869,1499.63769386828,0.5997853142042944,16,10,1.0
2015-10-18,2015,0,0,TEN,MIA,1351.90925486,1424.81202305877,0.4886289633275723,10,38,0.0
2015-10-18,2015,0,0,NYJ,WSH,1502.27973804676,1384.20456836832,0.7415164693518969,34,20,1.0
2015-10-18,2015,0,0,DET,CHI,1446.22456688756,1395.14695914511,0.6610991905899278,37,34,1.0
2015-10-18,2015,0,0,PIT,ARI,1589.29477099173,1612.3334849927,0.5600952368709863,25,13,1.0
2015-10-18,2015,0,0,JAX,HOU,1331.15206483215,1439.7760420422,0.4375478976191856,20,31,0.0
2015-10-18,2015,0,0,CLE,DEN,1408.95546879716,1666.93933011952,0.2477023178368713,23,26,0.0
2015-10-18,2015,0,0,SEA,CAR,1635.68031478339,1587.02299480469,0.6579707295215647,23,27,0.0
2015-10-18,2015,0,0,GB,LAC,1678.13201218026,1489.20547088175,0.8117954004187402,27,20,1.0
2015-10-18,2015,0,0,SF,BAL,1469.53557454108,1517.94609365484,0.5238560550166481,25,20,1.0
2015-10-18,2015,0,0,IND,NE,1549.39074437171,1722.34600392821,0.34945391939985,27,34,0.0
2015-10-19,2015,0,0,PHI,NYG,1534.4748743575,1523.26657689664,0.6079468931866157,27,7,1.0
2015-10-22,2015,0,0,SF,SEA,1486.47058163095,1613.34727520643,0.4118819580692039,3,20,0.0
2015-10-25,2015,1,0,JAX,BUF,1309.82955695057,1512.07520615831,0.2379014179586208,34,31,1.0
2015-10-25,2015,0,0,DET,MIN,1455.14996571604,1520.01227781511,0.500198148807231,19,28,0.0
2015-10-25,2015,0,0,NE,NYJ,1736.19958091214,1515.20396342858,0.8383934893063842,30,23,1.0
2015-10-25,2015,0,0,TEN,ATL,1319.11987438991,1533.62724377746,0.2972069854338039,7,10,0.0
2015-10-25,2015,0,0,WSH,TB,1371.2803429865,1356.23772091001,0.6131950161401963,31,30,1.0
2015-10-25,2015,0,0,KC,PIT,1484.54423267186,1611.43907457514,0.4118566519479084,23,13,1.0
2015-10-25,2015,0,0,IND,NO,1535.53716738778,1462.16919854003,0.6892274537534738,21,27,0.0
2015-10-25,2015,0,0,MIA,HOU,1457.60140352886,1461.09854992378,0.5875966540914702,44,26,1.0
2015-10-25,2015,0,0,LAR,CLE,1457.21614533053,1402.64155811512,0.6655945795161075,24,6,1.0
2015-10-25,2015,0,0,LAC,OAK,1482.18820281394,1397.7875876239,0.702664639340934,29,37,0.0
2015-10-25,2015,0,0,NYG,DAL,1500.19354039142,1528.03950259129,0.5532660678736437,27,20,1.0
2015-10-25,2015,0,0,CAR,PHI,1609.35603438165,1557.54791086272,0.6620407110775055,27,16,1.0
2015-10-26,2015,0,0,ARI,BAL,1590.18918140929,1501.01108656497,0.7083782170553753,26,18,1.0
2015-10-29,2015,0,0,NE,MIA,1742.14740187074,1481.22686362298,0.8671682159087303,36,7,1.0
2015-11-01,2015,1,0,KC,DET,1513.56687944953,1432.11354795267,0.6151193593295806,45,10,1.0
2015-11-01,2015,0,0,NO,NYG,1490.79297125409,1518.46412505264,0.5535147689475155,52,49,1.0
2015-11-01,2015,0,0,HOU,TEN,1437.47308982966,1311.40390787375,0.7502381124573939,20,6,1.0
2015-11-01,2015,0,0,BAL,LAC,1489.03519731184,1449.0602651137,0.6466358703466271,29,26,1.0
2015-11-01,2015,0,0,PIT,CIN,1582.41642779747,1646.77295203945,0.5009260349962558,10,16,0.0
2015-11-01,2015,0,0,ATL,TB,1541.34321029362,1351.06371127471,0.8129824291077858,20,23,0.0
2015-11-01,2015,0,0,CHI,MIN,1386.22156031663,1543.04869557848,0.3708435958219909,20,23,0.0
2015-11-01,2015,0,0,CLE,ARI,1383.96399549,1602.16507066242,0.2927849773127131,20,34,0.0
2015-11-01,2015,0,0,LAR,SF,1475.89370795565,1463.31209238476,0.609829521874696,27,6,1.0
2015-11-01,2015,0,0,OAK,NYJ,1430.91552532414,1509.25614246998,0.4808107383363018,34,20,1.0
2015-11-01,2015,0,0,DAL,SEA,1509.76891793007,1636.50576445262,0.4120769771354241,12,13,0.0
2015-11-01,2015,0,0,DEN,GB,1673.25324080156,1685.14928024807,0.5758331288127221,29,10,1.0
2015-11-02,2015,0,0,CAR,IND,1625.30516721598,1506.91339467372,0.7418656361775149,29,26,1.0
2015-11-05,2015,0,0,CIN,CLE,1666.2737969302,1369.13884403886,0.889398954491364,31,10,1.0
2015-11-08,2015,0,0,NE,WSH,1750.01725874633,1376.4543526218,0.9258464890068518,27,10,1.0
2015-11-08,2015,0,0,NYJ,JAX,1480.96477427553,1333.09852919695,0.7730048386979768,28,23,1.0
2015-11-08,2015,0,0,NO,TEN,1502.96562893203,1298.95751764162,0.8247020637934614,28,34,0.0
2015-11-08,2015,0,0,CAR,GB,1631.91147070013,1660.33445681518,0.5524449435182026,37,29,1.0
2015-11-08,2015,0,0,MIN,LAR,1552.91869346129,1499.19275206552,0.664506361618862,21,18,1.0
2015-11-08,2015,0,0,BUF,MIA,1488.80623391193,1473.35700674739,0.6137500301382981,33,17,1.0
2015-11-08,2015,0,0,PIT,OAK,1562.91558290672,1459.20689351859,0.7253517024910765,38,35,1.0
2015-11-08,2015,0,0,SF,ATL,1440.01304827489,1515.84368473707,0.4844185080429993,17,16,1.0
2015-11-08,2015,0,0,TB,NYG,1376.56323683126,1506.2914673747,0.4079115557863522,18,32,0.0
2015-11-08,2015,0,0,IND,DEN,1500.30709118957,1698.06806423445,0.3177278137453224,27,24,1.0
2015-11-08,2015,0,0,DAL,PHI,1504.21225036557,1541.59877802839,0.5396555182952582,27,33,0.0
2015-11-09,2015,0,0,LAC,CHI,1439.70912878906,1376.35156243382,0.6767521080310357,19,22,0.0
2015-11-12,2015,0,0,NYJ,BUF,1488.38156007736,1509.92069524332,0.5622210134235738,17,22,0.0
2015-11-15,2015,0,0,TEN,CAR,1335.52475001152,1651.25740620924,0.1910297154282274,10,27,0.0
2015-11-15,2015,0,0,TB,DAL,1355.1017748976,1482.94286298281,0.4105378500143502,10,6,1.0
2015-11-15,2015,0,0,BAL,JAX,1498.38633363648,1325.68174339513,0.7971114374925865,20,22,0.0
2015-11-15,2015,0,0,LAR,CHI,1490.36717722972,1396.27769210954,0.7141840626944597,13,37,0.0
2015-11-15,2015,0,0,GB,DET,1640.98852130607,1405.51384064451,0.8493703712565988,16,18,0.0
2015-11-15,2015,0,0,PHI,MIA,1562.86816541115,1452.242545416,0.7332123500373837,19,20,0.0
2015-11-15,2015,0,0,PIT,CLE,1569.98808999241,1363.2678062259,0.8269477136975224,30,9,1.0
2015-11-15,2015,0,0,WSH,NO,1372.88022013068,1466.39839656213,0.4590509676451875,47,14,1.0
2015-11-15,2015,0,0,OAK,MIN,1452.1343864329,1561.74426829709,0.4361517006449316,14,30,0.0
2015-11-15,2015,0,0,DEN,KC,1677.93661200386,1540.16658675769,0.7626454253855576,13,29,0.0
2015-11-15,2015,0,0,NYG,NE,1527.75292930836,1753.59139123745,0.2837652606628989,26,27,0.0
2015-11-15,2015,0,0,SEA,ARI,1642.06243201712,1616.99022211356,0.6267963222826507,32,39,0.0
2015-11-16,2015,0,0,CIN,HOU,1672.14483474316,1449.91948006179,0.8393503172606155,6,10,0.0
2015-11-19,2015,0,0,JAX,TEN,1345.31768725849,1325.61160697985,0.6195426338442735,19,13,1.0
2015-11-22,2015,0,0,MIA,DAL,1463.28885159375,1463.41089463872,0.5922965921989398,14,24,0.0
2015-11-22,2015,0,0,PHI,TB,1551.8218592334,1374.63374324169,0.8012534412179508,17,45,0.0
2015-11-22,2015,0,0,DET,OAK,1427.1285375331,1427.91134596404,0.591377755090818,18,13,1.0
2015-11-22,2015,0,0,CAR,WSH,1661.17054924091,1411.53289356507,0.8595068352353457,44,16,1.0
2015-11-22,2015,0,0,BAL,LAR,1478.75038977312,1440.80583141141,0.6439606844875417,16,13,1.0
2015-11-22,2015,0,0,CHI,DEN,1445.83903792785,1630.33446411646,0.3345068543471225,15,17,0.0
2015-11-22,2015,0,0,ATL,IND,1508.66084635469,1520.43854342016,0.5759995110428948,21,24,0.0
2015-11-22,2015,0,0,HOU,NYJ,1480.99413798432,1467.82823388928,0.6106295128624811,24,17,1.0
2015-11-22,2015,0,0,LAC,KC,1419.78299911334,1587.76873464509,0.3559849711269465,3,33,0.0
2015-11-22,2015,0,0,SEA,SF,1614.88188207548,1447.19588665727,0.7923991935206023,29,13,1.0
2015-11-22,2015,0,0,MIN,GB,1585.96730876595,1619.37382441748,0.5453417724920674,13,30,0.0
2015-11-22,2015,0,0,ARI,CIN,1644.1707720552,1641.07017682063,0.5967685267678986,34,31,1.0
2015-11-23,2015,0,0,NE,BUF,1757.25721086713,1530.4740214314,0.8428567302576112,20,13,1.0
2015-11-26,2015,0,0,DET,PHI,1441.35629019424,1491.18553083525,0.5218186128188351,45,14,1.0
2015-11-26,2015,0,0,DAL,CAR,1492.67932401905,1669.44832638251,0.3444797027007896,14,33,0.0
2015-11-26,2015,0,0,GB,CHI,1651.357947152,1438.86782047515,0.8316493054483705,13,17,0.0
2015-11-29,2015,0,0,KC,BUF,1611.12437421639,1524.70390035616,0.7050881463364296,30,22,1.0
2015-11-29,2015,0,0,IND,TB,1536.80456702445,1435.27007163984,0.722851354375386,25,12,1.0
2015-11-29,2015,0,0,CIN,LAR,1630.22590879096,1431.37559440455,0.8203682645721945,31,7,1.0
2015-11-29,2015,0,0,WSH,NYG,1403.25511642347,1524.08710967868,0.4203358648766645,20,14,1.0
2015-11-29,2015,0,0,JAX,LAC,1359.57544132363,1396.42735954204,0.5404199497479995,25,31,0.0
2015-11-29,2015,0,0,NYJ,MIA,1452.19038273783,1434.02042221342,0.6174561527411165,38,20,1.0
2015-11-29,2015,0,0,HOU,NO,1496.63198913577,1427.74572312774,0.6836747422649281,24,6,1.0
2015-11-29,2015,0,0,ATL,MIN,1492.2948227504,1553.98318603143,0.5047656840152085,10,20,0.0
2015-11-29,2015,0,0,TEN,OAK,1311.35385291471,1413.6835933029,0.4464839589558192,21,24,0.0
2015-11-29,2015,0,0,SF,ARI,1436.55752044168,1655.01504008487,0.2924794033139223,13,19,0.0
2015-11-29,2015,0,0,SEA,PIT,1625.52024829107,1579.51025419258,0.654533003304101,39,30,1.0
2015-11-29,2015,0,0,DEN,NE,1637.30568156916,1763.02733194237,0.4134935093188113,30,24,1.0
2015-11-30,2015,0,0,CLE,BAL,1353.74564202573,1488.18062677998,0.4013844437752475,27,33,0.0
2015-12-03,2015,0,0,DET,GB,1474.27430220867,1620.72431068184,0.3848851693912887,23,27,0.0
2015-12-06,2015,0,0,TEN,JAX,1299.18123478331,1338.27068252751,0.5372193072536967,42,39,1.0
2015-12-06,2015,0,0,BUF,HOU,1512.57869623817,1514.19137882479,0.5902228568438483,30,21,1.0
2015-12-06,2015,0,0,NYG,NYJ,1500.94019671226,1473.89730316938,0.629446140444298,20,23,0.0
2015-12-06,2015,0,0,TB,ATL,1421.67124546324,1468.05082356356,0.5267713143025645,23,19,1.0
2015-12-06,2015,0,0,CLE,CIN,1338.60242135859,1640.55175483589,0.2035925867158073,3,37,0.0
2015-12-06,2015,0,0,MIA,BAL,1412.31350178187,1503.32384744712,0.4626378773251725,15,13,1.0
2015-12-06,2015,0,0,CHI,SF,1469.50145694531,1425.91696291298,0.651369078933084,20,26,0.0
2015-12-06,2015,0,0,MIN,SEA,1578.22718521827,1640.66538179753,0.5036866646679621,7,38,0.0
2015-12-06,2015,0,0,LAR,ARI,1421.04974835962,1665.65559761357,0.262329794715801,3,27,0.0
2015-12-06,2015,0,0,OAK,KC,1425.8562114343,1623.24957833438,0.3181867144687025,20,34,0.0
2015-12-06,2015,0,0,LAC,DEN,1417.73211833816,1660.77935111184,0.2640697135300716,3,17,0.0
2015-12-06,2015,0,0,NO,CAR,1410.18633343872,1689.08983655244,0.2259491589420927,38,41,0.0
2015-12-06,2015,0,0,NE,PHI,1739.55366239969,1458.26751882082,0.8801006125592327,28,35,0.0
2015-12-06,2015,0,0,PIT,IND,1564.36512068612,1550.40339320105,0.611718173224638,45,10,1.0
2015-12-07,2015,0,0,WSH,DAL,1426.4020293899,1473.03781384912,0.5264036462875314,16,19,0.0
2015-12-10,2015,0,0,ARI,MIN,1681.26906970316,1543.27358413424,0.7628802794181575,23,20,1.0
2015-12-13,2015,0,0,PHI,BUF,1501.70743906744,1530.9211408993,0.5513192647505091,23,20,1.0
2015-12-13,2015,0,0,BAL,SEA,1491.37553125741,1675.61898288156,0.3348298265867547,6,35,0.0
2015-12-13,2015,0,0,LAR,DET,1405.43627627003,1462.32762515019,0.5116671687461399,21,14,1.0
2015-12-13,2015,0,0,TB,NO,1436.7760447979,1404.47682186975,0.6364755278015288,17,24,0.0
2015-12-13,2015,0,0,CIN,PIT,1653.62099264772,1591.22922795426,0.6755347037543743,20,33,0.0
2015-12-13,2015,0,0,CAR,ATL,1694.79934812141,1452.9460242289,0.8540081231306283,38,0,1.0
2015-12-13,2015,0,0,NYJ,TEN,1492.11128666457,1311.86288168153,0.8040439139216702,30,8,1.0
2015-12-13,2015,0,0,CHI,WSH,1442.83518680155,1411.68416579614,0.6349448644729204,21,24,0.0
2015-12-13,2015,0,0,CLE,SF,1325.53318354676,1452.58323305674,0.4116402487148246,24,10,1.0
2015-12-13,2015,0,0,KC,LAC,1639.50467782431,1404.50066634558,0.8490234027973638,10,3,1.0
2015-12-13,2015,0,0,JAX,IND,1325.58903562929,1523.53928593291,0.3174916676591734,51,16,1.0
2015-12-13,2015,0,0,DEN,OAK,1674.01080310442,1409.60111194437,0.8694647640372796,12,15,0.0
2015-12-13,2015,0,0,GB,DAL,1632.67098774032,1487.75567744288,0.7700103521782777,28,7,1.0
2015-12-13,2015,0,0,HOU,NE,1495.84893416366,1696.11374215307,0.3146115992458725,6,27,0.0
2015-12-14,2015,0,0,MIA,NYG,1424.26181797158,1482.72621321707,0.5094043820705864,24,31,0.0
2015-12-17,2015,0,0,LAR,TB,1425.67088804887,1409.0809008397,0.6153055807350529,31,23,1.0
2015-12-19,2015,0,0,DAL,NYJ,1474.77599241522,1503.16719559464,0.5524901791862459,16,19,0.0
2015-12-20,2015,0,0,BAL,KC,1469.77013124542,1645.03013629979,0.3464438692267783,14,34,0.0
2015-12-20,2015,0,0,NYG,CAR,1503.97486989873,1704.18697777189,0.3146770181362744,35,38,0.0
2015-12-20,2015,0,0,JAX,ATL,1377.65086313881,1443.55839457842,0.4986939602426961,17,23,0.0
2015-12-20,2015,0,0,IND,HOU,1471.47745842339,1477.52594848962,0.584033148694852,10,16,0.0
2015-12-20,2015,0,0,WSH,BUF,1430.09313988947,1518.6801869029,0.4661075638338414,35,25,1.0
2015-12-20,2015,0,0,NE,TEN,1714.43672782711,1300.80697275146,0.9402071619752668,33,16,1.0
2015-12-20,2015,0,0,MIN,CHI,1537.2546047915,1424.42621270822,0.7356853981432178,38,17,1.0
2015-12-20,2015,0,0,SEA,CLE,1697.22438289355,1358.32419470519,0.9109294241500132,30,13,1.0
2015-12-20,2015,0,0,OAK,GB,1437.95296436805,1645.65067276798,0.3054593377336697,20,30,0.0
2015-12-20,2015,0,0,SF,CIN,1419.79222189831,1615.77395027702,0.3199522091673146,14,24,0.0
2015-12-20,2015,0,0,LAC,MIA,1398.9752078701,1403.01316128992,0.5868420526795001,30,14,1.0
2015-12-20,2015,0,0,PIT,DEN,1629.07627032496,1645.65895068074,0.5692305469921428,34,27,1.0
2015-12-20,2015,0,0,PHI,ARI,1513.94839306384,1687.2880490459,0.3489510465462047,17,40,0.0
2015-12-21,2015,0,0,NO,DET,1432.17196582795,1442.09301337135,0.5786075696778488,27,35,0.0
2015-12-24,2015,0,0,OAK,LAC,1424.19608144981,1421.75526421742,0.59585425989607,23,20,1.0
2015-12-26,2015,0,0,PHI,WSH,1492.80967150825,1455.97499216975,0.6424945061320151,24,38,0.0
2015-12-27,2015,0,0,ATL,CAR,1462.95866446003,1712.4065047567,0.2569719008595247,20,13,1.0
2015-12-27,2015,0,0,BAL,PIT,1449.68179929903,1646.60568315077,0.3187733066884624,20,17,1.0
2015-12-27,2015,0,0,TEN,HOU,1297.96812004289,1500.88130247386,0.311333572709676,6,34,0.0
2015-12-27,2015,0,0,DET,SF,1468.17255325192,1405.31020226516,0.676128181121517,32,17,1.0
2015-12-27,2015,0,0,MIA,IND,1380.2331049426,1448.12210443915,0.495842491336002,12,18,0.0
2015-12-27,2015,0,0,NYJ,NE,1518.74469116252,1717.27558053568,0.3167678369739491,26,20,1.0
2015-12-27,2015,0,0,KC,CLE,1665.11846824618,1353.97392374057,0.8970863700176489,17,13,1.0
2015-12-27,2015,0,0,BUF,DAL,1492.79833462262,1459.19849684734,0.638206038194573,16,6,1.0
2015-12-27,2015,0,0,TB,CHI,1392.78023259934,1409.30807510145,0.5693079503404405,21,26,0.0
2015-12-27,2015,0,0,NO,JAX,1406.09242594738,1358.2505932572,0.6569135125641626,38,27,1.0
2015-12-27,2015,0,0,ARI,GB,1708.42677060149,1659.40755568622,0.6584393971926324,38,8,1.0
2015-12-27,2015,0,0,SEA,LAR,1701.57465385817,1441.97155628923,0.8662922221155386,17,23,0.0
2015-12-27,2015,0,0,MIN,NYG,1552.37274239827,1495.75534291392,0.6682068453525806,49,17,1.0
2015-12-28,2015,0,0,DEN,CIN,1628.12953785493,1630.25596991017,0.589507395101217,20,17,1.0
2016-01-03,2015,0,0,BUF,NYJ,1509.40493866272,1547.05305991949,0.5392814006273151,22,17,1.0
2016-01-03,2015,0,0,CLE,PIT,1351.14494571652,1626.51321580242,0.2295282088181854,12,28,0.0
2016-01-03,2015,0,0,ATL,NO,1496.68821767263,1422.31129003458,0.6904701245030893,17,20,0.0
2016-01-03,2015,0,0,NYG,PHI,1473.76844702388,1456.32259214716,0.6164711055756771,30,35,0.0
2016-01-03,2015,0,0,DAL,WSH,1442.59189280724,1492.46207153084,0.521759810065757,23,34,0.0
2016-01-03,2015,0,0,CIN,BAL,1619.19092499268,1469.77426664738,0.774567058796919,24,16,1.0
2016-01-03,2015,0,0,MIA,NE,1360.96111384203,1688.96721177871,0.1803489964752596,20,10,1.0
2016-01-03,2015,0,0,HOU,JAX,1520.61150415796,1342.03172917,0.8025260909628146,30,6,1.0
2016-01-03,2015,0,0,CHI,DET,1430.16895693354,1485.14537275394,0.5144210963610366,20,24,0.0
2016-01-03,2015,0,0,IND,TEN,1467.39409553972,1278.23791835879,0.8119972803939984,30,24,1.0
2016-01-03,2015,0,0,SF,LAR,1388.33738276314,1481.52157383197,0.4595284248431613,19,16,1.0
2016-01-03,2015,0,0,KC,OAK,1667.94744627023,1435.06809984077,0.8474489563572077,23,17,1.0
2016-01-03,2015,0,0,ARI,SEA,1730.72919929768,1662.02463631543,0.6834484943075573,6,36,0.0
2016-01-03,2015,0,0,DEN,LAC,1639.19458277242,1410.88324582646,0.8440183389682334,27,20,1.0
2016-01-03,2015,0,0,CAR,TB,1678.6769515441,1371.91935076725,0.8947314369146384,38,10,1.0
2016-01-03,2015,0,0,GB,MIN,1637.10512699003,1574.35963828831,0.6759808536576342,13,20,0.0
2016-01-09,2015,0,1,HOU,KC,1532.05714465938,1673.17645281849,0.3921752102946289,0,30,0.0
2016-01-09,2015,0,1,CIN,PIT,1628.21769304391,1638.3841424379,0.578263098786909,16,18,0.0
2016-01-10,2015,0,1,MIN,SEA,1604.20595160346,1712.00100806875,0.4387225475742664,9,10,0.0
2016-01-10,2015,0,1,WSH,GB,1518.57212379253,1607.25881367488,0.4659648278789957,18,35,0.0
2016-01-16,2015,0,1,NE,KC,1644.32110337201,1699.21018688796,0.5145466721862079,27,20,1.0
2016-01-16,2015,0,1,ARI,GB,1680.75282754436,1633.90812076086,0.655618697792489,26,20,1.0
2016-01-17,2015,0,1,CAR,SEA,1684.74155783108,1717.96694286292,0.5456002845585767,31,24,1.0
2016-01-17,2015,0,1,DEN,PIT,1644.91854054651,1651.41465839155,0.5834070212268251,23,16,1.0
2016-01-24,2015,0,1,CAR,ARI,1703.37045346108,1693.50711983845,0.6061000169621712,49,15,1.0
2016-01-24,2015,0,1,DEN,NE,1661.79535582525,1664.41817614353,0.5888157511369566,20,18,1.0
2016-02-07,2015,1,1,DEN,CAR,1670.58089839598,1730.45773685885,0.4146733928281487,24,10,1.0
2016-09-08,2016,0,0,DEN,CAR,1637.1131581531,1633.57926535012,0.5973685903165816,21,20,1.0
2016-09-11,2016,0,0,NO,OAK,1463.5000309425,1454.89272886167,0.6043725175902244,34,35,0.0
2016-09-11,2016,0,0,KC,LAC,1621.07540941096,1438.43952536825,0.806200247875781,33,27,1.0
2016-09-11,2016,0,0,TEN,MIN,1349.45261461893,1567.16001120619,0.2933737610147757,16,25,0.0
2016-09-11,2016,0,0,JAX,GB,1388.72405911239,1582.43588564451,0.3228019414350037,23,27,0.0
2016-09-11,2016,0,0,NYJ,CIN,1522.16390912172,1578.45811806017,0.5125260190010276,22,23,0.0
2016-09-11,2016,0,0,ATL,TB,1485.83297419564,1412.23649632018,0.6895091338264043,24,31,0.0
2016-09-11,2016,0,0,PHI,CLE,1487.84937758732,1394.51601272069,0.7132947642355569,29,10,1.0
2016-09-11,2016,0,0,HOU,CHI,1505.68227372661,1444.02306103417,0.6746097265718431,23,14,1.0
2016-09-11,2016,0,0,BAL,BUF,1475.49833239743,1518.80808993309,0.5311742785875923,13,7,1.0
2016-09-11,2016,0,0,SEA,MIA,1634.55869815528,1438.73814816582,0.8177837510559275,12,10,1.0
2016-09-11,2016,0,0,IND,DET,1484.30206131341,1502.85315875748,0.5664499241222082,35,39,0.0
2016-09-11,2016,0,0,DAL,NYG,1445.98789369703,1468.87798186004,0.5603060259965222,19,20,0.0
2016-09-11,2016,0,0,ARI,NE,1612.61322429379,1605.4217557152,0.6024221061824361,21,23,0.0
2016-09-12,2016,0,0,WSH,PIT,1496.28187780437,1591.35856207521,0.4568239712556681,16,38,0.0
2016-09-12,2016,0,0,SF,LAR,1437.34460097013,1479.22803675995,0.5332184065631219,28,0,1.0
2016-09-15,2016,0,0,BUF,NYJ,1500.74036864239,1515.03056189808,0.5724634509539628,31,37,0.0
2016-09-18,2016,0,0,NYG,NO,1476.79705056017,1454.83162237086,0.6226034355527189,16,13,1.0
2016-09-18,2016,0,0,CLE,BAL,1378.49145309517,1493.56605368813,0.4284317200547034,20,25,0.0
2016-09-18,2016,0,0,NE,MIA,1619.10740742584,1435.15879718365,0.8073781798244991,31,24,1.0
2016-09-18,2016,0,0,CAR,SF,1628.1662343164,1468.4535569689,0.7847474831623428,46,27,1.0
2016-09-18,2016,0,0,DET,TEN,1521.47974408263,1336.81917189256,0.8080147519294935,15,16,0.0
2016-09-18,2016,0,0,PIT,CIN,1619.61957789839,1585.59146528381,0.6387750906626193,24,16,1.0
2016-09-18,2016,0,0,WSH,DAL,1468.02086198119,1438.0688249969,0.6333435872554716,23,27,0.0
2016-09-18,2016,0,0,HOU,KC,1519.85130489035,1627.85466277461,0.4384273019188696,19,12,1.0
2016-09-18,2016,0,0,ARI,TB,1598.92757258315,1442.84037009731,0.7812012158468061,40,7,1.0
2016-09-18,2016,0,0,LAR,SEA,1448.11908076118,1638.13804913745,0.3274663089008095,9,3,1.0
2016-09-18,2016,0,0,OAK,ATL,1463.56113743332,1455.22910041851,0.6039935782486846,28,35,0.0
2016-09-18,2016,0,0,DEN,IND,1642.52618918682,1465.67547598826,0.8009439645277299,34,20,1.0
2016-09-18,2016,0,0,LAC,JAX,1431.6602720046,1378.9077710768,0.6632559646369608,38,14,1.0
2016-09-18,2016,0,0,MIN,GB,1579.79345393256,1592.2521736801,0.5750417997627891,17,14,1.0
2016-09-19,2016,0,0,CHI,PHI,1429.85402987043,1503.87393721284,0.4870222253964568,14,29,0.0
2016-09-22,2016,0,0,NE,HOU,1626.30397160583,1543.67208108793,0.7005330482221322,27,0,1.0
2016-09-25,2016,0,0,CAR,MIN,1639.86779070197,1591.30096996437,0.6578534813132154,10,22,0.0
2016-09-25,2016,0,0,BUF,ARI,1477.93546892364,1612.94969841038,0.4005835348364058,33,18,1.0
2016-09-25,2016,0,0,JAX,BAL,1358.33040645169,1508.57731154128,0.3797238198240006,17,19,0.0
2016-09-25,2016,0,0,GB,DET,1580.74465764829,1508.84439552573,0.6874148933429614,34,27,1.0
2016-09-25,2016,0,0,NYG,WSH,1486.86280835477,1446.71474604049,0.6468635619800652,27,29,0.0
2016-09-25,2016,0,0,MIA,CLE,1427.96223300366,1363.48019524202,0.6781665050100499,30,24,1.0
2016-09-25,2016,0,0,CIN,DEN,1570.40136875866,1652.23946293243,0.4757869884242022,17,29,0.0
2016-09-25,2016,0,0,TEN,OAK,1349.45452044946,1437.57558077255,0.466775151575308,10,17,0.0
2016-09-25,2016,0,0,SEA,SF,1610.3872576524,1456.75200058333,0.7787791038177273,37,18,1.0
2016-09-25,2016,0,0,TB,LAR,1428.81824427008,1475.86987224623,0.5258068307591971,32,37,0.0
2016-09-25,2016,0,0,PHI,PIT,1530.76991144356,1634.80967442354,0.4440525310975289,34,3,1.0
2016-09-25,2016,0,0,KC,NYJ,1604.03388657703,1537.83546161683,0.6803191438906271,24,3,1.0
2016-09-25,2016,0,0,IND,LAC,1455.96220224265,1452.23763662971,0.5976325563488571,26,22,1.0
2016-09-25,2016,0,0,DAL,CHI,1459.3749409376,1402.95805563971,0.667950890467013,31,17,1.0
2016-09-26,2016,0,0,NO,ATL,1444.76586457626,1481.21465707928,0.5409962486767814,32,45,0.0
2016-09-29,2016,0,0,CIN,MIA,1546.17936559478,1439.79121402967,0.7284137601071181,22,7,1.0
2016-10-02,2016,1,0,JAX,IND,1350.29825589128,1468.52157540222,0.3361389759990202,30,27,1.0
2016-10-02,2016,0,0,ATL,CAR,1510.14450580191,1604.28367578152,0.4581634111420214,48,33,1.0
2016-10-02,2016,0,0,WSH,CLE,1461.64119444571,1351.65121421601,0.7324959880709107,31,20,1.0
2016-10-02,2016,0,0,NE,BUF,1645.00662502492,1512.26675675981,0.7573641060317067,0,16,0.0
2016-10-02,2016,0,0,BAL,OAK,1516.60946210169,1456.78631695685,0.6722853863604287,27,28,0.0
2016-10-02,2016,0,0,HOU,TEN,1524.96942766884,1330.24378426516,0.8168426686911282,27,20,1.0
2016-10-02,2016,0,0,CHI,DET,1385.91456414285,1496.60591512002,0.4346213333702299,17,14,1.0
2016-10-02,2016,0,0,NYJ,SEA,1519.18476597638,1622.44348537793,0.4451627473895508,17,27,0.0
2016-10-02,2016,0,0,TB,DEN,1409.82086966151,1676.46146609631,0.2385334707264165,7,27,0.0
2016-10-02,2016,0,0,LAC,NO,1439.67826347014,1415.83601585363,0.6251386140545293,34,35,0.0
2016-10-02,2016,0,0,SF,DAL,1444.6957728578,1476.41843243446,0.5477440338524103,17,24,0.0
2016-10-02,2016,0,0,ARI,LAR,1578.61841057421,1494.8672468548,0.7018829652231148,13,17,0.0
2016-10-02,2016,0,0,PIT,KC,1595.57815545264,1622.68458221748,0.5543180262039766,43,14,1.0
2016-10-03,2016,0,0,MIN,NYG,1626.88508488482,1471.93635994955,0.7800789712637156,24,10,1.0
2016-10-06,2016,0,0,SF,ARI,1421.56587457604,1554.38730340133,0.4036182377629073,21,33,0.0
2016-10-09,2016,0,0,DET,PHI,1480.59782113438,1570.00143041446,0.46493802420756,24,23,1.0
2016-10-09,2016,0,0,CLE,NE,1339.3363033493,1597.85288184721,0.2471313180154482,13,33,0.0
2016-10-09,2016,0,0,BAL,WSH,1506.72901281089,1473.95610531242,0.6371061923858383,10,16,0.0
2016-10-09,2016,0,0,MIN,HOU,1637.71362679491,1531.78240635773,0.7278931014461605,31,13,1.0
2016-10-09,2016,0,0,PIT,NYJ,1625.38185333183,1498.20061428431,0.7514357115276032,31,13,1.0
2016-10-09,2016,0,0,MIA,TEN,1425.81970725833,1323.43080557627,0.7238356040274,17,30,0.0
2016-10-09,2016,0,0,IND,CHI,1449.07016194291,1401.92265812849,0.6560121394203963,29,23,1.0
2016-10-09,2016,0,0,DEN,ATL,1689.76641364488,1540.59360680864,0.7743218562989314,16,23,0.0
2016-10-09,2016,0,0,OAK,LAC,1466.66676624765,1430.64730642239,0.6414158770818885,34,31,1.0
2016-10-09,2016,0,0,DAL,CIN,1499.54833071622,1560.15087236612,0.5063281133658004,28,14,1.0
2016-10-09,2016,0,0,LAR,BUF,1519.09835402768,1559.42049993752,0.535454683243184,19,30,0.0
2016-10-09,2016,0,0,GB,NYG,1592.983138054,1461.10781803946,0.7564483908413788,23,16,1.0
2016-10-10,2016,0,0,CAR,TB,1573.83457477479,1396.51592211294,0.8013730765424998,14,17,0.0
2016-10-13,2016,0,0,LAC,DEN,1421.14172036552,1654.09014243301,0.2755210184616251,21,13,1.0
2016-10-16,2016,0,0,NO,CAR,1424.86697290138,1548.8655903884,0.4159009744943029,41,38,1.0
2016-10-16,2016,0,0,BUF,SF,1586.33348652405,1401.4798773437,0.808187071545931,45,16,1.0
2016-10-16,2016,0,0,DET,LAR,1488.09855742315,1492.18536744115,0.5867738617100716,31,28,1.0
2016-10-16,2016,0,0,TEN,CLE,1364.78191349078,1325.50499698655,0.6457172025034782,28,26,1.0
2016-10-16,2016,0,0,CHI,JAX,1389.1846054784,1369.74966935059,0.6191746624275078,16,17,0.0
2016-10-16,2016,0,0,WSH,PHI,1499.90433043487,1562.50069412569,0.5034590555237098,27,20,1.0
2016-10-16,2016,0,0,NYG,BAL,1451.81077263475,1480.78078768844,0.5516662387402999,27,23,1.0
2016-10-16,2016,0,0,MIA,PIT,1384.46859934382,1638.84355271558,0.2515938254049754,30,15,1.0
2016-10-16,2016,0,0,NE,CIN,1611.68418820996,1533.46644535418,0.6951753874493141,35,17,1.0
2016-10-16,2016,0,0,OAK,KC,1476.17235230452,1592.88088433829,0.4261300460213978,10,26,0.0
2016-10-16,2016,0,0,SEA,ATL,1643.42763707,1576.26987802051,0.6815189789360225,26,24,1.0
2016-10-16,2016,0,0,GB,DAL,1602.28018345871,1526.23275772816,0.692521527963298,16,30,0.0
2016-10-16,2016,0,0,HOU,IND,1516.91360937424,1461.808214593,0.6662743399108195,26,23,1.0
2016-10-17,2016,0,0,ARI,NYJ,1574.47330063367,1484.73891490056,0.7090392950966324,28,3,1.0
2016-10-20,2016,0,0,GB,CHI,1562.20308027225,1380.25844013844,0.8055777870050607,26,10,1.0
2016-10-23,2016,1,0,LAR,NYG,1481.03698059094,1466.00954265874,0.5216127457661307,10,17,0.0
2016-10-23,2016,0,0,PHI,MIN,1541.87267417379,1652.5824237784,0.4345953085000249,21,10,1.0
2016-10-23,2016,0,0,MIA,BUF,1429.8778570291,1598.05064366912,0.3557381534464598,28,25,1.0
2016-10-23,2016,0,0,TEN,IND,1372.21403027199,1453.0343683365,0.4772484255712541,26,34,0.0
2016-10-23,2016,0,0,CIN,CLE,1516.61284784086,1318.07288020534,0.820104847853037,31,17,1.0
2016-10-23,2016,0,0,DET,WSH,1499.24694427336,1520.53235038677,0.5625804715751693,20,17,1.0
2016-10-23,2016,0,0,KC,NO,1616.47273109939,1441.50790571363,0.7992074998857651,27,21,1.0
2016-10-23,2016,0,0,JAX,OAK,1378.67583469055,1452.58050554342,0.4871879537325558,16,33,0.0
2016-10-23,2016,0,0,NYJ,BAL,1467.02522492859,1466.58201766445,0.5930820978091019,24,16,1.0
2016-10-23,2016,0,0,ATL,LAC,1569.66867999606,1455.60988732379,0.7370603558617158,30,33,0.0
2016-10-23,2016,0,0,SF,TB,1389.76272019863,1421.48490649934,0.5477447087409252,17,34,0.0
2016-10-23,2016,0,0,PIT,NE,1593.4342950303,1628.53778572328,0.5429186580874771,16,27,0.0
2016-10-23,2016,0,0,ARI,SEA,1592.18699060564,1650.02883509445,0.5102999565364129,6,6,0.5
2016-10-24,2016,0,0,DEN,HOU,1619.62197547474,1525.68745563074,0.7140019376607991,27,9,1.0
2016-10-27,2016,0,0,TEN,JAX,1351.39132822596,1350.62628139075,0.5935291330269141,36,22,1.0
2016-10-30,2016,1,0,CIN,WSH,1525.31384916877,1508.64079430229,0.5239760524687259,27,27,0.5
2016-10-30,2016,0,0,CAR,ARI,1532.22465757615,1591.87285762898,0.5077012501429993,30,20,1.0
2016-10-30,2016,0,0,HOU,DET,1509.98012303296,1511.13850035784,0.5908552170192628,20,13,1.0
2016-10-30,2016,0,0,IND,KC,1473.85707038253,1623.51867824973,0.3805177105399285,14,30,0.0
2016-10-30,2016,0,0,BUF,NE,1579.30899027587,1655.89154850036,0.4833375310982783,25,41,0.0
2016-10-30,2016,0,0,TB,OAK,1453.63493350992,1480.63005884322,0.554476305966324,24,30,0.0
2016-10-30,2016,0,0,NO,SEA,1434.46195856329,1650.34296807111,0.2955579993137557,25,20,1.0
2016-10-30,2016,0,0,CLE,NYJ,1309.37187887743,1484.39046302529,0.3467585998241965,28,31,0.0
2016-10-30,2016,0,0,DEN,LAC,1635.32930807252,1477.85617281838,0.7825618148652332,27,19,1.0
2016-10-30,2016,0,0,ATL,GB,1547.42239450147,1572.10806233231,0.557758004371752,33,32,1.0
2016-10-30,2016,0,0,DAL,PHI,1566.30986091462,1570.56844838934,0.5865340791234456,29,23,1.0
2016-10-31,2016,0,0,CHI,MIN,1370.35345807838,1623.88664956285,0.252507316897692,20,10,1.0
2016-11-03,2016,0,0,TB,ATL,1431.67637931333,1553.44284737797,0.4190257509694112,28,43,0.0
2016-11-06,2016,0,0,BAL,PIT,1449.21677956775,1566.08053225322,0.4259115557266248,21,14,1.0
2016-11-06,2016,0,0,KC,JAX,1644.28143167602,1329.25040455754,0.8991335710444254,19,14,1.0
2016-11-06,2016,0,0,MIA,NYJ,1448.61951042235,1493.54676063078,0.5288549118377328,27,23,1.0
2016-11-06,2016,0,0,MIN,DET,1584.67844428615,1494.60250393924,0.709444749386097,16,22,0.0
2016-11-06,2016,0,0,CLE,DAL,1300.21558127194,1581.96887047655,0.2230929472671141,10,35,0.0
2016-11-06,2016,0,0,NYG,PHI,1487.85200519856,1554.90943882741,0.4970391496073953,28,23,1.0
2016-11-06,2016,0,0,SF,NO,1357.61269318805,1461.56452692011,0.444177490647532,23,41,0.0
2016-11-06,2016,0,0,LAR,CAR,1459.19451805112,1555.77698024188,0.4546739592706506,10,13,0.0
2016-11-06,2016,0,0,GB,IND,1566.08760945581,1453.09431695624,0.7358699394358919,26,31,0.0
2016-11-06,2016,0,0,LAC,TEN,1469.17848604903,1372.76720505917,0.7169044355227803,43,35,1.0
2016-11-06,2016,0,0,OAK,DEN,1502.58861303981,1644.00699484187,0.3917649007060982,30,20,1.0
2016-11-07,2016,0,0,SEA,BUF,1623.24039971429,1552.06446039896,0.6865182619259577,31,25,1.0
2016-11-10,2016,0,0,BAL,CLE,1473.66889143401,1286.98222065322,0.8098175253259497,28,7,1.0
2016-11-13,2016,0,0,NO,DEN,1487.26653349603,1613.78762465081,0.4123779057574656,23,25,0.0
2016-11-13,2016,0,0,NYJ,LAR,1478.51830457792,1446.76668888109,0.6357458573624079,6,9,0.0
2016-11-13,2016,0,0,TEN,GB,1361.1770684199,1537.39626792989,0.345194735430939,47,25,1.0
2016-11-13,2016,0,0,PHI,ATL,1536.86887001286,1576.09409989695,0.5370249781700216,24,15,1.0
2016-11-13,2016,0,0,TB,CHI,1409.02512679435,1409.56166335508,0.591720287104015,36,10,1.0
2016-11-13,2016,0,0,WSH,MIN,1509.37202736175,1554.97431312962,0.5278865855767668,26,20,1.0
2016-11-13,2016,0,0,JAX,HOU,1326.16825221069,1526.51611945156,0.3145085092104611,21,24,0.0
2016-11-13,2016,0,0,CAR,KC,1568.20480941191,1647.36358402287,0.4796351577533889,17,20,0.0
2016-11-13,2016,0,0,LAC,MIA,1480.7686226883,1463.64796647521,0.6160284052535772,24,31,0.0
2016-11-13,2016,0,0,ARI,SF,1568.32053496325,1331.91068661212,0.8500578125634007,23,20,1.0
2016-11-13,2016,0,0,PIT,DAL,1541.62842038696,1595.20223109527,0.5164376824726253,30,35,0.0
2016-11-13,2016,0,0,NE,SEA,1683.13607837727,1634.72939784899,0.6576459610247167,24,31,0.0
2016-11-14,2016,0,0,NYG,CIN,1505.89257401311,1524.58261610931,0.566253487986414,21,20,1.0
2016-11-17,2016,0,0,CAR,NO,1554.99153718529,1478.45215134813,0.6931242215488334,23,20,1.0
2016-11-20,2016,0,0,CLE,PIT,1276.43196035904,1523.02515804982,0.2601220155951935,9,24,0.0
2016-11-20,2016,0,0,DAL,BAL,1613.80549343241,1484.21915172819,0.7540126483420803,27,17,1.0
2016-11-20,2016,0,0,KC,TB,1660.57685624949,1435.17146452499,0.8418033843927486,17,19,0.0
2016-11-20,2016,0,0,NYG,CHI,1511.78161328668,1383.41532562444,0.7527076803791376,22,16,1.0
2016-11-20,2016,0,0,CIN,BUF,1518.69357683574,1540.57546226426,0.5617353351716039,12,16,0.0
2016-11-20,2016,0,0,DET,JAX,1524.30663509577,1317.95360433138,0.8266449689845752,26,19,1.0
2016-11-20,2016,0,0,MIN,ARI,1536.7610959741,1571.97687956398,0.5427582418678359,30,24,1.0
2016-11-20,2016,0,0,IND,TEN,1481.78565848216,1404.42625820656,0.6941273449147168,24,17,1.0
2016-11-20,2016,0,0,LAR,MIA,1465.20414960363,1490.2612778812,0.5572304982043669,10,14,0.0
2016-11-20,2016,0,0,SEA,PHI,1663.56664083529,1557.94276010827,0.7275425461329202,26,15,1.0
2016-11-20,2016,0,0,SF,NE,1328.25434201139,1654.29883539097,0.1820242311008234,17,30,0.0
2016-11-20,2016,0,0,WSH,GB,1527.58524451727,1494.14707814323,0.637991123082221,42,24,1.0
2016-11-21,2016,1,0,OAK,HOU,1532.80798323087,1534.73076733087,0.4972329194960204,27,20,1.0
2016-11-24,2016,0,0,DET,MIN,1530.72465491425,1554.3184274556,0.5593078320675211,16,13,1.0
2016-11-24,2016,0,0,DAL,WSH,1624.64389315397,1547.990480907,0.6932638197330969,31,26,1.0
2016-11-24,2016,0,0,IND,PIT,1493.73341911891,1536.34955793976,0.532168470752004,7,28,0.0
2016-11-27,2016,0,0,MIA,SF,1508.5295109911,1319.6659622271,0.8117399926451875,31,24,1.0
2016-11-27,2016,0,0,ATL,ARI,1555.02020980154,1554.41954808248,0.5933008213829432,38,19,1.0
2016-11-27,2016,0,0,CHI,TEN,1374.56871487847,1392.47849756981,0.5673563257964304,21,27,0.0
2016-11-27,2016,0,0,NO,LAR,1470.45805686166,1446.93591649373,0.6247066990703153,49,21,1.0
2016-11-27,2016,0,0,HOU,LAC,1513.80298153756,1454.15531128231,0.672062801458083,13,21,0.0
2016-11-27,2016,0,0,BAL,CIN,1473.38075200663,1500.25054634037,0.5546545236979405,19,14,1.0
2016-11-27,2016,0,0,CLE,NYG,1263.1075604691,1520.62822403265,0.2481995210666396,13,27,0.0
2016-11-27,2016,0,0,BUF,JAX,1559.01849275963,1311.5355845129,0.8580023360642809,28,21,1.0
2016-11-27,2016,0,0,TB,SEA,1456.48063857903,1676.13269112852,0.2910584912615357,14,5,1.0
2016-11-27,2016,0,0,OAK,CAR,1553.73576902418,1562.98563167176,0.5795493211166454,35,32,1.0
2016-11-27,2016,0,0,NYJ,NE,1460.08084385538,1662.88721517526,0.3114654157973981,17,22,0.0
2016-11-27,2016,0,0,DEN,KC,1622.60200679871,1639.26768219545,0.569113393485065,27,30,0.0
2016-11-28,2016,0,0,PHI,GB,1545.37670981504,1473.7418417535,0.6870865271810224,13,27,0.0
2016-12-01,2016,0,0,MIN,DAL,1542.32556394159,1634.97090735583,0.4602989043788489,15,17,0.0
2016-12-04,2016,0,0,CIN,PHI,1484.56339517385,1505.69917029987,0.5627924231382907,32,14,1.0
2016-12-04,2016,0,0,CHI,SF,1352.00526358086,1312.6464480713,0.6458250467310644,26,6,1.0
2016-12-04,2016,0,0,BAL,MIA,1489.06790317315,1515.5490251469,0.5552071170739626,38,6,1.0
2016-12-04,2016,0,0,GB,HOU,1513.41938126867,1482.49571535275,0.6346414533477158,21,13,1.0
2016-12-04,2016,0,0,NO,DET,1494.75488841852,1542.71751842826,0.5244991120264744,13,28,0.0
2016-12-04,2016,0,0,NE,LAR,1673.39070642128,1422.63908493687,0.8602793922861076,26,10,1.0
2016-12-04,2016,0,0,ATL,KC,1578.68189145898,1655.40131423638,0.4831407885052392,28,29,0.0
2016-12-04,2016,0,0,JAX,DEN,1306.36454952971,1606.46837475778,0.20532055019142,10,20,0.0
2016-12-04,2016,0,0,OAK,BUF,1565.10502903529,1564.18952774282,0.5937380612040125,38,24,1.0
2016-12-04,2016,0,0,LAC,TB,1485.46257746712,1491.59716664061,0.5839127370065915,21,28,0.0
2016-12-04,2016,0,0,ARI,WSH,1530.75786642504,1537.66346670514,0.5828340144428168,31,23,1.0
2016-12-04,2016,0,0,PIT,NYG,1569.58683675523,1532.98925314294,0.6421809495191527,24,14,1.0
2016-12-04,2016,0,0,SEA,CAR,1641.01616306694,1551.61637166065,0.7086417799563071,40,7,1.0
2016-12-05,2016,0,0,NYJ,IND,1449.57735260936,1460.49614030344,0.5772065671712475,10,41,0.0
2016-12-08,2016,0,0,KC,OAK,1662.06357779674,1586.46849994799,0.691966782477307,21,13,1.0
2016-12-11,2016,0,0,IND,HOU,1501.51335098473,1467.11101821882,0.6392720015941309,17,22,0.0
2016-12-11,2016,0,0,TEN,DEN,1415.04194886742,1615.36443723812,0.3145400065750748,13,10,1.0
2016-12-11,2016,0,0,CAR,LAC,1532.41525649953,1460.5106916958,0.6874202154066379,28,16,1.0
2016-12-11,2016,0,0,JAX,MIN,1297.46848704937,1532.3372767533,0.273319918232695,16,25,0.0
2016-12-11,2016,0,0,PHI,WSH,1480.4558580044,1519.80295401711,0.5368505558648651,22,27,0.0
2016-12-11,2016,0,0,BUF,PIT,1542.82605683012,1585.98959764361,0.5313838778681033,20,27,0.0
2016-12-11,2016,0,0,CLE,CIN,1250.74653135881,1509.80670746932,0.2465495680182731,10,23,0.0
2016-12-11,2016,0,0,MIA,ARI,1484.97981506654,1548.61837911307,0.5019592538041919,26,23,1.0
2016-12-11,2016,0,0,DET,CHI,1572.02891997259,1372.59446945165,0.8208632514472118,20,17,1.0
2016-12-11,2016,0,0,SF,NYJ,1292.05724220051,1408.56014192807,0.426419540719087,17,23,0.0
2016-12-11,2016,0,0,TB,NO,1516.54905241193,1465.44348687419,0.6611352473407618,16,11,1.0
2016-12-11,2016,0,0,GB,SEA,1528.8040784026,1660.21727822806,0.4055710531493314,38,10,1.0
2016-12-11,2016,0,0,LAR,ATL,1415.71560146549,1572.01962789862,0.3715464508630453,14,42,0.0
2016-12-11,2016,0,0,NYG,DAL,1516.58649225456,1644.95919454412,0.4097974913209822,10,7,1.0
2016-12-12,2016,0,0,NE,BAL,1680.31418989266,1519.63711325351,0.7856837586480082,30,23,1.0
2016-12-15,2016,0,0,SEA,LAR,1618.93880902927,1391.69054882778,0.8432109930770122,24,3,1.0
2016-12-17,2016,0,0,NYJ,MIA,1424.77600420132,1498.77989666079,0.4870452571664712,13,34,0.0
2016-12-18,2016,0,0,CIN,PIT,1521.7650416197,1608.31078443174,0.4690328701083027,20,24,0.0
2016-12-18,2016,0,0,MIN,IND,1544.02191700482,1477.52086830899,0.6806978928919845,6,34,0.0
2016-12-18,2016,0,0,NYG,DET,1533.43573595064,1576.46271435928,0.5315796278435396,17,6,1.0
2016-12-18,2016,0,0,KC,TEN,1674.78683742999,1435.2925545942,0.8523068736019647,17,19,0.0
2016-12-18,2016,0,0,HOU,JAX,1491.10350089456,1285.78384679785,0.8257908601150217,21,20,1.0
2016-12-18,2016,0,0,BUF,CLE,1520.50487004199,1238.78819720843,0.8803618879534574,33,13,1.0
2016-12-18,2016,0,0,BAL,PHI,1511.55320283398,1460.99074545315,0.6604344745711226,27,26,1.0
2016-12-18,2016,0,0,CHI,GB,1368.16067506496,1570.08254760139,0.3125583768468329,27,30,0.0
2016-12-18,2016,0,0,ATL,SF,1596.04468053633,1275.84137992726,0.9018019388233772,41,13,1.0
2016-12-18,2016,0,0,ARI,NO,1534.81829751881,1453.90894281473,0.6984487380617704,41,48,0.0
2016-12-18,2016,0,0,DEN,NE,1595.11383151134,1688.39810031219,0.4593853483611341,3,16,0.0
2016-12-18,2016,0,0,LAC,OAK,1445.41505685139,1573.74524031474,0.4098566906653421,16,19,0.0
2016-12-18,2016,0,0,DAL,TB,1628.10995084804,1528.08359647139,0.7211087543536184,26,20,1.0
2016-12-19,2016,0,0,WSH,CAR,1539.26806656836,1547.51089134394,0.5809612262523596,15,26,0.0
2016-12-22,2016,0,0,PHI,NYG,1456.51829817542,1556.48514249145,0.4498478811025803,24,19,1.0
2016-12-24,2016,0,0,CHI,WSH,1360.00246126279,1509.63077419132,0.3805628906859885,21,41,0.0
2016-12-24,2016,0,0,NE,NYJ,1712.33721286535,1394.78917929943,0.9004400397463441,41,3,1.0
2016-12-24,2016,0,0,JAX,TEN,1283.63306713931,1457.0279738279,0.3488787943892603,38,17,1.0
2016-12-24,2016,0,0,CAR,ATL,1577.14818372098,1601.67252595983,0.5579870602451288,16,33,0.0
2016-12-24,2016,0,0,GB,MIN,1578.24076140356,1495.26535771824,0.7009477198245047,38,25,1.0
2016-12-24,2016,0,0,BUF,MIA,1526.79791414006,1528.76672156268,0.5897269479517439,31,34,0.0
2016-12-24,2016,0,0,CLE,LAC,1232.49515311036,1434.36938219699,0.3126173084409271,20,17,1.0
2016-12-24,2016,0,0,OAK,IND,1584.79091496914,1526.27742759557,0.6706222594336713,33,25,1.0
2016-12-24,2016,0,0,NO,TB,1485.01996815111,1517.98701492895,0.5459689458384809,31,24,1.0
2016-12-24,2016,0,0,LAR,SF,1383.13432860215,1270.21353450375,0.7357888161065826,21,22,0.0
2016-12-24,2016,0,0,SEA,ARI,1627.4950292549,1503.70727218243,0.7477691726698092,31,34,0.0
2016-12-24,2016,0,0,HOU,CIN,1493.2542805531,1506.81388044105,0.5734924606367567,12,10,1.0
2016-12-25,2016,0,0,PIT,BAL,1623.26194561039,1516.02565011171,0.7293785355706215,31,27,1.0
2016-12-25,2016,0,0,KC,DEN,1653.05141819629,1571.17471895818,0.6996202636799423,33,10,1.0
2016-12-26,2016,0,0,DAL,DET,1638.20653239048,1553.41330781847,0.7031366067075849,42,21,1.0
2017-01-01,2016,0,0,MIA,NE,1545.5996983226,1718.55151675203,0.3494584226459646,14,35,0.0
2017-01-01,2016,0,0,CIN,BAL,1497.65666595163,1507.947141404,0.5780889742518182,27,10,1.0
2017-01-01,2016,0,0,IND,JAX,1512.57251806428,1325.9719890474,0.8097411428310074,24,20,1.0
2017-01-01,2016,0,0,MIN,CHI,1480.47580376012,1337.68818846118,0.7678341306389657,38,10,1.0
2017-01-01,2016,0,0,TEN,HOU,1414.68905191981,1502.41149504252,0.4673463181193189,24,17,1.0
2017-01-01,2016,0,0,TB,CAR,1499.37538758249,1544.28781702773,0.5288761695442133,17,16,1.0
2017-01-01,2016,0,0,PIT,CLE,1631.3404543181,1252.81783510952,0.9277829353098171,27,24,1.0
2017-01-01,2016,0,0,PHI,DAL,1476.55151184808,1655.38896488899,0.3417959527148345,27,13,1.0
2017-01-01,2016,0,0,NYJ,BUF,1388.57487541275,1509.96493738014,0.4195533281203311,30,10,1.0
2017-01-01,2016,0,0,SF,SEA,1281.31123900655,1604.81634856865,0.1842108307890184,23,25,0.0
2017-01-01,2016,0,0,WSH,NYG,1531.94504699293,1536.45192881879,0.5861874147984198,10,19,0.0
2017-01-01,2016,0,0,DEN,OAK,1553.27714011957,1598.49582450043,0.5284368810163147,24,6,1.0
2017-01-01,2016,0,0,ATL,NO,1634.53289265308,1503.63159549757,0.7554139183894961,38,32,1.0
2017-01-01,2016,0,0,LAC,KC,1414.04670019783,1670.9489970349,0.248864326140592,27,37,0.0
2017-01-01,2016,0,0,LAR,ARI,1372.03662409935,1526.38595286868,0.374177598251475,6,44,0.0
2017-01-01,2016,0,0,DET,GB,1536.23087531996,1593.03031536168,0.5117993633593916,24,31,0.0
2017-01-07,2016,0,1,HOU,OAK,1480.02786445898,1570.97351496853,0.4627304625605866,27,14,1.0
2017-01-07,2016,0,1,SEA,DET,1608.43828792986,1514.86610039566,0.7135758303590081,26,6,1.0
2017-01-08,2016,0,1,PIT,MIA,1633.00679936409,1525.00637583463,0.730245893557797,30,12,1.0
2017-01-08,2016,0,1,GB,NYG,1614.39509028598,1564.21012031477,0.659946987888382,38,13,1.0
2017-01-14,2016,0,1,ATL,SEA,1643.27343289149,1624.70621981451,0.6179961516903755,36,20,1.0
2017-01-14,2016,0,1,NE,HOU,1739.14483924,1508.72399383035,0.8456103518739817,34,16,1.0
2017-01-15,2016,0,1,DAL,GB,1617.79468316369,1635.45117196347,0.5677141946864086,31,34,0.0
2017-01-15,2016,0,1,KC,PIT,1681.92646298258,1647.73417905969,0.638993123363053,16,18,0.0
2017-01-22,2016,0,1,ATL,GB,1664.12726603019,1651.5377308735,0.6098403691045159,44,21,1.0
2017-01-22,2016,0,1,NE,PIT,1747.16032069491,1662.43721468854,0.7030523468575851,36,17,1.0
2017-02-05,2016,1,1,ATL,NE,1688.08141789649,1763.81816829203,0.3927002766894804,28,34,0.0
2017-09-07,2017,0,0,NE,KC,1687.39515418986,1613.14895156915,0.6903092733781301,27,42,0.0
2017-09-10,2017,0,0,DET,ARI,1500.73211234067,1536.82159349085,0.5415098192674165,35,23,1.0
2017-09-10,2017,0,0,CLE,PIT,1335.76766004235,1598.85291139428,0.2422707246998761,18,21,0.0
2017-09-10,2017,0,0,CHI,ATL,1383.93471551954,1617.20456993582,0.2751518323702045,17,23,0.0
2017-09-10,2017,0,0,CIN,BAL,1515.96963836647,1491.09956653729,0.6265240896346215,0,20,0.0
2017-09-10,2017,0,0,BUF,NYJ,1484.12768300401,1451.56552552459,0.6368256574879062,21,12,1.0
2017-09-10,2017,0,0,TEN,OAK,1459.7151216689,1529.85159039811,0.4926085657911281,16,26,0.0
2017-09-10,2017,0,0,HOU,JAX,1502.13900825029,1381.98420059502,0.7438043748839345,7,29,0.0
2017-09-10,2017,0,0,WSH,PHI,1504.45790366463,1511.09719571559,0.5832066967999825,17,30,0.0
2017-09-10,2017,0,0,LAR,IND,1398.79345782117,1513.71213747943,0.4286515251383718,46,9,1.0
2017-09-10,2017,0,0,GB,SEA,1586.7223860048,1570.90159111721,0.6142569599664698,17,9,1.0
2017-09-10,2017,0,0,SF,CAR,1353.45953309689,1526.87716569192,0.3488490774047549,3,23,0.0
2017-09-10,2017,0,0,DAL,NYG,1569.47208283577,1530.43602575819,0.6453999540964147,19,3,1.0
2017-09-11,2017,0,0,MIN,NO,1498.17461262799,1498.26070350611,0.5923465675721757,29,19,1.0
2017-09-11,2017,0,0,DEN,LAC,1555.53296643431,1437.04615616677,0.7419703889039677,24,21,1.0
2017-09-14,2017,0,0,CIN,HOU,1476.19553184304,1451.20876792212,0.6266812563457278,9,13,0.0
2017-09-17,2017,0,0,CAR,BUF,1547.12110615391,1500.14228886709,0.6557929816608513,9,3,1.0
2017-09-17,2017,0,0,NO,NE,1479.27082034836,1646.52975669258,0.3569447228847974,20,36,0.0
2017-09-17,2017,0,0,JAX,TEN,1432.91444092319,1436.14567560873,0.5879675365901478,16,37,0.0
2017-09-17,2017,0,0,PIT,MIN,1605.01523432686,1517.16449578574,0.7067972664987885,26,9,1.0
2017-09-17,2017,0,0,BAL,CLE,1530.87367306072,1329.60533710977,0.8224103244171534,24,10,1.0
2017-09-17,2017,0,0,IND,ARI,1471.18049528782,1513.60658341342,0.5324408339725676,13,16,0.0
2017-09-17,2017,0,0,KC,PHI,1654.01434906643,1542.71834695131,0.733966542862891,27,20,1.0
2017-09-17,2017,0,0,TB,CHI,1505.56497071489,1373.98715289096,0.7561327400790052,29,7,1.0
2017-09-17,2017,0,0,OAK,NYJ,1553.42103645828,1435.55091966151,0.7412901618091522,45,20,1.0
2017-09-17,2017,0,0,LAC,MIA,1430.44279687557,1508.51933075935,0.4811902359232221,17,19,0.0
2017-09-17,2017,0,0,LAR,WSH,1441.32510001278,1472.83675242891,0.5480449112837863,20,27,0.0
2017-09-17,2017,0,0,SEA,SF,1554.55097735575,1333.2155926349,0.8386583127727101,12,9,1.0
2017-09-17,2017,0,0,DEN,DAL,1562.13632572551,1588.65795167924,0.5551495370502262,42,17,1.0
2017-09-17,2017,0,0,ATL,GB,1627.1521325644,1603.07299976626,0.6254581108113659,34,23,1.0
2017-09-18,2017,0,0,NYG,DET,1511.25015691472,1523.9471224181,0.5747066251401693,10,24,0.0
2017-09-21,2017,0,0,SF,LAR,1329.25741740479,1418.18024243761,0.465626592388089,39,41,0.0
2017-09-24,2017,1,0,JAX,BAL,1395.51575651439,1539.4536629123,0.3039468453023249,44,7,1.0
2017-09-24,2017,0,0,NYJ,MIA,1419.98663381241,1519.0296885912,0.4511642936781934,20,6,1.0
2017-09-24,2017,0,0,MIN,TB,1501.31629300764,1519.60346869271,0.5668229919158423,34,17,1.0
2017-09-24,2017,0,0,IND,CLE,1456.2650553972,1321.02534725819,0.7599987063306345,31,28,1.0
2017-09-24,2017,0,0,CHI,PIT,1359.94865491314,1620.86343710496,0.2445717394054103,23,17,1.0
2017-09-24,2017,0,0,CAR,NO,1559.86820431743,1459.94318365896,0.7209914264444628,13,34,0.0
2017-09-24,2017,0,0,BUF,DEN,1487.39519070357,1590.62536269073,0.4452033366198632,26,16,1.0
2017-09-24,2017,0,0,NE,HOU,1665.85739338198,1472.24114840773,0.8158852891560231,36,33,1.0
2017-09-24,2017,0,0,DET,ATL,1555.83184095078,1645.04180320981,0.4652153451081692,26,30,0.0
2017-09-24,2017,0,0,PHI,NYG,1532.47515967278,1479.36543838204,0.663715085530082,27,24,1.0
2017-09-24,2017,0,0,TEN,SEA,1473.54436001753,1558.50915258586,0.4712999364426817,33,27,1.0
2017-09-24,2017,0,0,LAC,KC,1419.93243904372,1664.25753634496,0.2626426583590595,10,24,0.0
2017-09-24,2017,0,0,GB,CIN,1585.18332912085,1455.16315135743,0.7544755589296178,27,24,1.0
2017-09-24,2017,0,0,WSH,OAK,1495.98161000408,1568.98532230738,0.4884837691811254,27,10,1.0
2017-09-25,2017,0,0,ARI,DAL,1528.52202330404,1560.16891471402,0.5478520765419015,17,28,0.0
2017-09-28,2017,0,0,GB,CHI,1591.43640483965,1392.22263321951,0.8206763773931867,35,14,1.0
2017-10-01,2017,1,0,MIA,NO,1488.83699038505,1508.12768090446,0.4722669574594874,0,20,0.0
2017-10-01,2017,0,0,MIN,DET,1525.83650466024,1541.02013253791,0.5712042344329367,7,14,0.0
2017-10-01,2017,0,0,NYJ,JAX,1450.17933201856,1449.69989157189,0.5931324334216449,23,20,1.0
2017-10-01,2017,0,0,NE,CAR,1670.42518072269,1511.68370707193,0.7838016054741375,30,33,0.0
2017-10-01,2017,0,0,DAL,LAR,1587.81527279565,1428.30105058126,0.7845544475430118,30,35,0.0
2017-10-01,2017,0,0,CLE,CIN,1314.92622836033,1448.91007563863,0.4020085868142639,7,31,0.0
2017-10-01,2017,0,0,BAL,PIT,1485.2695278548,1588.58945879859,0.4450757181778612,9,26,0.0
2017-10-01,2017,0,0,ATL,BUF,1659.85351162268,1514.47261045787,0.770484649388874,17,23,0.0
2017-10-01,2017,0,0,HOU,TEN,1467.67336106702,1494.30885221605,0.554987659581259,57,14,1.0
2017-10-01,2017,0,0,TB,NYG,1495.08325704011,1470.51669642621,0.6261151805930673,25,23,1.0
2017-10-01,2017,0,0,ARI,SF,1500.87566522241,1319.13660926114,0.8053923673491331,18,15,1.0
2017-10-01,2017,0,0,LAC,PHI,1406.77955875757,1541.32390162861,0.4012331962486903,24,26,0.0
2017-10-01,2017,0,0,DEN,OAK,1563.54794293643,1539.30791303221,0.6256750570191123,16,10,1.0
2017-10-01,2017,0,0,SEA,IND,1537.74466038733,1462.36417429506,0.6917034196509914,46,18,1.0
2017-10-02,2017,0,0,KC,WSH,1677.41041663111,1525.65901927925,0.7769051651795047,29,20,1.0
2017-10-05,2017,0,0,TB,NE,1502.9769765001,1646.2332502731,0.3892468086258739,14,19,0.0
2017-10-08,2017,0,0,IND,SF,1442.84703381068,1314.28506108432,0.7529172974731472,26,23,1.0
2017-10-08,2017,0,0,MIA,TEN,1460.33040329945,1461.20589357261,0.5912488237474887,16,10,1.0
2017-10-08,2017,0,0,PHI,ARI,1549.86975257963,1505.72721339922,0.6520982116344604,34,7,1.0
2017-10-08,2017,0,0,NYG,LAC,1462.62297696622,1398.23370780655,0.6780499406995896,22,27,0.0
2017-10-08,2017,0,0,CLE,NYJ,1289.83275234741,1461.13404691943,0.3516214719977538,14,17,0.0
2017-10-08,2017,0,0,PIT,JAX,1613.8776706396,1438.74517667102,0.7993623419648759,9,30,0.0
2017-10-08,2017,0,0,CIN,BUF,1474.00355165155,1547.62917373767,0.4875892816850093,20,16,1.0
2017-10-08,2017,0,0,DET,CAR,1565.3262313903,1535.87563752152,0.6326730191018173,24,27,0.0
2017-10-08,2017,0,0,OAK,BAL,1525.30775637439,1459.98131601379,0.6792264810146664,17,30,0.0
2017-10-08,2017,0,0,LAR,SEA,1459.61094233446,1557.26180087171,0.4531494783523038,10,16,0.0
2017-10-08,2017,0,0,DAL,GB,1556.50538104245,1601.33370564085,0.5289968007621709,31,35,0.0
2017-10-08,2017,0,0,HOU,KC,1500.77631971046,1686.76287755364,0.3325987543098555,34,42,0.0
2017-10-09,2017,0,0,CHI,MIN,1382.32533241831,1501.53040580785,0.4226194420851887,17,20,0.0
2017-10-12,2017,0,0,CAR,PHI,1554.20393017303,1571.95947424006,0.567574251822694,23,28,0.0
2017-10-15,2017,0,0,NO,DET,1536.63426799006,1546.99793873879,0.5779862036936588,52,38,1.0
2017-10-15,2017,0,0,NYJ,NE,1470.43371564058,1659.70285559496,0.3284176168768433,17,24,0.0
2017-10-15,2017,0,0,HOU,CLE,1486.92232179943,1280.53308362626,0.8266748351214811,33,17,1.0
2017-10-15,2017,0,0,WSH,SF,1516.30655835672,1307.98846551235,0.8282600008620753,26,24,1.0
2017-10-15,2017,0,0,MIN,GB,1512.96614343468,1618.51902701327,0.4419033004886666,23,10,1.0
2017-10-15,2017,0,0,BAL,CHI,1498.08914951876,1370.88959479148,0.7514554038886452,24,27,0.0
2017-10-15,2017,0,0,ATL,MIA,1626.69694834288,1475.7877222725,0.7760637774131085,17,20,0.0
2017-10-15,2017,0,0,JAX,LAR,1494.21727812131,1442.23308888008,0.662267440686145,17,27,0.0
2017-10-15,2017,0,0,ARI,TB,1483.63749173879,1489.50737117824,0.5842829079856807,38,33,1.0
2017-10-15,2017,0,0,OAK,LAC,1487.19992286942,1424.05010336829,0.676490442071032,16,17,0.0
2017-10-15,2017,0,0,KC,PIT,1700.61687546467,1558.40556918931,0.7672422112508851,13,19,0.0
2017-10-15,2017,0,0,DEN,NYG,1577.54809959425,1436.80658140448,0.7657278565162691,10,23,0.0
2017-10-16,2017,0,0,TEN,IND,1445.74857459956,1449.14362938265,0.5877390589750464,36,22,1.0
2017-10-19,2017,0,0,OAK,KC,1477.24170886897,1667.65235993136,0.3269699433360616,31,30,1.0
2017-10-22,2017,0,0,MIA,NYJ,1499.64627023607,1457.50547516799,0.6494794803544397,31,28,1.0
2017-10-22,2017,0,0,MIN,BAL,1542.97630838305,1475.25994394415,0.68221651800378,24,16,1.0
2017-10-22,2017,0,0,IND,JAX,1427.42337873903,1460.67259251956,0.5455662772478901,0,27,0.0
2017-10-22,2017,0,0,GB,NO,1588.5088620649,1558.93707548484,0.6328351344483127,17,26,0.0
2017-10-22,2017,0,0,CLE,TEN,1271.7902457333,1467.46882524318,0.320332024559848,9,12,0.0
2017-10-22,2017,0,0,BUF,TB,1531.07038634623,1474.99999008862,0.6675083658695103,30,27,1.0
2017-10-22,2017,1,0,LAR,ARI,1475.77777448183,1498.14487282841,0.4678555531241465,33,0,1.0
2017-10-22,2017,0,0,CHI,CAR,1393.71880036609,1533.4184360226,0.3941249779150799,17,3,1.0
2017-10-22,2017,0,0,SF,DAL,1304.63195036842,1539.32005967003,0.2735265436051141,10,40,0.0
2017-10-22,2017,0,0,PIT,CIN,1591.37008472262,1490.56233904299,0.7220124609920748,29,14,1.0
2017-10-22,2017,0,0,LAC,DEN,1434.00831736874,1532.96251144251,0.4512909577283694,21,0,1.0
2017-10-22,2017,0,0,NYG,SEA,1481.39216955622,1574.63965432609,0.4594379360036225,7,24,0.0
2017-10-22,2017,0,0,NE,ATL,1672.63109606755,1602.83840037931,0.6848020856361507,23,7,1.0
2017-10-23,2017,0,0,PHI,WSH,1592.74496839049,1519.66307350065,0.6888746164520677,34,24,1.0
2017-10-26,2017,0,0,BAL,MIA,1462.089618459,1508.91344773938,0.5261337749981696,40,0,1.0
2017-10-29,2017,1,0,CLE,MIN,1263.40673148022,1556.1466338682,0.1564152108102101,16,33,0.0
2017-10-29,2017,0,0,BUF,OAK,1539.80815502543,1487.13590359415,0.6631527807612495,34,14,1.0
2017-10-29,2017,0,0,CIN,IND,1476.22779087554,1390.5321904402,0.704219736560694,24,23,1.0
2017-10-29,2017,0,0,NO,CHI,1589.38926400169,1427.68696793844,0.7866758291116126,20,12,1.0
2017-10-29,2017,0,0,PHI,SF,1606.78469380638,1287.19142202456,0.9014905285783504,33,10,1.0
2017-10-29,2017,0,0,NYJ,ATL,1448.23829766468,1586.00906503818,0.3967794713641813,20,25,0.0
2017-10-29,2017,0,0,NE,LAC,1689.46043140868,1468.46172058891,0.8383959019154547,21,13,1.0
2017-10-29,2017,0,0,TB,CAR,1466.26222140942,1499.45026845025,0.5456535707922399,3,17,0.0
2017-10-29,2017,0,0,SEA,HOU,1600.86189558409,1495.66515969239,0.7270548708107989,41,38,1.0
2017-10-29,2017,0,0,WSH,DAL,1505.62334808476,1556.76058801389,0.5199395351166831,19,33,0.0
2017-10-29,2017,0,0,DET,PIT,1524.69513124401,1605.70463289007,0.4769767677099963,15,20,0.0
2017-10-30,2017,0,0,KC,DEN,1657.75816520618,1498.50910822234,0.7842963276431811,29,19,1.0
2017-11-02,2017,0,0,NYJ,BUF,1434.47489092363,1559.27756547492,0.4147770187901475,34,21,1.0
2017-11-05,2017,0,0,NYG,LAR,1455.16992829822,1513.69392621475,0.5093186370007455,17,51,0.0
2017-11-05,2017,0,0,HOU,IND,1488.64092382983,1386.69466794357,0.7233259596879937,14,20,0.0
2017-11-05,2017,0,0,JAX,CIN,1497.56378081839,1480.06531337217,0.6165427101391425,23,7,1.0
2017-11-05,2017,0,0,TEN,BAL,1475.85233949626,1496.99595348731,0.5627813199926558,23,20,1.0
2017-11-05,2017,0,0,PHI,DEN,1612.11435626484,1489.12132199208,0.7469053414777863,51,23,1.0
2017-11-05,2017,0,0,NO,TB,1597.88792859971,1436.27546835917,0.7865890319548421,30,10,1.0
2017-11-05,2017,0,0,CAR,ATL,1529.4370215005,1599.77247177923,0.4923222733563343,20,17,1.0
2017-11-05,2017,0,0,SF,ARI,1281.8617595661,1460.22872109549,0.3424055188233344,10,20,0.0
2017-11-05,2017,0,0,SEA,WSH,1607.88613144665,1477.28432946126,0.7550952394121323,14,17,0.0
2017-11-05,2017,0,0,DAL,KC,1585.09960663739,1667.14595143644,0.4754880032103133,28,17,1.0
2017-11-05,2017,0,0,MIA,OAK,1474.00711271107,1467.66649314466,0.6012484297726859,24,27,0.0
2017-11-06,2017,0,0,GB,DET,1558.05667354805,1507.72606313374,0.6601351079479646,17,30,0.0
2017-11-09,2017,0,0,ARI,SEA,1475.84505603037,1584.90740993519,0.4369269633455029,16,22,0.0
2017-11-12,2017,0,0,CHI,GB,1419.18830334042,1521.28637617128,0.4468135595001466,16,23,0.0
2017-11-12,2017,0,0,TB,NYJ,1424.49430526952,1466.22674254258,0.5334347454877624,15,10,1.0
2017-11-12,2017,0,0,WSH,MIN,1500.26305097272,1564.12673509156,0.50163528417485,30,38,0.0
2017-11-12,2017,0,0,TEN,CIN,1487.73768427848,1459.12233428842,0.6315549273873038,24,20,1.0
2017-11-12,2017,0,0,JAX,LAC,1518.50675990214,1462.17710677925,0.6678395082467513,20,17,1.0
2017-11-12,2017,0,0,IND,PIT,1417.15682494494,1622.67370100034,0.3081291780738473,17,20,0.0
2017-11-12,2017,0,0,DET,CLE,1544.49636051051,1255.42663025686,0.8847487528872378,38,24,1.0
2017-11-12,2017,0,0,BUF,NO,1527.52571385597,1609.66909168936,0.4753486989680322,10,47,0.0
2017-11-12,2017,0,0,LAR,HOU,1550.01694859348,1458.17876682846,0.7115313673425744,33,7,1.0
2017-11-12,2017,0,0,ATL,DAL,1585.66243666189,1611.37042883597,0.556305904182453,27,7,1.0
2017-11-12,2017,0,0,SF,NYG,1266.24542463122,1418.84690591949,0.376536634391392,31,21,1.0
2017-11-12,2017,0,0,DEN,NE,1473.41827707357,1695.74504521834,0.2878916920437467,16,41,0.0
2017-11-13,2017,0,0,CAR,MIA,1543.54705661784,1456.77827756654,0.7055048934447526,45,21,1.0
2017-11-16,2017,0,0,PIT,TEN,1630.70395313949,1499.11340890234,0.7561462485162737,40,17,1.0
2017-11-19,2017,0,0,NO,WSH,1643.9841306222,1478.20755164314,0.7905852529399297,34,31,1.0
2017-11-19,2017,0,0,MIA,TB,1439.04290313306,1441.03878240723,0.5896892425393747,20,30,0.0
2017-11-19,2017,0,0,CHI,DET,1400.91400491562,1549.87314055917,0.3814713800870111,24,27,0.0
2017-11-19,2017,0,0,GB,BAL,1539.56067459608,1485.11060870509,0.6654350158345324,0,23,0.0
2017-11-19,2017,0,0,CLE,JAX,1250.0498502082,1527.23485136805,0.2276840067568087,7,19,0.0
2017-11-19,2017,0,0,HOU,ARI,1440.42922224437,1459.17452685404,0.5661753535711229,31,21,1.0
2017-11-19,2017,0,0,MIN,LAR,1586.18223442114,1567.76649317757,0.6177902851596866,24,7,1.0
2017-11-19,2017,0,0,NYG,KC,1387.70695144017,1640.87512923786,0.2529041167521536,12,9,1.0
2017-11-19,2017,0,0,LAC,BUF,1453.44901531334,1493.21067492313,0.5362571396577647,54,24,1.0
2017-11-19,2017,0,0,DEN,CIN,1455.91070312781,1447.74660966456,0.6037623200112577,17,20,0.0
2017-11-19,2017,1,0,OAK,NE,1484.89532828919,1713.2526191641,0.2117297593436859,8,33,0.0
2017-11-19,2017,0,0,DAL,PHI,1584.82774859545,1627.81740118335,0.5316331293755819,9,37,0.0
2017-11-20,2017,0,0,SEA,ATL,1601.57793911152,1612.20511690241,0.5776161682377565,31,34,0.0
2017-11-23,2017,0,0,DET,MIN,1560.06097231814,1607.46965851927,0.5252943245392478,23,30,0.0
2017-11-23,2017,0,0,DAL,LAC,1548.66260668576,1484.93752100101,0.6772147432278692,6,28,0.0
2017-11-23,2017,0,0,WSH,NYG,1472.95258030526,1410.35823428809,0.675790257399073,20,10,1.0
2017-11-26,2017,0,0,NYJ,CAR,1449.68226540487,1561.28243105132,0.4333362480121284,27,35,0.0
2017-11-26,2017,0,0,NE,MIA,1725.75192638477,1409.92886754879,0.8995463131552172,35,17,1.0
2017-11-26,2017,0,0,CIN,CLE,1465.06231374549,1239.39730504753,0.8420023027054162,30,16,1.0
2017-11-26,2017,0,0,ATL,TB,1628.62587535903,1470.1528179915,0.7835396583909986,34,20,1.0
2017-11-26,2017,0,0,IND,TEN,1409.12657280579,1484.88522318422,0.4845220044062192,16,20,0.0
2017-11-26,2017,0,0,KC,BUF,1618.22384638994,1461.72216923546,0.7816087556394297,10,16,0.0
2017-11-26,2017,0,0,PHI,CHI,1663.98254309304,1390.72617315665,0.8751366588833249,31,3,1.0
2017-11-26,2017,0,0,SF,SEA,1297.38537911054,1585.1571806549,0.2171457797694421,13,24,0.0
2017-11-26,2017,0,0,LAR,NO,1546.47906907944,1649.23910196008,0.4458718936667794,26,20,1.0
2017-11-26,2017,0,0,ARI,JAX,1438.79762697473,1537.88739652872,0.451097707922358,27,24,1.0
2017-11-26,2017,0,0,OAK,DEN,1472.39602106852,1438.59499904688,0.6384734018288145,21,14,1.0
2017-11-26,2017,0,0,PIT,GB,1644.93213885761,1494.83659289296,0.77524871232003,31,28,1.0
2017-11-27,2017,0,0,BAL,HOU,1529.83469040821,1460.80612212368,0.6838518696000178,23,16,1.0
2017-11-30,2017,0,0,DAL,WSH,1503.55525400702,1487.64866532642,0.6143739732689076,38,14,1.0
2017-12-03,2017,0,0,NYJ,KC,1431.0345188973,1584.39951746553,0.3755054022442328,38,31,1.0
2017-12-03,2017,0,0,TEN,HOU,1500.40548617599,1448.41291115664,0.6622782376587116,24,13,1.0
2017-12-03,2017,0,0,GB,TB,1489.16015350547,1459.51017409122,0.6329397143858277,26,20,1.0
2017-12-03,2017,0,0,CHI,SF,1383.43775274137,1287.58593054578,0.7162503700290664,14,15,0.0
2017-12-03,2017,0,0,BUF,NE,1495.54649815987,1730.79462352199,0.2728864284995455,3,23,0.0
2017-12-03,2017,0,0,BAL,DET,1542.22790137525,1538.0385027109,0.5982758304671902,44,20,1.0
2017-12-03,2017,0,0,ATL,MIN,1639.26851925931,1629.49212812651,0.6059805243426366,9,14,0.0
2017-12-03,2017,0,0,MIA,DEN,1404.88617041157,1424.20574549421,0.56536321154065,35,9,1.0
2017-12-03,2017,0,0,JAX,IND,1522.42906116877,1393.60630981402,0.7531964569481638,30,10,1.0
2017-12-03,2017,0,0,LAC,CLE,1530.04487367975,1231.83864478801,0.8900041140712067,19,10,1.0
2017-12-03,2017,0,0,OAK,NYG,1486.78527462119,1395.66214926693,0.7106857646804945,24,17,1.0
2017-12-03,2017,0,0,ARI,LAR,1454.25596233468,1568.42134883796,0.4297138537293968,16,32,0.0
2017-12-03,2017,0,0,NO,CAR,1627.29682220156,1579.93017755889,0.6562967483145562,31,21,1.0
2017-12-03,2017,0,0,SEA,PHI,1594.95662921966,1671.27096350832,0.4837231175356506,24,10,1.0
2017-12-04,2017,0,0,CIN,PIT,1472.62097400501,1650.6085782451,0.3428973911180098,20,23,0.0
2017-12-07,2017,0,0,ATL,NO,1616.78903104092,1642.97912491611,0.5556207958183615,20,17,1.0
2017-12-10,2017,0,0,CAR,MIN,1564.24787484434,1651.9716163449,0.4673444575731637,31,24,1.0
2017-12-10,2017,0,0,KC,OAK,1557.34067426446,1498.02022641728,0.6716475225008502,26,15,1.0
2017-12-10,2017,0,0,HOU,SF,1432.47625657648,1298.29851382857,0.758881889461509,16,26,0.0
2017-12-10,2017,0,0,CLE,GB,1227.49092788856,1502.85623745116,0.2295312226498608,21,27,0.0
2017-12-10,2017,0,0,CIN,CHI,1463.57825556128,1372.72516945859,0.7103660429301497,7,33,0.0
2017-12-10,2017,0,0,BUF,IND,1480.12381341746,1379.79511487043,0.7214586396901158,13,7,1.0
2017-12-10,2017,0,0,TB,DET,1445.81409014553,1512.96505154514,0.4969045572633515,21,24,0.0
2017-12-10,2017,0,0,NYG,DAL,1384.42719747084,1527.50030342113,0.3894975040256038,10,30,0.0
2017-12-10,2017,0,0,DEN,NYJ,1396.13868611542,1458.09336209837,0.5043824613220709,23,0,1.0
2017-12-10,2017,0,0,LAC,WSH,1534.3925905792,1463.70361591231,0.6859146687564874,30,13,1.0
2017-12-10,2017,0,0,ARI,TEN,1430.43880535726,1516.34214075615,0.4699539268776396,12,7,1.0
2017-12-10,2017,0,0,JAX,SEA,1536.24025611236,1623.06325249615,0.4686354203777529,30,24,1.0
2017-12-10,2017,0,0,LAR,PHI,1592.23850581538,1643.16434023183,0.5202432808571614,35,43,0.0
2017-12-10,2017,0,0,PIT,BAL,1659.65129668883,1567.30135254101,0.7121356579437104,39,38,1.0
2017-12-11,2017,0,0,MIA,NE,1432.95322979036,1746.2173082644,0.1932353809361962,27,20,1.0
2017-12-14,2017,0,0,IND,DEN,1369.71248903799,1427.5971244873,0.5102384013705522,13,25,0.0
2017-12-16,2017,0,0,DET,CHI,1526.72871439307,1423.1202880169,0.7252367076207054,20,10,1.0
2017-12-16,2017,0,0,KC,LAC,1572.78635484821,1551.49428038339,0.6216922342899721,30,13,1.0
2017-12-17,2017,0,0,BUF,MIA,1490.2064392499,1470.77354818917,0.6191718865335202,24,16,1.0
2017-12-17,2017,0,0,CAR,GB,1586.63159696146,1511.00955507979,0.6919998658977323,31,24,1.0
2017-12-17,2017,0,0,CLE,BAL,1219.33761025993,1563.57707573887,0.1669455108311427,10,27,0.0
2017-12-17,2017,0,0,JAX,HOU,1557.12719963037,1392.45888436599,0.7895270738716086,45,7,1.0
2017-12-17,2017,0,0,MIN,CIN,1629.58789422778,1413.18313700297,0.8347807861229626,34,7,1.0
2017-12-17,2017,0,0,NO,NYJ,1630.87189916912,1426.63492372649,0.824892443893256,31,19,1.0
2017-12-17,2017,0,0,NYG,PHI,1361.52332707124,1666.17336341799,0.2010834497046686,29,34,0.0
2017-12-17,2017,0,0,WSH,ARI,1446.60192610812,1449.61531266286,0.5882713076209909,20,15,1.0
2017-12-17,2017,0,0,SEA,LAR,1602.17630897814,1569.22948262922,0.6373376300789486,7,42,0.0
2017-12-17,2017,0,0,SF,TEN,1338.31588603906,1497.16563345055,0.3681311553068165,25,23,1.0
2017-12-17,2017,0,0,PIT,NE,1663.37557349097,1708.39698986559,0.5287198450475753,24,27,0.0
2017-12-17,2017,0,0,OAK,DAL,1482.57454583353,1550.40417382073,0.4959279280193537,17,20,0.0
2017-12-18,2017,0,0,TB,ATL,1432.0504272976,1628.89625678792,0.3188708869179004,21,24,0.0
2017-12-23,2017,0,0,BAL,IND,1572.14079950926,1343.45284541698,0.8443035440453385,23,16,1.0
2017-12-23,2017,0,0,GB,MIN,1498.96976243564,1639.35008443638,0.3931897034958988,0,16,0.0
2017-12-24,2017,0,0,KC,MIA,1593.82994946877,1454.65678882511,0.7641044172032946,29,13,1.0
2017-12-24,2017,0,0,CIN,DET,1403.42094679437,1538.96778188701,0.3998475811261618,26,17,1.0
2017-12-24,2017,0,0,CHI,CLE,1410.88122052296,1210.77388648954,0.8214321189422357,20,3,1.0
2017-12-24,2017,0,0,CAR,TB,1598.67138960561,1423.70933034246,0.7992049446190903,22,19,1.0
2017-12-24,2017,0,0,WSH,DEN,1460.95197852367,1453.85676810831,0.6022893847581764,27,11,1.0
2017-12-24,2017,0,0,TEN,LAR,1482.66340571198,1617.03612512196,0.4014705681283698,23,27,0.0
2017-12-24,2017,0,0,NYJ,LAC,1418.63154098456,1530.45068576283,0.4330267396923397,7,14,0.0
2017-12-24,2017,0,0,NO,ATL,1638.87528191105,1637.23735374306,0.5947407836305602,23,13,1.0
2017-12-24,2017,0,0,NE,BUF,1723.19055964845,1506.32319861396,0.8351477392873834,37,16,1.0
2017-12-24,2017,0,0,SF,JAX,1352.81811377763,1571.09105779743,0.2926993209933987,44,33,1.0
2017-12-24,2017,0,0,ARI,NYG,1435.26526024731,1355.02530503168,0.6976365278345799,23,0,1.0
2017-12-24,2017,0,0,DAL,SEA,1564.13655311217,1554.3696664854,0.6059674607051183,12,21,0.0
2017-12-25,2017,0,0,HOU,PIT,1378.49502619893,1648.58200370811,0.2349487278628428,6,34,0.0
2017-12-25,2017,0,0,PHI,OAK,1672.67138545755,1468.84216654209,0.8245531391344674,19,10,1.0
2017-12-31,2017,0,0,NYG,WSH,1336.99695569183,1482.77287614648,0.385804249088128,18,10,1.0
2017-12-31,2017,0,0,PHI,DAL,1679.87122667267,1535.24897750671,0.7697114586322608,0,6,0.0
2017-12-31,2017,0,0,PIT,CLE,1663.0555935099,1201.56146302276,0.9539438646312448,28,24,1.0
2017-12-31,2017,0,0,IND,HOU,1337.74021652674,1364.02143639714,0.5554912740210499,22,13,1.0
2017-12-31,2017,0,0,MIN,CHI,1660.89179039755,1420.09364398974,0.8532491866528513,23,10,1.0
2017-12-31,2017,0,0,DET,GB,1510.41411863494,1477.42805647447,0.6373898332543141,35,11,1.0
2017-12-31,2017,0,0,NE,NYJ,1732.22443275278,1400.99773770148,0.9072797720434888,26,6,1.0
2017-12-31,2017,0,0,TB,NO,1418.68962674249,1657.73927534953,0.268565996310633,31,24,1.0
2017-12-31,2017,0,0,ATL,CAR,1618.37336030458,1603.69109320558,0.6127028873955859,22,10,1.0
2017-12-31,2017,0,0,BAL,CIN,1577.8534283995,1431.97461004644,0.77099111700329,27,31,0.0
2017-12-31,2017,0,0,MIA,BUF,1442.42511140159,1497.28932550963,0.5145824317732006,16,22,0.0
2017-12-31,2017,0,0,TEN,JAX,1470.13560642541,1533.30714770389,0.5026313393293381,15,10,1.0
2017-12-31,2017,0,0,DEN,KC,1432.0358704855,1606.06162689229,0.3480543160037085,24,27,0.0
2017-12-31,2017,0,0,LAC,OAK,1548.08448904591,1461.64232532697,0.7051141082644532,30,10,1.0
2017-12-31,2017,0,0,LAR,SF,1629.56392440853,1390.60202387117,0.8519206806026478,13,34,0.0
2017-12-31,2017,0,0,SEA,ARI,1583.25724209086,1453.29360958716,0.7544152574764313,24,26,0.0
2018-01-06,2017,0,1,KC,TEN,1615.25609010225,1487.94410561737,0.7515762614485354,21,22,0.0
2018-01-06,2017,0,1,LAR,ATL,1568.4542812949,1637.54686082093,0.4941105770109069,13,26,0.0
2018-01-07,2017,0,1,JAX,BUF,1515.49864851193,1517.4086422612,0.5898088594314507,10,3,1.0
2018-01-07,2017,0,1,NO,CAR,1624.70644853133,1584.51759268923,0.6469172017865765,31,26,1.0
2018-01-13,2017,0,1,PHI,ATL,1646.76056167602,1663.57815854799,0.5688989252932596,15,10,1.0
2018-01-13,2017,0,1,NE,TEN,1737.00857115611,1499.36118354642,0.850963552418061,35,14,1.0
2018-01-14,2017,0,1,PIT,JAX,1664.25181012357,1532.08244049384,0.7567601060810502,42,45,0.0
2018-01-14,2017,0,1,MIN,NO,1667.69221350682,1636.78187376287,0.6346236659136576,29,24,1.0
2018-01-21,2017,0,1,NE,JAX,1745.10792686622,1555.1298510349,0.8127184729900111,24,20,1.0
2018-01-21,2017,0,1,PHI,MIN,1661.87806059244,1680.2385772669,0.5667193280111943,38,7,1.0
2018-02-04,2017,1,1,NE,PHI,1750.51017126293,1691.28731884238,0.5844125620638966,33,41,0.0
2018-09-06,2018,0,0,PHI,ATL,1646.78633024053,1600.64043975438,0.6547098712793279,18,12,1.0
2018-09-09,2018,0,0,MIA,TEN,1449.87052976668,1495.84121855754,0.5273580291341761,27,20,1.0
2018-09-09,2018,0,0,NE,HOU,1651.07866316301,1397.60339308215,0.8621533147936626,27,20,1.0
2018-09-09,2018,0,0,NO,TB,1584.49034000186,1469.48163570713,0.7381187181095176,40,48,0.0
2018-09-09,2018,0,0,MIN,SF,1602.21954601131,1469.47444465653,0.7573696417027392,24,16,1.0
2018-09-09,2018,0,0,CLE,PIT,1301.91016427273,1595.80293305501,0.2112157533162066,21,21,0.5
2018-09-09,2018,0,0,NYG,JAX,1411.67749395219,1534.81840442546,0.4171008897199653,15,20,0.0
2018-09-09,2018,0,0,IND,CIN,1406.90437553377,1474.61525585553,0.4960988087812779,23,34,0.0
2018-09-09,2018,0,0,BAL,BUF,1535.27010310843,1502.21656685286,0.637479599837391,47,3,1.0
2018-09-09,2018,0,0,LAC,KC,1544.92253540731,1570.89267478213,0.555933396648242,28,38,0.0
2018-09-09,2018,0,0,CAR,DAL,1549.96144497179,1547.23976166891,0.5962435430719865,16,8,1.0
2018-09-09,2018,0,0,ARI,WSH,1482.65441734498,1471.50239394001,0.6078696803262796,6,24,0.0
2018-09-09,2018,0,0,DEN,SEA,1450.22760485036,1545.04615044037,0.4571927161779255,27,24,1.0
2018-09-09,2018,0,0,GB,CHI,1471.71966634923,1443.86214725365,0.630539238951821,24,23,1.0
2018-09-10,2018,0,0,DET,NYJ,1523.50845039037,1432.47573286543,0.7105787466951896,17,48,0.0
2018-09-10,2018,0,0,OAK,LAR,1464.89534084128,1529.94865571189,0.4999232737341635,13,33,0.0
2018-09-13,2018,0,0,CIN,BAL,1499.24009725248,1561.69232636884,0.5036664713156356,34,23,1.0
2018-09-16,2018,0,0,TEN,HOU,1476.3531572155,1392.59546563165,0.701890827983209,20,17,1.0
2018-09-16,2018,0,0,ATL,CAR,1587.84862205956,1567.17445622705,0.6208553060388963,31,24,1.0
2018-09-16,2018,0,0,WSH,IND,1508.58261287853,1382.27953413682,0.7504903204677795,9,21,0.0
2018-09-16,2018,0,0,TB,PHI,1504.80839876908,1659.57814793535,0.3736110512755406,27,21,1.0
2018-09-16,2018,0,0,PIT,KC,1586.99545365433,1598.03561476961,0.5770360523250477,37,42,0.0
2018-09-16,2018,0,0,BUF,LAC,1475.79434359245,1517.77959541983,0.5330725254102869,20,31,0.0
2018-09-16,2018,0,0,GB,MIN,1476.63405376296,1612.00248290103,0.4000940520599209,29,29,0.5
2018-09-16,2018,0,0,NO,CLE,1549.16357693991,1310.71764367341,0.8515455994095654,21,18,1.0
2018-09-16,2018,0,0,NYJ,MIA,1485.48922529915,1469.35859110872,0.6146794843528346,12,20,0.0
2018-09-16,2018,0,0,SF,DET,1459.69150776681,1470.49495795665,0.5773685852455788,30,27,1.0
2018-09-16,2018,0,0,LAR,ARI,1560.38847051292,1445.57419840646,0.7379023116333612,34,0,1.0
2018-09-16,2018,0,0,JAX,NE,1549.38045255708,1656.08659061351,0.4402666781165807,31,20,1.0
2018-09-16,2018,0,0,DEN,OAK,1465.48420457347,1434.45552604025,0.6347816086484616,20,19,1.0
2018-09-16,2018,0,0,DAL,NYG,1530.02675041365,1397.11544582057,0.7575454102859296,20,13,1.0
2018-09-17,2018,0,0,CHI,SEA,1438.94775983992,1529.78955071726,0.4628791014494539,24,17,1.0
2018-09-20,2018,0,0,CLE,NYJ,1307.10052304371,1457.44317807798,0.3795940067683941,21,17,1.0
2018-09-23,2018,0,0,BAL,DEN,1537.05400973446,1470.33545248135,0.6809699687026924,27,14,1.0
2018-09-23,2018,0,0,ATL,NO,1603.025766074,1552.78069756961,0.6600246217540339,37,43,0.0
2018-09-23,2018,0,0,WSH,GB,1466.41663732728,1479.68103291294,0.5739080634379407,31,17,1.0
2018-09-23,2018,0,0,PHI,IND,1634.16317204242,1424.44550968807,0.8294029816523385,20,16,1.0
2018-09-23,2018,0,0,MIN,BUF,1608.95550375105,1449.0215575424,0.7849625614761979,6,27,0.0
2018-09-23,2018,0,0,MIA,OAK,1497.40463832989,1429.60427813237,0.6823213341851813,28,20,1.0
2018-09-23,2018,0,0,HOU,NYG,1384.853606653,1387.86427528157,0.5882750971178594,22,27,0.0
2018-09-23,2018,0,0,JAX,TEN,1577.73569344432,1484.09501619415,0.7136564042401148,6,9,0.0
2018-09-23,2018,0,0,KC,SF,1619.23374167386,1471.1276126064,0.7732470486644328,38,27,1.0
2018-09-23,2018,0,0,CAR,CIN,1551.99731221261,1523.87841388686,0.6308896855402122,31,21,1.0
2018-09-23,2018,0,0,LAR,LAC,1577.61726640838,1544.55238146988,0.6374946970232367,35,23,1.0
2018-09-23,2018,0,0,SEA,DAL,1507.18581093181,1539.27792095265,0.547217146483705,24,13,1.0
2018-09-23,2018,0,0,ARI,CHI,1428.345402511,1461.55149962537,0.5456278110891145,14,16,0.0
2018-09-23,2018,0,0,DET,NE,1459.05885311706,1627.73134972627,0.3550791524279466,26,10,1.0
2018-09-24,2018,0,0,TB,PIT,1530.22337466201,1565.79732675008,0.5422465205251608,27,30,0.0
2018-09-27,2018,0,0,LAR,MIN,1595.41987111366,1554.90186120318,0.6473498741688449,38,31,1.0
2018-09-30,2018,0,0,CHI,TB,1473.71596611238,1514.98529217568,0.5340981764236683,48,10,1.0
2018-09-30,2018,0,0,IND,HOU,1419.56379175185,1363.16143756588,0.6679323377508967,34,37,0.0
2018-09-30,2018,0,0,GB,BUF,1457.13369320829,1503.07520009027,0.5273998993543588,22,0,1.0
2018-09-30,2018,0,0,DAL,DET,1517.10709265242,1497.41007797234,0.6195303330803041,26,24,1.0
2018-09-30,2018,0,0,TEN,PHI,1505.41946646108,1639.04488997864,0.4025046881861863,26,23,1.0
2018-09-30,2018,0,0,NE,MIA,1589.38012487099,1510.57014571829,0.6958973353155863,38,7,1.0
2018-09-30,2018,0,0,ATL,CIN,1575.91882031719,1506.89548872387,0.683845352299809,36,37,0.0
2018-09-30,2018,0,0,JAX,NYJ,1556.41124317739,1436.66713278849,0.7433536016282065,31,12,1.0
2018-09-30,2018,0,0,OAK,CLE,1416.43877074397,1327.8765683332,0.7076452807500113,45,42,1.0
2018-09-30,2018,0,0,ARI,SEA,1416.18093602399,1529.35663923204,0.4311105336078706,17,20,0.0
2018-09-30,2018,0,0,NYG,NO,1409.55644436869,1579.88764332642,0.3528956588614763,18,33,0.0
2018-09-30,2018,0,0,LAC,SF,1526.7497767646,1460.85361925269,0.6799406031983618,29,27,1.0
2018-09-30,2018,0,0,PIT,BAL,1581.03540923641,1552.94156003641,0.6308561066703883,14,26,0.0
2018-10-01,2018,0,0,DEN,KC,1454.4479021794,1629.50773502757,0.3467048160711881,23,27,0.0
2018-10-04,2018,0,0,NE,IND,1609.16557652038,1399.96315535494,0.8289829060164808,38,24,1.0
2018-10-07,2018,0,0,KC,JAX,1640.13602879246,1570.59688740913,0.6844869538743459,30,14,1.0
2018-10-07,2018,0,0,DET,GB,1489.36021378915,1486.51585461195,0.5964135350764752,31,23,1.0
2018-10-07,2018,0,0,CLE,BAL,1320.2996507882,1586.73376974304,0.2387494258296717,12,9,1.0
2018-10-07,2018,0,0,CAR,NYG,1568.9802373756,1390.88185259182,0.802086563731758,33,31,1.0
2018-10-07,2018,0,0,CIN,MIA,1516.99058870535,1490.7846940689,0.6283216374570613,27,17,1.0
2018-10-07,2018,0,0,NYJ,DEN,1422.48148855675,1443.81960841451,0.5625057973666681,34,16,1.0
2018-10-07,2018,0,0,PIT,ATL,1547.24319952978,1565.82372033571,0.5664083279213389,41,17,1.0
2018-10-07,2018,0,0,BUF,TEN,1473.69303868661,1522.51894451196,0.5232595925805253,13,12,1.0
2018-10-07,2018,0,0,LAC,OAK,1533.38728060751,1424.01568828897,0.7317978981620987,26,10,1.0
2018-10-07,2018,0,0,SF,ARI,1454.21611540978,1404.48415074163,0.6593615300914164,18,28,0.0
2018-10-07,2018,0,0,SEA,LAR,1541.0534245144,1609.41493599709,0.4951625470494121,31,33,0.0
2018-10-07,2018,0,0,PHI,MIN,1621.94541192776,1540.90679631975,0.6986054328056355,21,23,0.0
2018-10-07,2018,0,0,HOU,DAL,1382.76207396279,1525.15695683561,0.3904262720075535,19,16,1.0
2018-10-08,2018,0,0,NO,WSH,1598.56223510329,1488.96397703193,0.7320539120623053,43,19,1.0
2018-10-11,2018,0,0,NYG,PHI,1386.96595386283,1605.50408696095,0.292383384623382,13,34,0.0
2018-10-14,2018,0,0,ATL,TB,1538.48696439232,1481.21238830933,0.669045029313244,34,29,1.0
2018-10-14,2018,0,0,WSH,CAR,1472.98260081237,1572.89613610459,0.4499238282693302,23,17,1.0
2018-10-14,2018,1,0,OAK,SEA,1409.93430096243,1530.19018991825,0.3335330604389118,3,27,0.0
2018-10-14,2018,0,0,NYJ,IND,1447.74362799538,1391.72720571765,0.6674394054054225,42,34,1.0
2018-10-14,2018,0,0,MIN,ARI,1557.34812128656,1437.84557682615,0.7430882211816509,27,17,1.0
2018-10-14,2018,0,0,CIN,PIT,1534.10594913092,1574.57995547317,0.535237230660554,21,28,0.0
2018-10-14,2018,0,0,HOU,BUF,1400.27929327942,1480.2538300458,0.4784632433845472,20,13,1.0
2018-10-14,2018,0,0,MIA,CHI,1473.66933364333,1507.48886997873,0.5447522125950206,31,28,1.0
2018-10-14,2018,0,0,CLE,LAC,1343.53329301573,1547.46866793405,0.3100733708061145,14,38,0.0
2018-10-14,2018,0,0,DEN,LAR,1418.55746897588,1620.27817059324,0.3128072523182711,20,23,0.0
2018-10-14,2018,0,0,TEN,BAL,1515.95815315277,1563.50012751551,0.5251029946521157,0,21,0.0
2018-10-14,2018,0,0,DAL,JAX,1507.63973751898,1553.74889660311,0.5271593466395041,40,7,1.0
2018-10-14,2018,0,0,NE,KC,1617.40152615767,1656.98401959848,0.5365136150781321,43,40,1.0
2018-10-15,2018,0,0,GB,SF,1469.31102120539,1420.85468932526,0.6577103089897403,33,30,1.0
2018-10-18,2018,0,0,ARI,DEN,1426.47796817294,1410.39205626435,0.6146185077363473,10,45,0.0
2018-10-21,2018,1,0,LAC,TEN,1566.24467101167,1483.23617603227,0.6172365841130979,20,19,1.0
2018-10-21,2018,0,0,IND,BUF,1377.87497554174,1458.41507828726,0.4776508962691413,37,5,1.0
2018-10-21,2018,0,0,CHI,NE,1495.04311409378,1630.10532517025,0.4005172155010494,31,38,0.0
2018-10-21,2018,0,0,NYJ,MIN,1461.59585817129,1568.71572993977,0.4396798490718694,17,37,0.0
2018-10-21,2018,0,0,PHI,CAR,1622.40028908318,1551.14294139298,0.6866191061796234,17,21,0.0
2018-10-21,2018,0,0,MIA,DET,1486.11508952828,1506.56504719571,0.5637635857282529,21,32,0.0
2018-10-21,2018,0,0,TB,CLE,1469.97700934776,1324.75728993811,0.7703205313639969,26,23,1.0
2018-10-21,2018,0,0,JAX,HOU,1520.68467835375,1422.11804503796,0.7194157179179337,7,20,0.0
2018-10-21,2018,0,0,BAL,NO,1596.22210463601,1614.54361132285,0.5667744674500501,23,24,0.0
2018-10-21,2018,0,0,SF,LAR,1411.82982573608,1628.44358330477,0.2946805473668397,10,39,0.0
2018-10-21,2018,0,0,WSH,DAL,1494.73579552398,1540.70395576834,0.5273616571094323,20,17,1.0
2018-10-21,2018,0,0,KC,CIN,1644.2802205859,1511.59510355467,0.7573061838915397,45,10,1.0
2018-10-22,2018,0,0,ATL,NYG,1549.72234335389,1370.0697517406,0.8035029638771481,23,20,1.0
2018-10-25,2018,0,0,HOU,MIA,1463.13951502405,1457.51800025861,0.600255575097023,42,23,1.0
2018-10-28,2018,1,0,JAX,PHI,1479.66320836766,1598.83964015023,0.3349157563606212,18,24,0.0
2018-10-28,2018,0,0,DET,SEA,1535.16213646538,1550.54935221869,0.5709171658226136,14,28,0.0
2018-10-28,2018,0,0,CIN,TB,1495.63524847441,1475.7896526456,0.6197319177948868,37,34,1.0
2018-10-28,2018,0,0,CAR,BAL,1574.70359032593,1588.19461900143,0.5735890077620813,36,21,1.0
2018-10-28,2018,0,0,PIT,CLE,1597.09080104942,1318.94464664027,0.8781801081617084,33,18,1.0
2018-10-28,2018,0,0,NYG,WSH,1365.16692002542,1507.72772188836,0.3901989865827449,13,20,0.0
2018-10-28,2018,0,0,CHI,NYJ,1478.90016708188,1435.32649227259,0.6513549356932136,24,10,1.0
2018-10-28,2018,0,0,KC,DEN,1660.24007566616,1456.12768626945,0.8247888274935649,30,23,1.0
2018-10-28,2018,0,0,OAK,IND,1389.57513866199,1414.66278478534,0.5571871544512919,28,42,0.0
2018-10-28,2018,0,0,LAR,GB,1647.1965502526,1478.33588479457,0.7935093524730363,29,27,1.0
2018-10-28,2018,0,0,ARI,SF,1380.74233816784,1393.07685878825,0.5752165012296708,18,15,1.0
2018-10-28,2018,0,0,MIN,NO,1594.98509583847,1622.57109695743,0.5536359065367402,20,30,0.0
2018-10-29,2018,0,0,BUF,NE,1421.62726904366,1646.24827218215,0.2851917923956216,6,25,0.0
2018-11-01,2018,0,0,SF,OAK,1381.57470772542,1358.83972165781,0.6236437626704917,34,3,1.0
2018-11-04,2018,0,0,MIN,DET,1567.97452581362,1503.52728358248,0.6781227868138879,24,9,1.0
2018-11-04,2018,0,0,MIA,NYJ,1434.31237142484,1417.33160336793,0.615837913124933,13,6,1.0
2018-11-04,2018,0,0,CLE,KC,1313.10098557601,1666.73270081299,0.1595610493412086,21,37,0.0
2018-11-04,2018,0,0,CAR,TB,1597.80789158332,1465.63789711444,0.7567607681703419,42,28,1.0
2018-11-04,2018,0,0,BUF,CHI,1405.69599735138,1496.89505598654,0.4623678249413782,9,41,0.0
2018-11-04,2018,0,0,BAL,PIT,1565.09031774404,1602.93446211368,0.5390010294464832,16,23,0.0
2018-11-04,2018,0,0,WSH,ATL,1523.40301063962,1554.62517506907,0.5484576382101947,14,38,0.0
2018-11-04,2018,0,0,DEN,HOU,1449.63506112262,1486.34514385782,0.5406227267858574,17,19,0.0
2018-11-04,2018,0,0,SEA,LAC,1582.18420510159,1571.35796816216,0.6074225672426874,17,25,0.0
2018-11-04,2018,0,0,NO,LAR,1649.58166698228,1651.29766388982,0.5900790090292891,45,35,1.0
2018-11-04,2018,0,0,NE,GB,1662.17954387443,1474.23477115735,0.8109304196719394,31,17,1.0
2018-11-05,2018,0,0,DAL,TEN,1527.71202940396,1478.12287888178,0.6591768580713652,14,28,0.0
2018-11-08,2018,0,0,PIT,CAR,1625.6310415807,1609.89838925201,0.6141367294520114,52,21,1.0
2018-11-11,2018,0,0,CIN,NO,1505.78700400557,1668.69093237962,0.3627194493041899,14,51,0.0
2018-11-11,2018,0,0,KC,ARI,1674.72548721942,1392.24448923067,0.8808245221616333,26,14,1.0
2018-11-11,2018,0,0,TB,WSH,1453.54739944575,1487.54410811804,0.5444992721709035,3,16,0.0
2018-11-11,2018,0,0,NYJ,BUF,1401.92872399742,1373.74306216713,0.6309791772035057,10,41,0.0
2018-11-11,2018,0,0,CHI,DET,1528.84799117079,1486.67047005949,0.6495276080418523,34,22,1.0
2018-11-11,2018,0,0,TEN,NE,1515.78629519823,1671.36378500039,0.3725235356653623,34,10,1.0
2018-11-11,2018,0,0,IND,JAX,1445.39820178952,1467.29868867879,0.5617089734470156,29,26,1.0
2018-11-11,2018,0,0,CLE,ATL,1305.10819916958,1590.48407759065,0.2194994819587598,28,16,1.0
2018-11-11,2018,0,0,OAK,LAC,1333.75313662783,1599.00369467403,0.2399899016397889,6,20,0.0
2018-11-11,2018,0,0,GB,MIA,1465.05053003139,1449.71525079535,0.6135945215043539,31,12,1.0
2018-11-11,2018,0,0,LAR,SEA,1632.18839849248,1554.53847858972,0.6944822971449335,36,31,1.0
2018-11-11,2018,0,0,PHI,DAL,1611.2041598391,1490.04861308751,0.7449005912186155,20,27,0.0
2018-11-12,2018,0,0,SF,NYG,1406.6612927554,1349.49163127416,0.6689112896523255,23,27,0.0
2018-11-15,2018,0,0,SEA,GB,1544.2568627887,1487.38626478869,0.6685299094200691,27,24,1.0
2018-11-18,2018,0,0,BAL,CIN,1542.39373827702,1480.52283946681,0.6748771582139297,24,21,1.0
2018-11-18,2018,0,0,JAX,PIT,1455.38017302494,1651.43029881217,0.3198665469916717,16,20,0.0
2018-11-18,2018,0,0,DET,CAR,1469.52678135467,1584.09913202054,0.4291398531398122,20,19,1.0
2018-11-18,2018,0,0,ATL,DAL,1545.98797939769,1523.89184173277,0.6227802151509846,19,22,0.0
2018-11-18,2018,0,0,NYG,TB,1372.28903271028,1424.3973086523,0.5185441724665528,38,35,1.0
2018-11-18,2018,0,0,WSH,HOU,1516.69419891149,1498.37857785054,0.6176541878317274,21,23,0.0
2018-11-18,2018,0,0,IND,TEN,1457.31671744337,1557.91622778692,0.4489467273726619,38,10,1.0
2018-11-18,2018,0,0,LAC,DEN,1610.91737042161,1437.6016271299,0.7976798035382522,22,23,0.0
2018-11-18,2018,0,0,ARI,OAK,1386.96481142969,1321.83946088025,0.6789742206937083,21,23,0.0
2018-11-18,2018,0,0,NO,PHI,1693.95509691838,1577.36093119384,0.7398790568690848,48,7,1.0
2018-11-18,2018,0,0,CHI,MIN,1545.99167987561,1584.83133933661,0.537576770412053,25,20,1.0
2018-11-19,2018,0,0,LAR,KC,1642.4700142935,1680.0051650204,0.5394429707077444,54,51,1.0
2018-11-22,2018,0,0,DET,CHI,1477.62301489322,1562.36797234383,0.4716152736571956,16,23,0.0
2018-11-22,2018,0,0,DAL,WSH,1541.87074531581,1502.58876616174,0.6457238694069202,31,23,1.0
2018-11-22,2018,0,0,NO,ATL,1711.91736397854,1528.00907581465,0.8073420794189403,31,17,1.0
2018-11-25,2018,0,0,PHI,NYG,1559.39866413368,1385.56005615422,0.7981651183822268,25,22,1.0
2018-11-25,2018,0,0,TB,SF,1411.12628520836,1383.86389131928,0.6297408062472482,27,9,1.0
2018-11-25,2018,0,0,NYJ,NE,1356.25810435889,1629.2338524117,0.2319728682085326,13,27,0.0
2018-11-25,2018,0,0,BAL,OAK,1550.91655849393,1337.69592571526,0.8322372397382818,34,17,1.0
2018-11-25,2018,0,0,CAR,SEA,1576.00289848199,1552.96478354245,0.6240532353229477,27,30,0.0
2018-11-25,2018,0,0,CIN,CLE,1472.0000192499,1349.60429736254,0.7462548012016184,20,35,0.0
2018-11-25,2018,0,0,BUF,JAX,1419.41368180566,1445.66290652521,0.5555367511408446,24,21,1.0
2018-11-25,2018,0,0,LAC,ARI,1598.51577306131,1371.10834659468,0.8433320869066929,45,10,1.0
2018-11-25,2018,0,0,DEN,PIT,1450.0032244902,1661.1475653119,0.3012664376909247,24,17,1.0
2018-11-25,2018,0,0,IND,MIA,1495.03830058798,1427.37951603805,0.6821446548459604,27,24,1.0
2018-11-25,2018,0,0,MIN,GB,1568.45504686839,1478.67834403494,0.7090895471864026,24,17,1.0
2018-11-26,2018,0,0,HOU,TEN,1512.48401060029,1520.19464464231,0.5817068441444561,34,17,1.0
2018-11-29,2018,0,0,DAL,NO,1556.73466650565,1721.29133776767,0.3605231456859765,13,10,1.0
2018-12-02,2018,0,0,JAX,IND,1433.55307111764,1503.34993507328,0.4930971964479223,6,0,1.0
2018-12-02,2018,0,0,GB,ARI,1467.37494685528,1361.19721135375,0.7281740752422695,17,20,0.0
2018-12-02,2018,0,0,HOU,CLE,1536.05077198557,1394.8384933752,0.766213634523462,29,13,1.0
2018-12-02,2018,0,0,TB,CAR,1432.05279285295,1557.97920902026,0.4132076776829879,24,17,1.0
2018-12-02,2018,0,0,NYG,CHI,1380.51203349157,1581.80743140936,0.3133337653220859,30,27,1.0
2018-12-02,2018,0,0,CIN,DEN,1426.76582323724,1481.13049769447,0.5153006850209325,10,24,0.0
2018-12-02,2018,0,0,DET,LAR,1458.18355582769,1655.08191924328,0.3188052094998337,16,30,0.0
2018-12-02,2018,0,0,MIA,BUF,1419.06788155275,1431.52351721323,0.5750461381406645,21,17,1.0
2018-12-02,2018,0,0,ATL,BAL,1518.63510202552,1559.52574222295,0.534640574132803,16,26,0.0
2018-12-02,2018,0,0,TEN,NYJ,1496.62788325703,1344.77935769458,0.7770020579479813,26,22,1.0
2018-12-02,2018,0,0,OAK,KC,1329.08674198624,1667.39326007062,0.1717494771080491,33,40,0.0
2018-12-02,2018,0,0,NE,MIN,1640.71259907601,1579.75844404805,0.6737181784525668,24,10,1.0
2018-12-02,2018,0,0,SEA,SF,1570.98847300418,1362.93738367469,0.8280412600062478,43,16,1.0
2018-12-02,2018,0,0,PIT,LAC,1630.02029210763,1608.42690830224,0.6221000812452937,30,33,0.0
2018-12-03,2018,0,0,PHI,WSH,1564.44668679633,1487.7248449719,0.6933475784526845,28,13,1.0
2018-12-06,2018,0,0,TEN,JAX,1503.16187117379,1453.32392554478,0.6594985420938839,30,9,1.0
2018-12-09,2018,0,0,KC,BAL,1673.74681624061,1585.45008400452,0.7073290275688119,27,24,1.0
2018-12-09,2018,0,0,GB,ATL,1445.48224594609,1492.71076024395,0.5255529423697665,34,20,1.0
2018-12-09,2018,0,0,CLE,CAR,1382.72645618154,1532.88011238991,0.3798502586054139,26,20,1.0
2018-12-09,2018,0,0,HOU,IND,1548.16280917923,1483.57908064614,0.6782942545992028,21,24,0.0
2018-12-09,2018,0,0,MIA,NE,1432.42753925989,1657.42739640944,0.284747416428298,34,33,1.0
2018-12-09,2018,0,0,TB,NO,1457.1518894833,1702.72090628627,0.2612582892855778,14,28,0.0
2018-12-09,2018,0,0,WSH,NYG,1471.74953768324,1400.80783902419,0.6862279990545606,16,40,0.0
2018-12-09,2018,0,0,BUF,NYJ,1418.16385950609,1338.24536977782,0.6972460401644619,23,27,0.0
2018-12-09,2018,0,0,SF,DEN,1352.74265926179,1509.17527532293,0.3713736258392514,20,14,1.0
2018-12-09,2018,0,0,LAC,CIN,1626.381904958,1398.72104560878,0.8435247416881245,26,21,1.0
2018-12-09,2018,0,0,DAL,PHI,1575.30509798705,1580.42199408499,0.5853353612479266,29,23,1.0
2018-12-09,2018,0,0,OAK,PIT,1322.73318581625,1612.06529545187,0.2156228022739233,24,21,1.0
2018-12-09,2018,0,0,ARI,DET,1383.08991226294,1441.89340222979,0.5089165493769988,3,17,0.0
2018-12-09,2018,0,0,CHI,LAR,1561.51162587674,1671.37207284118,0.4357970211722048,15,6,1.0
2018-12-10,2018,0,0,SEA,MIN,1581.18319741708,1563.04364671462,0.6174148036614986,21,7,1.0
2018-12-13,2018,0,0,KC,LAC,1681.33278573618,1631.33087548805,0.6597104627304625,28,29,0.0
2018-12-15,2018,0,0,NYJ,HOU,1362.27150453304,1528.17944516459,0.3587317872122467,22,29,0.0
2018-12-15,2018,0,0,DEN,CLE,1483.64940413974,1407.83336283094,0.6922378346349025,16,17,0.0
2018-12-16,2018,0,0,BUF,DET,1394.13772475087,1469.53468782727,0.4850420320546502,14,13,1.0
2018-12-16,2018,0,0,CHI,GB,1588.03497381133,1470.97286306192,0.7403971475595794,24,17,1.0
2018-12-16,2018,0,0,CIN,OAK,1393.77207507873,1346.95011945479,0.6555891272713023,30,16,1.0
2018-12-16,2018,0,0,NYG,TEN,1447.89509400291,1523.16767607579,0.4852208724179961,0,17,0.0
2018-12-16,2018,0,0,MIN,MIA,1543.07700193689,1443.12073150836,0.7210276118052372,41,17,1.0
2018-12-16,2018,0,0,JAX,WSH,1433.31812064278,1424.66228270452,0.604439320733302,13,16,0.0
2018-12-16,2018,0,0,BAL,TB,1577.86411450895,1444.07517356152,0.7584721200735897,20,12,1.0
2018-12-16,2018,0,0,IND,DAL,1503.56244466078,1591.01547062304,0.4677324063988574,23,0,1.0
2018-12-16,2018,0,0,ATL,ARI,1467.22014312812,1355.44862666546,0.7345006809247843,40,14,1.0
2018-12-16,2018,0,0,SF,SEA,1378.26853044498,1601.14984219481,0.2872377003140923,26,23,1.0
2018-12-16,2018,0,0,PIT,NE,1587.84836181333,1646.73420416097,0.5087980719656245,17,10,1.0
2018-12-16,2018,0,0,LAR,PHI,1644.84872490659,1564.711621449,0.6975116237154012,23,30,0.0
2018-12-17,2018,0,0,CAR,NO,1507.77320574051,1715.79762220805,0.3050604895257599,9,12,0.0
2018-12-22,2018,0,0,TEN,WSH,1551.08668641124,1442.00141191256,0.7314742871708915,25,16,1.0
2018-12-22,2018,0,0,LAC,BAL,1640.98084292778,1587.59836137511,0.6640654452401591,10,22,0.0
2018-12-23,2018,0,0,MIA,JAX,1426.41386489719,1415.97899143474,0.6068852173370703,7,17,0.0
2018-12-23,2018,0,0,PHI,HOU,1595.76922852262,1542.44438717683,0.663991421601798,32,30,1.0
2018-12-23,2018,0,0,NYJ,GB,1348.0065625208,1461.00147149167,0.4313657966298097,38,44,0.0
2018-12-23,2018,0,0,IND,NYG,1537.74278783152,1419.97608366746,0.7411759810712127,28,27,1.0
2018-12-23,2018,0,0,NE,BUF,1626.36230708463,1401.31045557606,0.8415321751825138,24,12,1.0
2018-12-23,2018,0,0,CAR,ATL,1499.83143617458,1483.41937273704,0.6150631165104966,10,24,0.0
2018-12-23,2018,0,0,DAL,TB,1556.8351274523,1434.34092669536,0.7463621316860035,27,20,1.0
2018-12-23,2018,0,0,CLE,CIN,1418.08606456673,1411.52344427867,0.6015547743495104,26,18,1.0
2018-12-23,2018,0,0,DET,MIN,1462.36195700208,1559.78386854806,0.4534760868700986,9,27,0.0
2018-12-23,2018,0,0,SF,CHI,1399.55834476997,1598.00636538158,0.3168710878823796,9,14,0.0
2018-12-23,2018,0,0,ARI,LAR,1339.24939705654,1613.79111783297,0.2303707200714285,9,31,0.0
2018-12-23,2018,0,0,NO,PIT,1723.73939177398,1608.22025888967,0.7386862853278575,31,28,1.0
2018-12-23,2018,0,0,SEA,KC,1579.86002786982,1671.68281829645,0.4614754090588983,38,31,1.0
2018-12-24,2018,0,0,OAK,DEN,1329.19875025485,1473.39670240395,0.3879588930920183,27,14,1.0
2018-12-30,2018,0,0,BUF,MIA,1394.12814505964,1396.27552000642,0.5894782213938782,42,17,1.0
2018-12-30,2018,0,0,NE,NYJ,1633.54461760105,1331.57700592182,0.8921059696547767,38,3,1.0
2018-12-30,2018,0,0,GB,DET,1477.43102809065,1436.04514071688,0.6484895379073925,0,31,0.0
2018-12-30,2018,0,0,HOU,JAX,1535.43833761178,1446.11733632551,0.7085481267651367,20,3,1.0
2018-12-30,2018,0,0,TB,ATL,1424.6208171056,1518.01192269681,0.459232616156874,32,34,0.0
2018-12-30,2018,0,0,NYG,DAL,1416.66323809957,1566.55523704206,0.3802051340992367,35,36,0.0
2018-12-30,2018,0,0,NO,CAR,1730.43513299348,1465.23888621481,0.8699777886898429,14,33,0.0
2018-12-30,2018,0,0,WSH,PHI,1430.54211613922,1602.77527808767,0.350399483153465,0,24,0.0
2018-12-30,2018,0,0,SEA,ARI,1602.5330697323,1326.05919313548,0.8771465224319607,27,24,1.0
2018-12-30,2018,0,0,LAR,SF,1626.98132175403,1388.85260041321,0.8513146137897467,48,32,1.0
2018-12-30,2018,0,0,KC,OAK,1649.00977643397,1362.70933136605,0.8831132488571359,35,3,1.0
2018-12-30,2018,0,0,DEN,LAC,1439.88612129275,1604.97761670231,0.3598136693820555,9,23,0.0
2018-12-30,2018,0,0,MIN,CHI,1586.10068483326,1608.71210973834,0.5607011824789282,10,24,0.0
2018-12-30,2018,0,0,BAL,CLE,1623.60158760058,1435.04392429153,0.8114707598975311,26,24,1.0
2018-12-30,2018,0,0,PIT,CIN,1601.52451767017,1394.56558455387,0.8271442198968424,16,13,1.0
2018-12-30,2018,0,0,TEN,IND,1562.54598218458,1541.0556333994,0.6219606342841525,17,33,0.0
2019-01-05,2018,0,1,HOU,IND,1551.18206480949,1577.74081029028,0.5550967670280544,7,21,0.0
2019-01-05,2018,0,1,DAL,SEA,1571.63017149923,1605.48162951474,0.5447066412491038,24,22,1.0
2019-01-06,2018,0,1,BAL,LAC,1627.31590982503,1623.61744611503,0.597596424405585,17,23,0.0
2019-01-06,2018,0,1,CHI,PHI,1639.67686318167,1624.28470658181,0.6136721468861598,15,16,0.0
2019-01-12,2018,0,1,KC,IND,1656.0581811171,1608.34007864136,0.6567529694091365,31,13,1.0
2019-01-12,2018,0,1,LAR,DAL,1634.38618524913,1581.49432812361,0.6634351102450247,30,22,1.0
2019-01-13,2018,0,1,NE,LAC,1640.17195998375,1647.62448257118,0.5820683331620756,41,28,1.0
2019-01-13,2018,0,1,NO,PHI,1669.10586059685,1633.11467259084,0.6413784444632628,20,14,1.0
2019-01-20,2018,0,1,NO,LAR,1682.45019430919,1648.42410526513,0.6387724028412264,23,26,0.0
2019-01-20,2018,0,1,KC,NE,1675.28641180895,1661.66856554621,0.6112478910481047,31,37,0.0
2019-02-03,2018,1,1,LAR,NE,1666.96939481924,1686.3388366702,0.472153975270785,3,13,0.0
2019-09-05,2019,0,0,CHI,GB,1588.89793144843,1455.13136993533,0.7584485193045968,3,10,0.0
2019-09-08,2019,0,0,NYJ,BUF,1384.96644235941,1448.42368150679,0.5022201967461954,16,17,0.0
2019-09-08,2019,0,0,MIA,BAL,1415.17876187059,1570.53924891259,0.3728155749111196,10,59,0.0
2019-09-08,2019,0,0,MIN,ATL,1538.42395425995,1520.31582461035,0.6173720777976055,28,12,1.0
2019-09-08,2019,0,0,CLE,TEN,1455.88640137805,1518.90720352913,0.5028482638546541,13,43,0.0
2019-09-08,2019,0,0,PHI,WSH,1581.51355925233,1441.02179176339,0.7654698543324963,32,27,1.0
2019-09-08,2019,0,0,CAR,LAR,1519.37877240763,1598.01566621671,0.4803850039945628,27,30,0.0
2019-09-08,2019,0,0,JAX,KC,1455.24907275187,1602.07742712331,0.3843696760480504,26,40,0.0
2019-09-08,2019,0,0,SEA,CIN,1565.41164859357,1428.5335151433,0.7617148036094071,21,20,1.0
2019-09-08,2019,0,0,LAC,IND,1585.75191800581,1561.07456529967,0.6262644674526644,30,24,1.0
2019-09-08,2019,0,0,DAL,NYG,1546.63760540507,1442.7255357616,0.7255848739644275,35,17,1.0
2019-09-08,2019,0,0,TB,SF,1444.77266859125,1422.63182461207,0.622840671248458,17,31,0.0
2019-09-08,2019,0,0,ARI,DET,1383.74042223536,1490.51940926969,0.4401633388787813,27,27,0.5
2019-09-08,2019,0,0,NE,PIT,1640.85648810958,1572.19321967273,0.6833970641922035,33,3,1.0
2019-09-09,2019,0,0,NO,HOU,1610.93660317005,1515.38853097227,0.7158948727512396,30,28,1.0
2019-09-09,2019,0,0,OAK,DEN,1405.44061778861,1449.16419458668,0.5305810160650128,24,16,1.0
2019-09-12,2019,0,0,CAR,TB,1506.14172298054,1409.64771139295,0.7170010787278287,14,20,0.0
2019-09-15,2019,0,0,BAL,ARI,1598.55771020712,1385.56534920517,0.8320536957330441,23,17,1.0
2019-09-15,2019,0,0,WSH,DAL,1433.33531739672,1561.64531234901,0.4098848002257198,21,31,0.0
2019-09-15,2019,0,0,TEN,IND,1553.47379093182,1547.09912301326,0.6012954191334732,17,19,0.0
2019-09-15,2019,0,0,CIN,SF,1425.50782652535,1457.75678181037,0.5469934314024829,17,41,0.0
2019-09-15,2019,0,0,PIT,SEA,1551.69443581324,1568.43733721152,0.569004376445462,26,28,0.0
2019-09-15,2019,0,0,GB,MIN,1489.80727052204,1559.31605609263,0.493511700203223,21,16,1.0
2019-09-15,2019,0,0,DET,LAC,1488.69448229988,1599.72736029222,0.4341383020860794,13,10,1.0
2019-09-15,2019,0,0,HOU,JAX,1509.57066983197,1435.17777134696,0.6904897727363537,13,12,1.0
2019-09-15,2019,0,0,NYG,BUF,1427.71782881766,1455.39081751318,0.5535121585662888,14,28,0.0
2019-09-15,2019,0,0,MIA,NE,1387.16030057606,1661.35527196907,0.2307248102733482,0,43,0.0
2019-09-15,2019,0,0,OAK,KC,1425.87140811396,1622.14872852822,0.3195820914825713,10,28,0.0
2019-09-15,2019,0,0,DEN,CHI,1428.73340426133,1554.22203086172,0.413818857047563,14,16,0.0
2019-09-15,2019,0,0,LAR,NO,1611.2527156438,1616.75446431035,0.5847975451665666,27,9,1.0
2019-09-15,2019,0,0,ATL,PHI,1499.42372277767,1589.200033619,0.4644043413788875,24,20,1.0
2019-09-16,2019,0,0,NYJ,CLE,1377.99930635302,1421.31981397536,0.5311588680791258,3,23,0.0
2019-09-19,2019,0,0,JAX,TEN,1431.14271155562,1539.81897663855,0.4374738246674822,20,7,1.0
2019-09-22,2019,0,0,BUF,CIN,1485.88701536035,1389.76159956327,0.7165703433881626,21,17,1.0
2019-09-22,2019,0,0,DAL,MIA,1580.75267121279,1371.21444164375,0.8292567833682122,31,6,1.0
2019-09-22,2019,0,0,MIN,OAK,1541.12867786265,1408.11137665204,0.7576574620065255,34,14,1.0
2019-09-22,2019,0,0,IND,ATL,1560.75393730653,1516.86025143112,0.6517731517758779,27,24,1.0
2019-09-22,2019,0,0,GB,DEN,1507.99464875202,1419.88418247957,0.7071070102530641,27,16,1.0
2019-09-22,2019,0,0,KC,BAL,1639.90875999014,1604.36062171603,0.6407916104033325,33,28,1.0
2019-09-22,2019,0,0,PHI,DET,1571.76350496555,1504.71879316841,0.6813777159089712,24,27,0.0
2019-09-22,2019,0,0,NE,NYJ,1677.30113090138,1345.33491936636,0.9076372640184992,30,14,1.0
2019-09-22,2019,0,0,TB,NYG,1439.76273979713,1397.22163097049,0.6500039077038455,31,32,0.0
2019-09-22,2019,0,0,ARI,CAR,1379.76243769626,1476.02669457636,0.4551281678954752,20,38,0.0
2019-09-22,2019,0,0,SF,PIT,1493.50300877245,1538.91174286514,0.5281642537223823,24,20,1.0
2019-09-22,2019,0,0,SEA,NO,1581.22003015962,1592.94754840432,0.5760700542310849,27,33,0.0
2019-09-22,2019,0,0,LAC,HOU,1583.70304942369,1513.60572962331,0.6851804650994758,20,27,0.0
2019-09-22,2019,0,0,CLE,LAR,1453.98420096202,1635.05963154983,0.3389036173323537,13,20,0.0
2019-09-23,2019,0,0,WSH,CHI,1414.22795853294,1563.07125264348,0.3816287334631154,15,31,0.0
2019-09-26,2019,0,0,GB,PHI,1521.60374910091,1551.66540903822,0.5501115103543194,27,34,0.0
2019-09-29,2019,0,0,ATL,TEN,1507.66070428972,1509.52681443155,0.5898699741381169,10,24,0.0
2019-09-29,2019,0,0,NYG,WSH,1406.69571365219,1393.39712158012,0.6108111026305229,24,3,1.0
2019-09-29,2019,0,0,BUF,NE,1494.38768499845,1681.73479150744,0.330862528645917,10,16,0.0
2019-09-29,2019,0,0,IND,OAK,1569.95348444793,1394.57354231565,0.7995906971312478,24,31,0.0
2019-09-29,2019,0,0,HOU,CAR,1543.96594000943,1502.45309073862,0.6486561180316924,10,16,0.0
2019-09-29,2019,0,0,MIA,LAC,1361.32285598972,1553.34283903757,0.3249345660138653,10,30,0.0
2019-09-29,2019,0,0,BAL,CLE,1592.05091995311,1440.59597920863,0.7766092416318191,25,40,0.0
2019-09-29,2019,0,0,DET,KC,1524.81688909574,1652.21846175305,0.4111502526180228,30,34,0.0
2019-09-29,2019,0,0,LAR,TB,1648.44785330322,1430.28865711543,0.8361690031716856,40,55,0.0
2019-09-29,2019,0,0,ARI,SEA,1353.336041534,1558.24406118126,0.3088768655867407,10,27,0.0
2019-09-29,2019,0,0,CHI,MIN,1583.9020895963,1554.66651219904,0.6323853250790231,16,6,1.0
2019-09-29,2019,0,0,DEN,JAX,1406.27508213068,1461.43487376262,0.51415741289543,24,26,0.0
2019-09-29,2019,0,0,NO,DAL,1615.92351738268,1590.64425686682,0.6270750876971939,12,10,1.0
2019-09-30,2019,0,0,PIT,CIN,1523.85799156991,1381.26092992517,0.7676385317725818,27,3,1.0
2019-10-03,2019,0,0,SEA,LAR,1575.03182989028,1595.23137298171,0.5641180677759954,30,29,1.0
2019-10-06,2019,0,0,HOU,ATL,1517.43701337764,1474.76884936333,0.6501702794591802,53,32,1.0
2019-10-06,2019,0,0,NYG,MIN,1429.92882891046,1537.76063470542,0.4386704560532147,10,28,0.0
2019-10-06,2019,0,0,TEN,BUF,1542.41866935794,1482.18948042011,0.672800144237976,7,14,0.0
2019-10-06,2019,1,0,OAK,CHI,1431.90674506192,1600.80796708992,0.2744275595059409,24,21,1.0
2019-10-06,2019,0,0,PIT,BAL,1537.52700615854,1544.28714838912,0.5830375859960025,23,26,0.0
2019-10-06,2019,0,0,PHI,NYJ,1574.91310166869,1340.9012587603,0.8482898424233134,31,6,1.0
2019-10-06,2019,0,0,WSH,NE,1370.16400632185,1693.93299608578,0.1839826667262123,7,33,0.0
2019-10-06,2019,0,0,NO,TB,1623.79452050997,1483.50513743694,0.7652606388504105,31,24,1.0
2019-10-06,2019,0,0,CIN,ARI,1367.59191533654,1336.54827282498,0.6348015784937676,23,26,0.0
2019-10-06,2019,0,0,CAR,JAX,1528.98201737041,1472.78282416701,0.6676728957356927,34,27,1.0
2019-10-06,2019,0,0,LAC,DEN,1572.04826731323,1394.92713172629,0.8011920334328384,13,20,0.0
2019-10-06,2019,0,0,DAL,GB,1582.77325373953,1498.35605647044,0.7026845819022682,24,34,0.0
2019-10-06,2019,0,0,KC,IND,1665.08784610098,1532.62028170166,0.7570759389155217,13,19,0.0
2019-10-07,2019,0,0,SF,CLE,1508.55676006768,1488.35975077262,0.6202085270941381,31,3,1.0
2019-10-10,2019,0,0,NE,NYG,1704.7841910382,1404.58939462703,0.891119756994916,35,14,1.0
2019-10-13,2019,1,0,TB,CAR,1474.57582588342,1542.08145781245,0.4040558955602119,26,37,0.0
2019-10-13,2019,0,0,KC,HOU,1632.71839430792,1538.05475015541,0.714858244098631,24,31,0.0
2019-10-13,2019,0,0,BAL,CIN,1560.89195622049,1349.18803485451,0.831014707855256,23,17,1.0
2019-10-13,2019,0,0,CLE,SEA,1463.73592601604,1580.95384161463,0.4254131405440373,28,32,0.0
2019-10-13,2019,0,0,JAX,NO,1459.68338372497,1632.72383206349,0.3493424452889352,6,13,0.0
2019-10-13,2019,0,0,MIN,PHI,1563.10006898885,1583.61598116315,0.5636702109423039,38,20,1.0
2019-10-13,2019,0,0,MIA,WSH,1342.61742771406,1359.31281136943,0.5690714562468242,16,17,0.0
2019-10-13,2019,0,0,ARI,ATL,1354.95215330701,1454.15111258556,0.4509420791938188,34,33,1.0
2019-10-13,2019,0,0,LAR,SF,1589.30936125736,1533.18058482426,0.6675829478785129,7,20,0.0
2019-10-13,2019,0,0,DEN,TEN,1432.36836938837,1512.74882017963,0.4778801995543884,16,0,1.0
2019-10-13,2019,0,0,NYJ,DAL,1332.19837926584,1546.61845055939,0.297311961709189,24,22,1.0
2019-10-13,2019,0,0,LAC,PIT,1534.60702965115,1520.92219832717,0.6113395141842494,17,24,0.0
2019-10-14,2019,0,0,GB,DET,1534.51085965058,1511.94750474781,0.6234118414065575,23,22,1.0
2019-10-17,2019,0,0,DEN,KC,1462.16219715101,1600.66178722108,0.3957757475604077,6,30,0.0
2019-10-20,2019,0,0,WSH,SF,1367.37892158696,1570.46944845233,0.3111147338460878,0,9,0.0
2019-10-20,2019,0,0,DET,MIN,1506.92671925949,1588.2857424397,0.4764748557113154,30,42,0.0
2019-10-20,2019,0,0,IND,HOU,1564.98973349472,1570.11135724225,0.5853287557775594,30,23,1.0
2019-10-20,2019,0,0,NYG,ARI,1398.81659640797,1362.68390219579,0.6415657850598714,21,27,0.0
2019-10-20,2019,0,0,CIN,JAX,1343.34618655916,1445.83473713159,0.4462580419925206,17,27,0.0
2019-10-20,2019,0,0,GB,OAK,1539.5316451389,1453.69677700177,0.7043866965351835,42,24,1.0
2019-10-20,2019,0,0,ATL,LAR,1446.41936369678,1552.02049762929,0.4418348012271617,10,37,0.0
2019-10-20,2019,0,0,BUF,MIA,1511.85932959842,1334.55131749653,0.8013633266223047,31,21,1.0
2019-10-20,2019,0,0,TEN,LAC,1482.95499241699,1508.23906169051,0.5569081586211398,23,20,1.0
2019-10-20,2019,0,0,CHI,NO,1579.01793515007,1646.57247865687,0.4963237826216469,25,36,0.0
2019-10-20,2019,0,0,SEA,BAL,1594.32987659432,1566.73380451584,0.6301885637331487,16,30,0.0
2019-10-20,2019,0,0,DAL,PHI,1530.05377295819,1558.4303077123,0.5525110560087684,37,10,1.0
2019-10-21,2019,0,0,NYJ,NE,1348.76305686704,1710.55698925726,0.1533605537735352,0,33,0.0
2019-10-24,2019,0,0,MIN,WSH,1612.54800768542,1353.89775044928,0.8656556182848676,19,9,1.0
2019-10-27,2019,0,0,CHI,LAC,1554.38017807527,1496.1717939802,0.6702341941131316,16,17,0.0
2019-10-27,2019,1,0,LAR,CIN,1580.93260134316,1322.30316394391,0.8158966965779668,24,10,1.0
2019-10-27,2019,0,0,BUF,PHI,1520.4404083405,1529.09614090863,0.5803824729098152,13,31,0.0
2019-10-27,2019,0,0,TEN,TB,1495.0222601273,1455.09282598453,0.6465760226468399,27,23,1.0
2019-10-27,2019,0,0,ATL,SEA,1417.50725998291,1558.69853950601,0.3920764563229889,20,27,0.0
2019-10-27,2019,0,0,JAX,NYJ,1466.87775974684,1339.23267383576,0.75193410134021,29,15,1.0
2019-10-27,2019,0,0,DET,NYG,1482.66445401377,1372.64491216874,0.7325293308830785,31,26,1.0
2019-10-27,2019,0,0,NO,ARI,1671.21023573167,1388.85558643502,0.8807481521184674,31,9,1.0
2019-10-27,2019,0,0,IND,DEN,1581.77847898618,1437.50684571658,0.7693535073599884,15,13,1.0
2019-10-27,2019,0,0,SF,CAR,1583.95061959001,1561.56445771134,0.6231723451884565,51,13,1.0
2019-10-27,2019,0,0,HOU,OAK,1553.32261175079,1437.4054265576,0.7391283445296655,27,24,1.0
2019-10-27,2019,0,0,NE,CLE,1720.08737228854,1450.35989103635,0.8728999387381564,27,13,1.0
2019-10-27,2019,0,0,KC,GB,1625.31713865551,1555.82299558307,0.6844310096627424,24,31,0.0
2019-10-28,2019,0,0,PIT,MIA,1547.29016628781,1325.97023875445,0.8386462726501114,27,14,1.0
2019-10-31,2019,0,0,ARI,SF,1382.39704596737,1610.5064238178,0.281115910891356,25,28,0.0
2019-11-03,2019,1,0,JAX,HOU,1479.23149163593,1560.0059083883,0.3858063002115742,3,26,0.0
2019-11-03,2019,0,0,PIT,IND,1554.82586441449,1586.40610460413,0.5479471150645824,26,24,1.0
2019-11-03,2019,0,0,BUF,WSH,1485.36405116043,1348.28115389261,0.7619286807502131,24,9,1.0
2019-11-03,2019,0,0,KC,MIN,1594.99899269535,1618.16460424209,0.5599152468158894,26,23,1.0
2019-11-03,2019,0,0,PHI,CHI,1564.1724980887,1544.53753363763,0.6194461353785632,22,14,1.0
2019-11-03,2019,0,0,MIA,NYJ,1318.43454062777,1326.87894194667,0.5806787136652244,26,18,1.0
2019-11-03,2019,0,0,CAR,TEN,1535.00865348355,1505.88064622587,0.6322413598402246,30,20,1.0
2019-11-03,2019,0,0,SEA,TB,1574.45872778087,1444.23443988596,0.7546931445963736,40,34,1.0
2019-11-03,2019,0,0,OAK,DET,1430.72212992009,1491.54299004694,0.5060139756910399,31,24,1.0
2019-11-03,2019,0,0,LAC,GB,1506.01443841784,1586.14114154323,0.4782446688171065,26,11,1.0
2019-11-03,2019,0,0,DEN,CLE,1432.87922009863,1444.38508413649,0.5763816265461266,24,19,1.0
2019-11-03,2019,0,0,BAL,NE,1602.36514160415,1726.0621791884,0.4163227659868359,37,20,1.0
2019-11-04,2019,0,0,NYG,DAL,1363.76637613557,1559.38793976186,0.3204034864220307,18,37,0.0
2019-11-07,2019,0,0,OAK,LAC,1451.22747897295,1535.14700631517,0.472799492265728,26,24,1.0
2019-11-10,2019,0,0,NYJ,NYG,1308.91390992458,1345.64541839974,0.5405920960446091,34,27,1.0
2019-11-10,2019,0,0,TB,ARI,1435.46566424899,1375.14083774753,0.6729213273374816,30,27,1.0
2019-11-10,2019,0,0,CHI,DET,1528.43380504916,1471.03764099408,0.6691999891570246,20,13,1.0
2019-11-10,2019,0,0,TEN,KC,1488.96735503762,1606.97303888513,0.4243050553597225,35,32,1.0
2019-11-10,2019,0,0,CLE,BUF,1429.56499755453,1497.45491182391,0.4958411749631245,19,16,1.0
2019-11-10,2019,0,0,NO,ATL,1677.66877619932,1401.74707170805,0.8768035886005144,9,26,0.0
2019-11-10,2019,0,0,CIN,BAL,1313.38084196567,1637.03092491053,0.1840854524235455,13,49,0.0
2019-11-10,2019,0,0,IND,MIA,1576.62211415504,1336.39957264986,0.8528338073898538,12,16,0.0
2019-11-10,2019,0,0,GB,CAR,1557.0085736459,1551.9219446718,0.5995165331016619,24,16,1.0
2019-11-10,2019,0,0,PIT,LAR,1564.60985486358,1589.8549233214,0.5569635575249124,17,12,1.0
2019-11-10,2019,0,0,DAL,MIN,1577.50889749769,1606.19055805231,0.5520767479797367,24,28,0.0
2019-11-11,2019,0,0,SF,SEA,1617.76263203764,1583.22750341784,0.63944826391879,24,27,0.0
2019-11-14,2019,0,0,CLE,PIT,1443.56163422515,1580.20435054384,0.3983347185575914,21,7,1.0
2019-11-17,2019,0,0,DET,DAL,1458.00511493845,1559.43994416749,0.4477574341175583,27,35,0.0
2019-11-17,2019,0,0,BAL,HOU,1648.92670802252,1583.65970771662,0.6791519263801795,41,7,1.0
2019-11-17,2019,0,0,IND,JAX,1544.7483685157,1455.57769230761,0.708369395019957,33,13,1.0
2019-11-17,2019,0,0,CAR,ATL,1534.86625498031,1461.72770123654,0.6889445156759428,3,29,0.0
2019-11-17,2019,0,0,TB,NO,1444.04545569706,1617.68814667083,0.3485548487097844,17,34,0.0
2019-11-17,2019,0,0,MIA,BUF,1368.2733182892,1483.45827515329,0.4282761655142653,20,37,0.0
2019-11-17,2019,0,0,MIN,DEN,1624.25951138251,1447.69930668059,0.8006772107735222,27,23,1.0
2019-11-17,2019,0,0,WSH,NYJ,1336.19029322913,1327.77775998688,0.6041044050603176,17,34,0.0
2019-11-17,2019,0,0,SF,ARI,1599.19322127463,1366.56104629946,0.8472649226303978,36,26,1.0
2019-11-17,2019,0,0,PHI,NE,1580.27622667717,1691.39639588202,0.4340148636975522,10,17,0.0
2019-11-17,2019,0,0,OAK,CIN,1462.9117402373,1301.48505885368,0.7864094553772621,17,10,1.0
2019-11-17,2019,0,0,LAR,CHI,1574.26042764114,1541.46633110479,0.6371343925122516,17,7,1.0
2019-11-18,2019,1,0,LAC,KC,1523.46274505082,1590.61731936741,0.40454259980391,17,24,0.0
2019-11-21,2019,0,0,HOU,IND,1562.12055818449,1561.34297692363,0.5935465402169133,20,17,1.0
2019-11-24,2019,0,0,PHI,SEA,1562.59668477878,1601.79691418085,0.5370607592802287,9,17,0.0
2019-11-24,2019,0,0,CLE,MIA,1477.24533533659,1344.06792908211,0.7578266463299154,41,24,1.0
2019-11-24,2019,0,0,WSH,DET,1300.0630241212,1438.64920098689,0.3956565596717717,19,16,1.0
2019-11-24,2019,0,0,CHI,NYG,1524.80469725719,1326.78156833744,0.8196654953974114,19,14,1.0
2019-11-24,2019,0,0,BUF,DEN,1507.66366436038,1441.91812760513,0.679751886723286,20,3,1.0
2019-11-24,2019,0,0,CIN,PIT,1293.43101031742,1546.5206494324,0.2529895486519377,10,16,0.0
2019-11-24,2019,0,0,NO,CAR,1636.88901139018,1486.41074675456,0.7756323445944704,34,31,1.0
2019-11-24,2019,0,0,NYJ,OAK,1363.90502909481,1470.96578877356,0.4397636818239559,34,3,1.0
2019-11-24,2019,0,0,ATL,TB,1510.1832094623,1424.84459097771,0.7037915219493683,22,35,0.0
2019-11-24,2019,0,0,TEN,JAX,1505.32307455534,1438.98308389968,0.6804963502114997,42,20,1.0
2019-11-24,2019,0,0,NE,DAL,1709.07593778041,1578.79585811905,0.7547525971307849,13,9,1.0
2019-11-24,2019,0,0,SF,GB,1605.64520401337,1574.06426333739,0.6355183101127875,37,8,1.0
2019-11-25,2019,0,0,LAR,BAL,1590.92206148874,1670.46585755465,0.4790820117169616,6,45,0.0
2019-11-28,2019,0,0,DET,CHI,1421.31339017093,1530.57691527174,0.4366420824641395,20,24,0.0
2019-11-28,2019,0,0,DAL,BUF,1571.5452402293,1525.13789646837,0.6550500300249075,15,26,0.0
2019-11-28,2019,0,0,ATL,NO,1470.31163242233,1642.55486369059,0.3503862895968609,18,26,0.0
2019-12-01,2019,0,0,NYG,GB,1321.00935032289,1550.31345077796,0.2797281581475998,13,31,0.0
2019-12-01,2019,0,0,CIN,NYJ,1284.36058993638,1403.49454476315,0.4227193417541543,22,6,1.0
2019-12-01,2019,0,0,IND,TEN,1550.40085165208,1524.23034736643,0.6282740600015553,17,31,0.0
2019-12-01,2019,0,0,JAX,TB,1420.07581108859,1464.71616801768,0.5292663897127122,11,28,0.0
2019-12-01,2019,0,0,PIT,CLE,1555.59106981344,1490.08789022267,0.6794481079561834,20,13,1.0
2019-12-01,2019,0,0,BAL,SF,1705.57924519318,1629.3960165728,0.6926879639834055,20,17,1.0
2019-12-01,2019,0,0,CAR,WSH,1480.74489445415,1317.39883493716,0.7882594498699627,21,29,0.0
2019-12-01,2019,0,0,MIA,PHI,1331.22537419603,1538.71576723971,0.3057125816613984,37,31,1.0
2019-12-01,2019,0,0,ARI,LAR,1360.10906356072,1555.80867385021,0.3203056673891806,7,34,0.0
2019-12-01,2019,0,0,KC,OAK,1606.943421992,1431.37627310522,0.7997633296427002,40,9,1.0
2019-12-01,2019,0,0,DEN,LAC,1424.44389549714,1507.13664242623,0.474560077185128,23,20,1.0
2019-12-01,2019,0,0,HOU,NE,1573.06268345604,1716.32655567016,0.3892364101688462,28,22,1.0
2019-12-02,2019,0,0,SEA,MIN,1625.67783171992,1630.04069045797,0.5863885077940385,37,30,1.0
2019-12-05,2019,0,0,CHI,DAL,1544.354676131,1537.25397739718,0.6022969524944486,31,24,1.0
2019-12-08,2019,0,0,ATL,CAR,1455.62978020505,1442.0934597148,0.6111363683113797,40,20,1.0
2019-12-08,2019,0,0,CLE,CIN,1477.50304040896,1317.89698322011,0.7846437902472198,27,19,1.0
2019-12-08,2019,0,0,BUF,BAL,1559.42915930049,1713.58592200803,0.3744372103134439,17,24,0.0
2019-12-08,2019,0,0,HOU,DEN,1597.70929540402,1439.13029387094,0.7836430765873041,24,38,0.0
2019-12-08,2019,0,0,MIN,DET,1613.30047162954,1407.53562931167,0.8261592245465791,20,7,1.0
2019-12-08,2019,0,0,NO,SF,1657.23671590787,1621.38933975795,0.6411880071933855,46,48,0.0
2019-12-08,2019,0,0,TB,IND,1495.59748809239,1514.90177564254,0.5653848359682444,38,35,1.0
2019-12-08,2019,0,0,GB,WSH,1565.64154231217,1356.05026967651,0.82930001216524,20,15,1.0
2019-12-08,2019,0,0,NYJ,MIA,1369.95815147942,1360.1170599904,0.606069448872402,22,21,1.0
2019-12-08,2019,0,0,JAX,LAC,1389.19449101388,1492.45024405243,0.4451669649840886,10,45,0.0
2019-12-08,2019,0,0,NE,KC,1691.67994372218,1619.45468044459,0.6878167539591544,16,23,0.0
2019-12-08,2019,0,0,ARI,PIT,1339.95963918571,1568.17591962715,0.2809915654926152,17,23,0.0
2019-12-08,2019,0,0,OAK,TEN,1418.86501465263,1559.72942337597,0.392525036030865,21,42,0.0
2019-12-08,2019,0,0,LAR,SEA,1575.95809822522,1642.41805054835,0.4978989720814466,28,12,1.0
2019-12-09,2019,0,0,PHI,NYG,1509.82408144534,1305.68125878868,0.8248141428488568,23,17,1.0
2019-12-12,2019,0,0,BAL,NYJ,1728.55182268931,1375.23952321232,0.9174352493365332,42,21,1.0
2019-12-15,2019,0,0,GB,CHI,1571.07983275278,1560.36981599811,0.6072630216876754,21,13,1.0
2019-12-15,2019,0,0,KC,DEN,1649.96314414374,1486.37446446151,0.7884924632905496,23,3,1.0
2019-12-15,2019,0,0,CAR,SEA,1419.2315119746,1613.94797073783,0.3215390424371997,24,30,0.0
2019-12-15,2019,0,0,DET,TB,1399.36563528767,1507.40238227455,0.4383799803777538,17,38,0.0
2019-12-15,2019,0,0,WSH,PHI,1350.6119792359,1515.89882977825,0.3595546715832057,27,37,0.0
2019-12-15,2019,0,0,NYG,MIA,1299.60651045577,1354.8356882575,0.5140576376638823,36,20,1.0
2019-12-15,2019,0,0,TEN,HOU,1583.18675590069,1550.46512481345,0.6370379455884684,21,24,0.0
2019-12-15,2019,0,0,CIN,NE,1309.30994614491,1661.17148002303,0.1609322845659404,13,34,0.0
2019-12-15,2019,0,0,LAC,MIN,1523.81021124819,1621.47046565354,0.4531360753644697,10,39,0.0
2019-12-15,2019,0,0,OAK,JAX,1395.40768212791,1357.83452381812,0.643470354459037,16,20,0.0
2019-12-15,2019,0,0,ARI,CLE,1329.77922907297,1486.09007748416,0.3715372812686588,38,24,1.0
2019-12-15,2019,0,0,SF,ATL,1636.15451152584,1478.49172794525,0.7827475205456637,22,29,0.0
2019-12-15,2019,0,0,DAL,LAR,1521.23883753007,1604.42817803574,0.4738473239708567,44,21,1.0
2019-12-15,2019,0,0,PIT,BUF,1578.35632973989,1544.46325861921,0.6385957018208929,10,17,0.0
2019-12-16,2019,0,0,NO,IND,1642.47154413998,1503.09688146038,0.7643134308211695,34,7,1.0
2019-12-21,2019,0,0,TB,HOU,1533.98342237668,1568.9485823295,0.5431162584757772,20,23,0.0
2019-12-21,2019,0,0,NE,BUF,1669.97282852798,1572.2717371635,0.7184088761475821,24,17,1.0
2019-12-21,2019,0,0,SF,LAR,1599.93518652474,1570.70654096997,0.6323760486398666,34,31,1.0
2019-12-22,2019,0,0,WSH,NYG,1334.12026400815,1327.02032565761,0.6022959040195557,35,41,0.0
2019-12-22,2019,0,0,TEN,NO,1564.70329838464,1656.84353777467,0.4610213074717276,28,38,0.0
2019-12-22,2019,0,0,IND,CAR,1488.72488782569,1407.41454271198,0.6989346821277662,38,6,1.0
2019-12-22,2019,0,0,NYJ,PIT,1370.95077179863,1550.5478511956,0.3408128878857476,16,10,1.0
2019-12-22,2019,0,0,ATL,JAX,1514.71105294635,1379.55996605524,0.7599056432141231,24,12,1.0
2019-12-22,2019,0,0,CLE,BAL,1450.57797842262,1732.840574103,0.2225852123203907,15,31,0.0
2019-12-22,2019,0,0,MIA,CIN,1327.42187305566,1300.50859763996,0.6292720907423817,38,35,1.0
2019-12-22,2019,0,0,LAC,OAK,1493.43701401806,1373.68223989079,0.7433653125023847,17,24,0.0
2019-12-22,2019,0,0,DEN,DET,1474.70787980991,1372.78459518554,0.7232994956665749,27,17,1.0
2019-12-22,2019,0,0,SEA,ARI,1625.76494000045,1365.29132813451,0.8668715912557412,13,27,0.0
2019-12-22,2019,0,0,PHI,DAL,1532.390545006,1554.96047459584,0.5607600180499548,17,9,1.0
2019-12-22,2019,0,0,CHI,KC,1543.68536203331,1661.62972879534,0.4243912776237294,3,26,0.0
2019-12-23,2019,0,0,MIN,GB,1651.84366288367,1587.76428671758,0.6776603976191977,10,23,0.0
2019-12-29,2019,0,0,NE,MIA,1680.87742430832,1337.28842109985,0.9130952388613,24,27,0.0
2019-12-29,2019,0,0,DET,GB,1360.45046134698,1625.76136068786,0.2399265521055582,20,23,0.0
2019-12-29,2019,0,0,TB,ATL,1518.71661676158,1526.00055645277,0.5823043885071284,22,28,0.0
2019-12-29,2019,0,0,MIN,CHI,1613.84658891339,1517.34450462293,0.7170105079284214,19,21,0.0
2019-12-29,2019,0,0,CAR,NO,1387.67384849579,1678.68372320571,0.2139938364756136,10,42,0.0
2019-12-29,2019,0,0,KC,LAC,1687.97058620572,1459.68701355604,0.8439972967427625,31,21,1.0
2019-12-29,2019,0,0,CIN,CLE,1290.64204959577,1439.09896849877,0.3821537457789877,33,23,1.0
2019-12-29,2019,0,0,BUF,NYJ,1561.36714138316,1398.01490922375,0.7882653804284206,6,13,0.0
2019-12-29,2019,0,0,DEN,OAK,1487.04201364847,1407.43224035281,0.6968707704833724,16,15,1.0
2019-12-29,2019,0,0,JAX,IND,1368.27046254882,1508.46558204188,0.393444097606858,38,20,1.0
2019-12-29,2019,0,0,BAL,PIT,1744.31958402685,1523.48371377048,0.8382688569200891,28,10,1.0
2019-12-29,2019,0,0,LAR,ARI,1560.93247572242,1420.39399261721,0.7655181283606773,31,24,1.0
2019-12-29,2019,0,0,DAL,WSH,1536.02352247293,1309.88575963761,0.8423640046012155,47,16,1.0
2019-12-29,2019,0,0,NYG,PHI,1351.25483002815,1551.32749712891,0.3148501473611358,17,34,0.0
2019-12-29,2019,0,0,HOU,TEN,1584.2153879446,1542.8631129536,0.6484454307871061,14,35,0.0
2019-12-29,2019,0,0,SEA,SF,1570.66227551775,1609.70925177229,0.5372800894069923,21,26,0.0
2020-01-04,2019,0,1,HOU,BUF,1542.09159482626,1524.78724135976,0.6162785001753872,22,19,1.0
2020-01-04,2019,0,1,NE,TEN,1649.7868334529,1584.98690607194,0.6785657669658507,13,20,0.0
2020-01-05,2019,0,1,NO,MIN,1692.25422318856,1596.84410480098,0.7157333282561831,20,26,0.0
2020-01-05,2019,0,1,PHI,SEA,1568.47535527305,1551.17889970902,0.616267748827622,9,17,0.0
2020-01-11,2019,0,1,SF,MIN,1629.19262758102,1626.88991030393,0.5956628076959655,27,10,1.0
2020-01-11,2019,0,1,BAL,TEN,1752.7485915294,1614.97708237574,0.7626469716430816,12,28,0.0
2020-01-12,2019,0,1,KC,HOU,1694.57209697917,1552.3469500457,0.7672564391213346,51,31,1.0
2020-01-12,2019,0,1,GB,SEA,1631.85839935054,1579.31289442705,0.662989779883698,28,23,1.0
2020-01-19,2019,0,1,KC,TEN,1707.52397717462,1662.57936214379,0.6531449428081411,35,24,1.0
2020-01-19,2019,0,1,SF,GB,1651.8724977481,1643.32268994627,0.604293379331941,37,20,1.0
2020-02-02,2019,1,1,KC,SF,1723.94156010318,1674.00727853106,0.5713704704830219,31,20,1.0
2020-09-10,2020,0,0,KC,HOU,1664.8472507563,1527.93004656683,0.7617556234419874,34,20,1.0
2020-09-13,2020,0,0,ATL,SEA,1534.51556573532,1546.89906922088,0.5751476029998406,25,38,0.0
2020-09-13,2020,0,0,BAL,CLE,1638.43087450757,1440.53333230626,0.8195586107690566,38,6,1.0
2020-09-13,2020,0,0,CAR,OAK,1417.73556567529,1437.32610815023,0.5649798831816134,30,34,0.0
2020-09-13,2020,0,0,JAX,IND,1438.50258514562,1482.65477791485,0.5299664494662789,27,20,1.0
2020-09-13,2020,0,0,NE,MIA,1581.53110476607,1413.91934130351,0.7923288905103788,21,11,1.0
2020-09-13,2020,0,0,BUF,NYJ,1511.35459076021,1458.06320616477,0.6639484515376263,27,17,1.0
2020-09-13,2020,0,0,MIN,GB,1571.1400267579,1582.45860610887,0.5766448393914209,34,43,0.0
2020-09-13,2020,0,0,WSH,PHI,1368.49082524672,1528.56090703668,0.3664986291391949,27,17,1.0
2020-09-13,2020,0,0,DET,CHI,1404.5689484562,1524.56465915689,0.4215092683241263,23,27,0.0
2020-09-13,2020,0,0,CIN,LAC,1382.62734642343,1470.39033518839,0.4672882175579576,13,16,0.0
2020-09-13,2020,0,0,SF,ARI,1603.78530833319,1442.65026627615,0.7861273305522946,20,24,0.0
2020-09-13,2020,0,0,NO,TB,1609.80561179041,1498.62921640758,0.7338320826505118,34,23,1.0
2020-09-13,2020,0,0,LAR,DAL,1548.23404595027,1532.11536282697,0.6146631900170971,20,17,1.0
2020-09-14,2020,0,0,NYG,PIT,1391.07131458934,1511.70313751195,0.42061664612853,16,26,0.0
2020-09-14,2020,0,0,DEN,TEN,1495.65672785063,1599.10785281015,0.4448892007926965,14,16,0.0
2020-09-17,2020,0,0,CLE,CIN,1429.26195559423,1369.80404629252,0.6718220080003543,35,30,1.0
2020-09-20,2020,0,0,MIA,BUF,1404.91221674474,1526.64857955406,0.4190679402093887,28,31,0.0
2020-09-20,2020,0,0,NYJ,SF,1442.76921737092,1575.58185019549,0.403630425924648,13,31,0.0
2020-09-20,2020,0,0,TEN,JAX,1608.71515334757,1457.86722628058,0.7760024473832371,33,30,1.0
2020-09-20,2020,0,0,IND,MIN,1463.29013677989,1543.9203734166,0.4775214438344232,28,11,1.0
2020-09-20,2020,0,0,CHI,NYG,1537.80162085984,1371.39693115711,0.7911832393906062,17,13,1.0
2020-09-20,2020,0,0,GB,DET,1609.67825945017,1391.33198675325,0.8363164745895523,42,21,1.0
2020-09-20,2020,0,0,PHI,LAR,1496.80731899952,1558.53792493455,0.5047048974019721,19,37,0.0
2020-09-20,2020,0,0,PIT,DEN,1531.37752094418,1486.04942731321,0.6536448708055616,26,21,1.0
2020-09-20,2020,0,0,TB,CAR,1486.38193254475,1399.16628249294,0.7060390717164754,31,17,1.0
2020-09-20,2020,0,0,DAL,ATL,1521.81148384269,1503.41479134028,0.6177643928744232,40,39,1.0
2020-09-20,2020,0,0,ARI,WSH,1470.85372441385,1400.24441328388,0.6858158657757227,30,15,1.0
2020-09-20,2020,0,0,LAC,KC,1483.2136353193,1676.66606788782,0.3231284407315246,20,23,0.0
2020-09-20,2020,0,0,HOU,BAL,1516.11122943531,1649.7022512196,0.4025523148159708,16,33,0.0
2020-09-20,2020,0,0,SEA,NE,1577.99984361592,1590.53822932484,0.5749297298417716,35,30,1.0
2020-09-21,2020,0,0,OAK,NO,1455.89539133258,1622.05289565324,0.358401373194474,34,24,1.0
2020-09-24,2020,0,0,JAX,MIA,1452.2115855479,1393.58529907348,0.6707656714091186,13,31,0.0
2020-09-27,2020,0,0,NE,OAK,1575.66053206257,1488.1481201421,0.7063935006760398,36,20,1.0
2020-09-27,2020,0,0,PHI,CIN,1467.04162910093,1358.67340590286,0.7306627556439421,23,23,0.5
2020-09-27,2020,0,0,BUF,LAR,1537.97549722532,1588.30361483314,0.5211019938524423,35,32,1.0
2020-09-27,2020,0,0,PIT,HOU,1543.19651050807,1493.54429844225,0.6592584084954063,28,21,1.0
2020-09-27,2020,0,0,ATL,CHI,1498.30941323958,1543.88346110585,0.5279270965908579,26,30,0.0
2020-09-27,2020,0,0,MIN,TEN,1513.50110984697,1614.37079408025,0.4485620001658003,30,31,0.0
2020-09-27,2020,0,0,NYG,SF,1365.3150909111,1598.64039844194,0.2750881718883121,9,36,0.0
2020-09-27,2020,0,0,CLE,WSH,1440.39259598389,1383.833899395,0.6681319218202252,34,20,1.0
2020-09-27,2020,0,0,LAC,CAR,1474.74885000624,1384.27535111034,0.7099162646920861,16,21,0.0
2020-09-27,2020,0,0,IND,NYJ,1493.70940034952,1419.71066912447,0.690004645043416,36,7,1.0
2020-09-27,2020,0,0,SEA,DAL,1592.87754087819,1526.91686194339,0.6800214256766446,38,31,1.0
2020-09-27,2020,0,0,DEN,TB,1474.23043774932,1501.27286392735,0.5544090416346135,10,28,0.0
2020-09-27,2020,0,0,ARI,DET,1487.26423830273,1382.36750194219,0.7267120327526846,23,26,0.0
2020-09-27,2020,0,0,NO,GB,1589.80016684372,1618.64274426123,0.551847671111069,30,37,0.0
2020-09-28,2020,0,0,BAL,KC,1672.26918221266,1685.13085320088,0.574474870034691,20,34,0.0
2020-10-01,2020,0,0,NYJ,DEN,1399.87669635512,1441.00877789457,0.5342947632926471,28,37,0.0
2020-10-04,2020,0,0,TB,LAC,1534.4945237821,1447.37431398868,0.7059250323483842,38,31,1.0
2020-10-04,2020,0,0,MIA,SEA,1435.4377157846,1605.43741664957,0.3533315511220334,23,31,0.0
2020-10-04,2020,0,0,CIN,JAX,1365.70826840719,1410.35916883678,0.5292512683540253,33,25,1.0
2020-10-04,2020,0,0,WSH,BAL,1366.80074044206,1640.39976549606,0.2313342627133343,17,31,0.0
2020-10-04,2020,0,0,CAR,ARI,1411.6498871279,1465.42928059732,0.516142139141849,31,21,1.0
2020-10-04,2020,0,0,DET,NO,1404.2024596476,1566.46596531982,0.3635720452851375,29,35,0.0
2020-10-04,2020,0,0,HOU,MIN,1480.07519170863,1507.38248072104,0.5540323557567841,23,31,0.0
2020-10-04,2020,0,0,DAL,CLE,1514.35698617201,1457.42575493683,0.6686072497601839,38,49,0.0
2020-10-04,2020,0,0,LAR,NYG,1575.11370671488,1348.28508158659,0.8428913691062858,17,9,1.0
2020-10-04,2020,0,0,CHI,IND,1561.02816616358,1513.54337311887,0.6564501468676186,11,19,0.0
2020-10-04,2020,0,0,OAK,BUF,1472.5896927803,1551.16540534358,0.4804729159878239,23,30,0.0
2020-10-04,2020,0,0,SF,PHI,1615.67040776645,1460.0067665966,0.7807841760955005,20,25,0.0
2020-10-05,2020,0,0,KC,NE,1717.00026991748,1591.21895942437,0.7499274708451392,26,10,1.0
2020-10-05,2020,0,0,GB,ATL,1641.97694578513,1481.16470818185,0.7858147411535535,30,16,1.0
2020-10-08,2020,0,0,CHI,TB,1530.62637113269,1545.93378393067,0.5710296974910715,20,19,1.0
2020-10-11,2020,0,0,WSH,LAR,1355.35655618124,1581.20920197957,0.2837486664232802,10,30,0.0
2020-10-11,2020,0,0,BAL,CIN,1651.84394975688,1386.20549114455,0.8702654640775547,27,3,1.0
2020-10-11,2020,0,0,PIT,PHI,1556.66561724169,1491.10557763337,0.6795193919154442,38,29,1.0
2020-10-11,2020,0,0,HOU,JAX,1455.30411746986,1389.86194609942,0.6793716141875512,30,14,1.0
2020-10-11,2020,0,0,KC,OAK,1730.03968436867,1452.72993611537,0.8776640895288824,32,40,0.0
2020-10-11,2020,0,0,ATL,CAR,1470.64407733118,1434.73694630625,0.6412671406771083,16,23,0.0
2020-10-11,2020,0,0,NYJ,ARI,1375.00164241102,1442.34222141897,0.4966316869972015,10,30,0.0
2020-10-11,2020,0,0,SF,MIA,1584.57159672968,1420.61804106515,0.788842538315648,17,43,0.0
2020-10-11,2020,0,0,DAL,NYG,1479.17876130096,1342.1895863219,0.761830803592633,37,34,1.0
2020-10-11,2020,0,0,CLE,IND,1492.60397980788,1543.94516814976,0.519646489704361,32,23,1.0
2020-10-11,2020,0,0,SEA,MIN,1620.25709136902,1532.15355495981,0.7070987483885375,27,26,1.0
2020-10-12,2020,0,0,NO,LAC,1580.01645936101,1435.93505384011,0.7691591368249502,30,27,1.0
2020-10-13,2020,0,0,TEN,BUF,1620.48942320618,1571.02516200851,0.6590153248981255,42,16,1.0
2020-10-18,2020,0,0,MIN,ATL,1528.35727415949,1442.69247392226,0.7041828046041915,23,40,0.0
2020-10-18,2020,0,0,PIT,CLE,1570.59750046376,1514.58858392093,0.6674298150502322,38,7,1.0
2020-10-18,2020,0,0,NYG,WSH,1336.14143457913,1339.25615107631,0.5881300198275853,20,19,1.0
2020-10-18,2020,0,0,TEN,HOU,1641.85441673774,1472.45536019211,0.7940167061014342,42,36,1.0
2020-10-18,2020,0,0,NE,DEN,1578.17954497318,1465.88383183867,0.7350887089692932,12,18,0.0
2020-10-18,2020,0,0,PHI,BAL,1477.1736944113,1659.1047150535,0.3378010196166404,28,30,0.0
2020-10-18,2020,0,0,CAR,CHI,1462.68854971517,1536.44180588429,0.487405716322606,16,23,0.0
2020-10-18,2020,0,0,IND,CIN,1521.96056403671,1378.94472584793,0.768068244881297,31,27,1.0
2020-10-18,2020,0,0,JAX,DET,1372.71070337717,1390.65196560641,0.5673118446875602,16,34,0.0
2020-10-18,2020,0,0,MIA,NYJ,1478.65596217852,1344.79365438891,0.7585494798138557,24,0,1.0
2020-10-18,2020,0,0,TB,GB,1540.11834917907,1652.4975766358,0.4322353489077458,38,10,1.0
2020-10-18,2020,0,0,SF,LAR,1526.53367561631,1597.3096070845,0.4916885321135672,24,16,1.0
2020-10-19,2020,0,0,BUF,KC,1549.66016847695,1684.36430620528,0.4010122261128185,17,26,0.0
2020-10-19,2020,0,0,DAL,ARI,1485.22691304373,1472.55020944108,0.6099597540477281,10,38,0.0
2020-10-22,2020,0,0,PHI,NYG,1470.12603381604,1341.69494641027,0.7527771068386627,22,21,1.0
2020-10-25,2020,0,0,HOU,GB,1465.21073891014,1613.4193567642,0.3824912862686027,20,35,0.0
2020-10-25,2020,0,0,WSH,DAL,1333.70263924517,1442.64515495388,0.4370966874076966,25,3,1.0
2020-10-25,2020,0,0,NO,CAR,1585.86125522092,1442.49824805106,0.7684240595858819,27,24,1.0
2020-10-25,2020,0,0,TEN,PIT,1649.09903801971,1592.44766164432,0.6682502067617823,24,27,0.0
2020-10-25,2020,0,0,CIN,CLE,1372.12404420204,1492.73842274037,0.42064111800511,34,37,0.0
2020-10-25,2020,0,0,NYJ,BUF,1330.53824400065,1531.76001603915,0.3134249608276773,10,18,0.0
2020-10-25,2020,0,0,ATL,DET,1486.39220835644,1424.79050253653,0.6745370561448227,22,23,0.0
2020-10-25,2020,0,0,OAK,TB,1498.40531427875,1579.19656905067,0.4772901932920352,20,45,0.0
2020-10-25,2020,0,0,LAC,JAX,1430.0902579802,1338.57216644705,0.7111530206448609,39,29,1.0
2020-10-25,2020,0,0,DEN,KC,1496.99976405636,1702.26445864308,0.3084387400528219,16,43,0.0
2020-10-25,2020,0,0,NE,SF,1547.06361275549,1548.92996436037,0.5898696378710866,6,33,0.0
2020-10-25,2020,0,0,ARI,SEA,1515.13196753093,1624.05337216934,0.4371265880548635,37,34,1.0
2020-10-26,2020,0,0,LAR,CHI,1574.91331834044,1556.6321075484,0.6176074083278007,24,10,1.0
2020-10-29,2020,0,0,CAR,ATL,1436.63309132257,1476.47016287278,0.5361491821212897,17,25,0.0
2020-11-01,2020,0,0,MIA,LAR,1492.91137256678,1594.86867316702,0.4470138633307442,28,17,1.0
2020-11-01,2020,0,0,BAL,PIT,1666.15237564876,1612.05997559806,0.664976486532101,24,28,0.0
2020-11-01,2020,0,0,CLE,OAK,1504.11351694164,1467.52581197271,0.6421678824739848,6,16,0.0
2020-11-01,2020,0,0,KC,NYJ,1721.58806865016,1317.56804504341,0.9370205237799336,35,9,1.0
2020-11-01,2020,0,0,GB,MIN,1633.85621251549,1484.65753972531,0.7743478745126486,22,28,0.0
2020-11-01,2020,0,0,DET,IND,1434.71254802019,1528.7812456826,0.4582641206202925,21,41,0.0
2020-11-01,2020,0,0,BUF,NE,1544.73021499639,1506.5908355436,0.644217770721933,24,21,1.0
2020-11-01,2020,0,0,CIN,TEN,1360.74895000077,1629.48672406597,0.2363476370813283,31,20,1.0
2020-11-01,2020,0,0,DEN,LAC,1477.67615404928,1443.02268213143,0.6396053114441634,31,30,1.0
2020-11-01,2020,0,0,CHI,NO,1536.67675272182,1591.72641194941,0.5143157776703479,23,26,0.0
2020-11-01,2020,0,0,SEA,SF,1608.12929477159,1589.40274157226,0.6182126663570331,37,27,1.0
2020-11-01,2020,0,0,PHI,DAL,1473.27629015712,1406.62611366241,0.6808844462653955,23,9,1.0
2020-11-02,2020,0,0,NYG,TB,1338.54469006919,1610.07607135671,0.2334574814685022,23,25,0.0
2020-11-05,2020,0,0,SF,GB,1571.76429627938,1600.46933732322,0.5520434655212751,17,34,0.0
2020-11-08,2020,0,0,TEN,CHI,1587.66125061666,1522.35210276958,0.6792047922564614,24,17,1.0
2020-11-08,2020,0,0,JAX,HOU,1325.63974229582,1444.77388315885,0.4227190804222775,25,27,0.0
2020-11-08,2020,0,0,KC,CAR,1725.00995511727,1412.79968893975,0.8976513702401842,33,31,1.0
2020-11-08,2020,0,0,BUF,SEA,1554.15284556575,1625.76774006447,0.4904815516742413,44,34,1.0
2020-11-08,2020,0,0,WSH,NYG,1369.72168053664,1333.85533199942,0.6412131331915106,20,23,0.0
2020-11-08,2020,0,0,ATL,DEN,1500.3035652556,1482.45578231663,0.6170179926141776,34,27,1.0
2020-11-08,2020,0,0,IND,BAL,1556.32126612261,1643.52259227614,0.4680931397513402,10,24,0.0
2020-11-08,2020,0,0,MIN,DET,1518.04441491758,1407.17252758018,0.7334895635420094,34,20,1.0
2020-11-08,2020,0,0,LAC,OAK,1438.24305386408,1499.81377495712,0.504934968799675,26,31,0.0
2020-11-08,2020,0,0,DAL,PIT,1390.31836659134,1634.68975897068,0.2625910516316235,19,24,0.0
2020-11-08,2020,0,0,ARI,MIA,1531.05604492868,1520.8633093731,0.6065526274402168,31,34,0.0
2020-11-08,2020,0,0,TB,NO,1614.76542942648,1606.05106190165,0.6045198737280251,3,38,0.0
2020-11-09,2020,0,0,NYJ,NE,1314.1461585763,1497.16820497424,0.3363975708758362,27,30,0.0
2020-11-12,2020,0,0,TEN,IND,1600.25670165657,1531.2221596294,0.683859304106022,17,34,0.0
2020-11-15,2020,0,0,GB,JAX,1632.91686400115,1316.57471276122,0.8998160071416239,24,20,1.0
2020-11-15,2020,0,0,CLE,HOU,1471.82555395723,1453.83891269345,0.6172068626988942,10,7,1.0
2020-11-15,2020,0,0,NYG,PHI,1352.48780288035,1489.58403722819,0.397709203357401,27,17,1.0
2020-11-15,2020,0,0,DET,WSH,1393.80655428201,1351.08920965571,0.6502346689478355,30,27,1.0
2020-11-15,2020,0,0,CAR,TB,1410.88000686733,1569.93722344324,0.3678533949072375,23,46,0.0
2020-11-15,2020,0,0,OAK,DEN,1517.93646417088,1467.10604989893,0.6607803075521802,37,12,1.0
2020-11-15,2020,0,0,ARI,BUF,1513.64370732358,1578.66197646369,0.4999737085939746,32,30,1.0
2020-11-15,2020,0,0,MIA,LAC,1538.2756469782,1420.12036465032,0.741604850999666,29,21,1.0
2020-11-15,2020,0,0,LAR,SEA,1566.9167363607,1601.25860916653,0.5440064321184054,23,16,1.0
2020-11-15,2020,0,0,NO,SF,1650.87926788489,1539.31676960145,0.7342659783391571,27,13,1.0
2020-11-15,2020,0,0,PIT,CIN,1643.39037637379,1402.57442345008,0.8532620210455575,36,10,1.0
2020-11-15,2020,0,0,NE,BAL,1506.02024608328,1668.62169876935,0.3631220285584882,23,17,1.0
2020-11-16,2020,0,0,CHI,MIN,1509.75665172967,1531.41038821575,0.5620586361989413,13,19,0.0
2020-11-19,2020,0,0,SEA,ARI,1582.55501399244,1524.63049912751,0.6698729282302078,28,21,1.0
2020-11-22,2020,0,0,NO,ATL,1664.20242986275,1515.6532976733,0.7736938669631457,24,9,1.0
2020-11-22,2020,0,0,WSH,CIN,1341.84430835946,1394.08238900312,0.5183576228657796,20,9,1.0
2020-11-22,2020,0,0,CAR,DET,1388.45748539805,1403.05145557826,0.5720354089243852,20,0,1.0
2020-11-22,2020,0,0,JAX,PIT,1313.82631448519,1651.88241082075,0.1719546360070892,3,27,0.0
2020-11-22,2020,0,0,BAL,TEN,1642.68488406001,1558.15980458662,0.7028143083986913,24,30,0.0
2020-11-22,2020,0,0,HOU,NE,1443.61142640094,1531.95706079262,0.4664534044325114,27,20,1.0
2020-11-22,2020,0,0,CLE,PHI,1482.05304024974,1459.72078297441,0.6230994751351188,22,17,1.0
2020-11-22,2020,0,0,LAC,NYJ,1409.63800298662,1305.29411746726,0.7260795340708582,34,28,1.0
2020-11-22,2020,0,0,DEN,MIA,1446.10742152511,1548.7580086419,0.4460275582186409,20,13,1.0
2020-11-22,2020,0,0,MIN,DAL,1553.72434886032,1381.61774918823,0.7965541611450148,28,31,0.0
2020-11-22,2020,0,0,IND,GB,1573.31905669935,1635.66526227718,0.5038190429020188,34,31,1.0
2020-11-22,2020,0,0,OAK,KC,1538.9350925447,1726.92963718969,0.3300379297888141,31,35,0.0
2020-11-23,2020,0,0,TB,LAR,1592.35974491252,1585.62033153479,0.6017986788802185,24,27,0.0
2020-11-26,2020,0,0,DET,HOU,1377.57618469652,1466.03899910247,0.4662855317538284,25,41,0.0
2020-11-26,2020,0,0,DAL,WSH,1406.37068576464,1365.64298220359,0.6476253901514177,16,41,0.0
2020-11-29,2020,0,0,CIN,NYG,1370.28371515899,1382.35105713413,0.5755922573744336,17,19,0.0
2020-11-29,2020,0,0,NYJ,MIA,1295.39556150436,1525.31778882035,0.2790118082187975,3,20,0.0
2020-11-29,2020,0,0,BUF,LAC,1567.67518465976,1419.53655894952,0.7732798463511764,27,17,1.0
2020-11-29,2020,0,0,NE,ARI,1509.52948809109,1511.6274430756,0.5895470630033618,20,17,1.0
2020-11-29,2020,0,0,ATL,OAK,1504.21455451701,1528.87405966342,0.5577951527632935,43,6,1.0
2020-11-29,2020,0,0,JAX,CLE,1303.9785688752,1495.04366005076,0.3261414588419722,25,27,0.0
2020-11-29,2020,0,0,IND,TEN,1587.05953922326,1587.5066613585,0.5918446288713468,26,45,0.0
2020-11-29,2020,0,0,MIN,CAR,1528.97141228391,1413.93275627979,0.738152044644121,28,27,1.0
2020-11-29,2020,0,0,DEN,NO,1469.54764134666,1675.64117301904,0.3074219603336833,3,31,0.0
2020-11-29,2020,0,0,LAR,SF,1602.86816542009,1525.99360762359,0.6935344588376435,20,23,0.0
2020-11-29,2020,0,0,TB,KC,1575.11191102722,1736.99067007097,0.3640846720987334,24,27,0.0
2020-11-29,2020,0,0,GB,CHI,1621.92477975327,1487.4426910851,0.7592023172420767,41,25,1.0
2020-11-30,2020,0,0,PHI,SEA,1446.73016317339,1595.55807004435,0.3816496365937051,17,23,0.0
2020-12-02,2020,0,0,PIT,BAL,1661.73015643074,1613.33802728813,0.6576271013847999,19,14,1.0
2020-12-06,2020,0,0,MIN,JAX,1532.3268046627,1297.20088552531,0.8491133338352503,27,24,1.0
2020-12-06,2020,0,0,CHI,DET,1474.93241926682,1351.43326887422,0.7474556950763696,30,34,0.0
2020-12-06,2020,0,0,TEN,CLE,1624.03875510107,1501.82134340065,0.7460603876319021,35,41,0.0
2020-12-06,2020,0,0,NYJ,OAK,1280.39138715294,1497.28218227971,0.2943491955121462,28,31,0.0
2020-12-06,2020,0,0,MIA,CIN,1540.32196317177,1357.32486684834,0.8065249145951466,19,7,1.0
2020-12-06,2020,0,0,ATL,NO,1535.80643190072,1695.09701684895,0.3675410653271091,16,21,0.0
2020-12-06,2020,0,0,HOU,IND,1492.18191492477,1550.52744548069,0.5095753804866509,20,26,0.0
2020-12-06,2020,0,0,SEA,NYG,1609.86600434879,1395.30990544478,0.8333078251810354,12,17,0.0
2020-12-06,2020,0,0,ARI,LAR,1500.5636066599,1582.31378756157,0.4759132106434861,28,38,0.0
2020-12-06,2020,0,0,LAC,NE,1409.62388676767,1520.59332450679,0.4342280179922245,0,45,0.0
2020-12-06,2020,0,0,GB,PHI,1634.43505157155,1432.42222886895,0.8230353799641438,30,16,1.0
2020-12-06,2020,0,0,KC,DEN,1746.65946740744,1450.09179751675,0.88907731932453,22,16,1.0
2020-12-07,2020,0,0,PIT,WSH,1673.3977827343,1409.9739634173,0.8688193085373987,17,23,0.0
2020-12-07,2020,0,0,SF,BUF,1546.54798548211,1577.58785684161,0.5487175017335773,24,34,0.0
2020-12-08,2020,0,0,BAL,DAL,1601.67040098457,1362.03970455093,0.8524056946558618,34,17,1.0
2020-12-10,2020,0,0,LAR,NE,1604.96512739564,1553.16284519557,0.6620331876097927,24,3,1.0
2020-12-13,2020,0,0,MIA,KC,1549.24156812413,1750.36704273151,0.3135442598536198,27,33,0.0
2020-12-13,2020,0,0,CIN,DAL,1348.40526189598,1354.54538367336,0.5839049991833258,7,30,0.0
2020-12-13,2020,0,0,CHI,HOU,1448.61810004332,1472.28998855271,0.5591969928823158,36,7,1.0
2020-12-13,2020,0,0,JAX,TEN,1293.5196202553,1592.30272683067,0.2065638113826371,10,31,0.0
2020-12-13,2020,0,0,NYG,ARI,1429.51857780991,1477.91226682583,0.5238802202819774,7,26,0.0
2020-12-13,2020,0,0,CAR,DEN,1410.577363901,1446.38422219268,0.5419137156219057,27,32,0.0
2020-12-13,2020,0,0,TB,MIN,1565.44311369075,1536.00806993271,0.6326522160771372,26,14,1.0
2020-12-13,2020,0,0,OAK,IND,1504.91621178248,1570.41937185275,0.4992758949579798,27,44,0.0
2020-12-13,2020,0,0,SEA,NYJ,1575.65733198366,1272.75735765017,0.8926214835625742,40,3,1.0
2020-12-13,2020,0,0,LAC,ATL,1377.05436607889,1523.17682504454,0.3853316618924195,20,17,1.0
2020-12-13,2020,0,0,SF,WSH,1519.82005987008,1449.72032822768,0.6851834599150545,15,23,0.0
2020-12-13,2020,0,0,PHI,NO,1423.87501780442,1707.72662370513,0.2210064097253743,24,21,1.0
2020-12-13,2020,0,0,DET,GB,1377.74758809772,1642.98226263608,0.2400065789026568,24,31,0.0
2020-12-13,2020,0,0,BUF,PIT,1604.31578245364,1633.65141792392,0.551145630479548,26,15,1.0
2020-12-14,2020,0,0,CLE,BAL,1533.55737167105,1609.16472186214,0.4847395371444207,42,47,0.0
2020-12-17,2020,0,0,OAK,LAC,1476.06095231986,1394.74906259689,0.6989365531152538,27,30,0.0
2020-12-19,2020,0,0,DEN,BUF,1466.06495851498,1626.26715132339,0.3663220779934553,19,48,0.0
2020-12-19,2020,0,0,GB,CAR,1652.13116163858,1390.8966275787,0.867376279775101,24,16,1.0
2020-12-20,2020,0,0,BAL,JAX,1626.45210347306,1281.97631946658,0.9134994570365378,40,14,1.0
2020-12-20,2020,0,0,IND,HOU,1599.27463131537,1442.85772776864,0.7815254449593052,27,20,1.0
2020-12-20,2020,0,0,DAL,SF,1392.67926665232,1487.74001886669,0.4568467284508473,41,33,1.0
2020-12-20,2020,0,0,WSH,SEA,1481.80036923107,1582.35009213886,0.4490176312857685,15,20,0.0
2020-12-20,2020,0,0,TEN,DET,1603.84602761939,1368.59868909522,0.8492028608861463,46,25,1.0
2020-12-20,2020,0,0,MIA,NE,1537.75003035418,1533.32279669,0.5986048353819708,22,12,1.0
2020-12-20,2020,0,0,MIN,CHI,1517.93911110311,1478.05036082739,0.6465225035919275,27,33,0.0
2020-12-20,2020,0,0,ATL,TB,1505.48212852654,1583.51207252035,0.4812571896133001,27,31,0.0
2020-12-20,2020,0,0,LAR,NYJ,1624.80517590121,1266.06459749497,0.9197715288932582,20,23,0.0
2020-12-20,2020,0,0,ARI,PHI,1509.53909400588,1447.85920530373,0.6746358524299779,33,26,1.0
2020-12-20,2020,0,0,NO,KC,1683.74243620582,1761.85858050146,0.4811333128763432,29,32,0.0
2020-12-20,2020,0,0,NYG,CLE,1397.89175062986,1516.26999006013,0.4237812779869903,6,20,0.0
2020-12-21,2020,0,0,CIN,PIT,1310.27137891702,1611.70004905417,0.2040789890148278,27,17,1.0
2020-12-25,2020,0,0,NO,MIN,1670.48164751496,1491.51794284014,0.8028761052921535,52,33,1.0
2020-12-26,2020,0,0,DET,TB,1360.39578233747,1598.91193505844,0.2691696966005262,7,47,0.0
2020-12-26,2020,0,0,ARI,SF,1522.33386307931,1463.54076645723,0.6709776943543343,12,20,0.0
2020-12-26,2020,0,0,OAK,MIA,1455.30171478487,1556.41119575896,0.4482205815173368,25,26,0.0
2020-12-27,2020,0,0,HOU,CIN,1434.60246909964,1353.03812175564,0.6992422664274579,31,37,0.0
2020-12-27,2020,0,0,PIT,IND,1568.93330621555,1607.52988998437,0.5379245903390603,28,24,1.0
2020-12-27,2020,0,0,KC,ATL,1775.11936919232,1490.08226598845,0.8823604688955451,17,14,1.0
2020-12-27,2020,0,0,JAX,CHI,1277.16921072553,1504.47152909036,0.2820557350750151,17,41,0.0
2020-12-27,2020,0,0,BAL,NYG,1631.25921221411,1375.48303023851,0.863719892603113,27,13,1.0
2020-12-27,2020,0,0,NYJ,CLE,1297.64965709549,1538.67871045148,0.2663336167183315,23,16,1.0
2020-12-27,2020,0,0,LAC,DEN,1415.50830013188,1442.17988092029,0.5549363499870053,19,16,1.0
2020-12-27,2020,0,0,WSH,CAR,1465.9656106854,1385.82117630043,0.6975205274280379,13,20,0.0
2020-12-27,2020,0,0,DAL,PHI,1416.87851906178,1435.0644362303,0.5669661062668575,37,17,1.0
2020-12-27,2020,0,0,SEA,LAR,1598.18485068453,1593.22011630069,0.5993480500597544,20,9,1.0
2020-12-27,2020,0,0,GB,TEN,1657.20661291685,1612.04893437714,0.6534227482514887,40,14,1.0
2020-12-28,2020,0,0,NE,BUF,1514.66163128522,1650.15222891808,0.3999252686902237,9,38,0.0
2021-01-03,2020,0,0,CIN,BAL,1382.19372511224,1637.70101712118,0.2503684611768954,3,38,0.0
2021-01-03,2020,0,0,DET,MIN,1341.86565062738,1480.88630451672,0.3950586836358294,35,37,0.0
2021-01-03,2020,0,0,NYG,DAL,1369.04122533144,1442.69675756088,0.4875462641403654,23,19,1.0
2021-01-03,2020,0,0,NE,NYJ,1488.3017378602,1330.81570611266,0.7825744468820315,28,14,1.0
2021-01-03,2020,0,0,BUF,MIA,1676.5121223431,1562.52451209683,0.7369809358789826,56,26,1.0
2021-01-03,2020,0,0,CLE,PIT,1505.51266143431,1583.63055012057,0.4811308060712173,24,22,1.0
2021-01-03,2020,0,0,TB,ATL,1617.44206676853,1487.26832543439,0.7546392730326908,44,27,1.0
2021-01-03,2020,0,0,DEN,OAK,1430.05139887337,1449.188398447,0.5656214508625028,31,32,0.0
2021-01-03,2020,0,0,CHI,GB,1521.38202556364,1678.96250089327,0.3698323603148356,16,35,0.0
2021-01-03,2020,0,0,KC,LAC,1777.93330974638,1427.6367821788,0.9161106882828336,21,38,0.0
2021-01-03,2020,0,0,IND,JAX,1592.83264607935,1260.25871425225,0.9079301167085894,28,14,1.0
2021-01-03,2020,0,0,LAR,ARI,1573.92217836299,1491.09001071895,0.7007748525872741,18,7,1.0
2021-01-03,2020,0,0,CAR,NO,1416.87929062627,1681.11328583838,0.2410588637436667,7,33,0.0
2021-01-03,2020,0,0,HOU,TEN,1405.44686574304,1590.29304640072,0.3340575275947691,38,41,0.0
2021-01-03,2020,0,0,SF,SEA,1494.78461881759,1617.48278862223,0.4177206605817239,23,26,0.0
2021-01-03,2020,0,0,PHI,WSH,1409.2461977312,1434.90749635956,0.5563722484333286,14,20,0.0
2021-01-09,2020,0,1,BUF,IND,1693.21711914965,1597.05601541947,0.7166120650780547,27,24,1.0
2021-01-09,2020,0,1,SEA,LAR,1628.7684810046,1587.85675555671,0.6478670951882367,20,30,0.0
2021-01-09,2020,0,1,WSH,TB,1456.9547361768,1630.46996656274,0.3487214693659227,23,31,0.0
2021-01-10,2020,0,1,TEN,BAL,1599.07659899522,1654.21500371709,0.5141881664036676,13,20,0.0
2021-01-10,2020,0,1,NO,CHI,1695.68359887576,1500.11846470766,0.817564555392034,21,9,1.0
2021-01-10,2020,0,1,PIT,CLE,1572.16144208436,1516.98176947052,0.6663694062404442,37,48,0.0
2021-01-16,2020,0,1,GB,LAR,1700.22606174924,1620.49853499295,0.697013940301398,32,18,1.0
2021-01-16,2020,0,1,BUF,BAL,1700.53800894625,1675.6957768823,0.6264865897061107,17,3,1.0
2021-01-17,2020,0,1,KC,CLE,1712.65208960953,1552.012725206,0.7856472018819719,22,17,1.0
2021-01-17,2020,0,1,NO,TB,1704.05129354753,1645.07400833565,0.6712117251885137,20,30,0.0
2021-01-24,2020,0,1,GB,TB,1715.62318735277,1679.18625484534,0.6419684209259112,26,31,0.0
2021-01-24,2020,0,1,KC,BUF,1719.6189211602,1719.97414925088,0.5919724066050531,38,24,1.0
2021-02-07,2020,1,1,TB,KC,1703.30329600465,1741.08727932497,0.4458378304058082,31,9,1.0
